name_league,goals_against,played,avg_goals_against
Bundesliga,597,376,1.5877659574468086
LALIGA,601,456,1.3179824561403508
Premier League,720,518,1.38996138996139
Serie A,579,478,1.211297071129707
