id,player_name,games,time,goals,xG,assists,xA,shots,key_passes,yellow_cards,red_cards,position,team_title,npg,npxG,xGChain,xGBuildup,League,tackles
3423,Kylian Mbappe-Lottin,24,2066,23,21.64780845120549,4,6.512941654771566,111,54,3,0,F S,Real Madrid,15,14.95830949023366,22.23695385456085,6.07964757271111,La_Liga,0
9002,Vedat Muriqi,28,2340,18,16.52774311415851,1,1.3022852363064883,86,15,3,1,F S,Mallorca,13,11.32479969970882,11.87207306176424,2.892682891804725,La_Liga,3
1235,Ante Budimir,28,2234,14,12.601044425740838,0,0.8396249487996101,75,12,1,0,F S,Osasuna,10,8.884656293317676,7.843566739931703,0.8724451065063477,La_Liga,12
11527,Lamine Yamal,25,2058,14,11.81193819642067,9,11.09273935854435,99,64,1,0,F M S,Barcelona,12,9.582105360925198,30.488716147840023,15.110027767717838,La_Liga,20
2234,Mikel Oyarzabal,26,2210,12,13.63562272116542,3,5.215658290311694,68,34,2,0,F S,Real Sociedad,7,9.919362623244524,18.368024706840515,6.343306541442871,La_Liga,13
6441,Ferrán Torres,26,1599,12,13.690469084307551,1,2.1071850527077918,57,17,1,0,F M S,Barcelona,12,13.690469084307551,18.96031825616956,4.167934372089803,La_Liga,5
227,Robert Lewandowski,24,1169,11,13.87701639905572,1,1.707246646285057,54,9,2,0,F S,Barcelona,10,11.647183615714312,15.945915907621384,5.279547857120633,La_Liga,3
2543,Borja Iglesias,26,1527,11,9.881765931844711,2,1.6599800884723663,41,17,6,0,F S,Celta Vigo,8,7.65193310752511,11.871004719287155,3.712372947484255,La_Liga,3
7008,Vinícius Júnior,28,2220,11,12.23895648866892,5,5.269209910184145,80,50,6,0,F M S,Real Madrid,7,8.522568330168724,18.059335008263588,6.646538320928812,La_Liga,14
8026,Raphinha,20,1336,11,9.96858157776296,3,5.760370654985309,58,38,4,0,F M S,Barcelona,8,7.738748712465167,17.740480542182922,7.480321377515793,La_Liga,5
6531,Alexander Sørloth,28,1562,10,9.739260882139206,0,1.2237359210848808,53,10,4,1,F S,Atletico Madrid,10,9.739260882139206,11.063541221432388,1.8048440488055348,La_Liga,6
8107,Jorge De Frutos,27,1986,10,9.610572976991534,1,2.5769353192299604,44,24,3,0,F M S,Rayo Vallecano,9,8.867295308038592,12.197536155581474,1.5291771087795496,La_Liga,12
1189,Lucas Boyé,23,1757,9,9.740091940388083,1,2.599700415506959,54,23,2,1,F M S,Alaves,7,8.2535366024822,11.545124039053915,3.659004306420684,La_Liga,24
6637,Hugo Duro,28,1538,9,7.09738864004612,0,1.60314504429698,28,15,4,1,F S,Valencia,8,6.354111030697823,8.786383114755154,2.341400707140565,La_Liga,6
8187,Georges Mikautadze,24,1631,9,12.018502527847886,5,3.5720873419195414,49,21,1,0,F S,Villarreal,9,12.018502527847886,15.837759101763368,1.2050323570147157,La_Liga,3
12160,Alberto Moleiro,28,1943,9,5.2085331454873085,4,4.693152310326695,40,30,3,0,F M S,Villarreal,9,5.2085331454873085,12.85078970901668,3.946495827287436,La_Liga,13
14041,Vladyslav Vanat,26,1992,9,9.496832385659218,1,2.104125237092376,27,12,4,0,F,Girona,6,7.2669995576143265,8.851113688200712,1.6265962794423103,La_Liga,3
2120,Gerard Moreno,15,882,8,5.30874203518033,0,2.707541406154633,27,19,0,0,F S,Villarreal,6,3.822186801582575,7.115302219986916,3.3820960335433483,La_Liga,6
2589,Rafa Mir,24,1624,8,7.06235602684319,0,1.7095182929188013,61,9,3,0,F M S,Elche,7,5.5759286899119616,10.386111969128253,4.549745937809348,La_Liga,5
5682,Gonçalo Guedes,29,1701,8,3.6678883749991655,4,2.4575627762824297,39,22,2,0,F M S,Real Sociedad,8,3.6678883749991655,10.41217865422368,6.727982435375452,La_Liga,15
6954,Juan Camilo Hernández,24,2012,8,9.01383611559868,3,4.052454952150583,69,28,3,0,F S,Real Betis,7,8.270558506250381,14.67040878534317,3.643833636306226,La_Liga,0
10846,Julián Álvarez,29,1926,8,8.894600672647357,4,6.265264900401235,54,47,2,0,F S,Atletico Madrid,6,6.664767829701304,17.452052727341652,7.806348083540797,La_Liga,13
2335,Pablo Fornals,29,2284,7,4.325887472368777,4,5.704167081043124,36,62,2,0,M S,Real Betis,7,4.325887472368777,18.84322072565556,10.570572829805316,La_Liga,24
6170,André Silva,22,1293,7,7.611753669567406,0,1.3463149517774582,39,18,2,0,F S,Elche,6,6.868476060219109,7.36215646751225,1.4066880866885183,La_Liga,3
6400,Antonio Martínez,28,1977,7,8.288906879723072,3,2.579630177468061,65,17,1,0,F S,Alaves,7,8.288906879723072,10.899265697225928,2.868497032672167,La_Liga,0
8292,Dani Olmo,24,1527,7,7.493288075551391,6,4.715681498870254,59,39,0,0,F M S,Barcelona,7,7.493288075551391,17.963930897414684,8.412144117057323,La_Liga,19
8549,Ferrán Jutglà,21,1212,7,4.207337108440697,2,1.243216693401337,34,10,4,0,F M S,Celta Vigo,7,4.207337108440697,6.125709868967533,2.296138502657413,La_Liga,2
11094,Antony,24,1896,7,6.596224976703525,5,5.417783286422491,65,45,4,1,F M S,Real Betis,7,6.596224976703525,17.606633134186268,8.303991530556232,La_Liga,17
11783,Akor Adams,24,1561,7,8.590853436850011,3,0.8678716141730547,51,9,1,0,F S,Sevilla,5,7.104298188351095,8.510286423377693,1.0918212365359068,La_Liga,2
13769,Carlos Espí,16,537,7,4.426788009703159,0,0.0527638792991638,22,2,1,0,F S,Levante,7,4.426788009703159,4.027129665017128,0.2314327731728553,La_Liga,2
2270,Antoine Griezmann,26,926,6,5.957592325285077,1,2.708324141800404,34,23,0,0,F S,Atletico Madrid,6,5.957592325285077,12.557632450014353,5.732781030237675,La_Liga,6
3264,Mauro Arambarri,29,2566,6,6.646038103848696,2,0.7791327722370625,49,16,4,0,M,Getafe,4,5.159482892602682,4.6753889583051205,1.355175810866058,La_Liga,39
4175,Pere Milla,26,1669,6,6.59700583666563,0,3.451936149969697,53,30,5,1,F M S,Espanyol,6,6.59700583666563,9.01368466950953,2.475787584669888,La_Liga,18
5074,Kike García,28,1303,6,7.616363426670432,1,2.525304735638201,47,17,3,0,F S,Espanyol,5,6.873085817322135,10.917238383553922,2.01322328671813,La_Liga,0
7020,Gorka Guruzeta,26,1715,6,8.9389584697783,1,2.419727431610226,60,17,2,1,F M S,Athletic Club,5,8.195680860430002,11.469725269824266,2.596785439178348,La_Liga,3
10930,Etta Eyong,26,1603,6,9.068126692436635,4,2.7090571746230125,41,13,2,0,F S,"Levante,Villarreal",6,8.324849068187177,9.730580468662083,1.178514687344432,La_Liga,0
12322,Tajon Buchanan,27,1514,6,2.429425321519375,1,2.5965847074985504,22,15,7,0,F M S,Villarreal,6,2.429425321519375,7.17885777913034,2.39107268769294,La_Liga,17
13350,Roberto Fernández,29,1847,6,6.948044228367508,2,3.0181825878098607,47,16,3,0,F S,Espanyol,5,6.20476661901921,9.540608800947666,1.8411927334964275,La_Liga,2
13705,Federico Viñas,25,1811,6,7.342111151665449,1,2.2035685516893864,41,20,2,3,F M S,Real Oviedo,4,5.855555899441242,7.1135666109621525,2.2448016721755266,La_Liga,25
2624,Djibril Sow,25,1780,5,1.4747036397457125,1,1.313968263566494,17,17,3,0,M S,Sevilla,5,1.4747036397457125,4.805037090554833,3.251688916236162,La_Liga,21
5656,Nicolas Pepe,28,1883,5,7.339526172727346,4,5.428611272946,51,41,3,0,F M S,Villarreal,5,7.339526172727346,16.894307700917125,6.338614026084542,La_Liga,17
6227,Brais Méndez,25,1502,5,4.047323151491582,2,2.945758767426014,30,24,4,1,F M S,Real Sociedad,4,3.3040454974398017,10.312659204006197,5.22501037362963,La_Liga,14
8042,Raul García,27,708,5,5.567171934992075,0,0.4014175999909639,27,7,1,1,F S,Osasuna,5,5.567171934992075,4.910937689244747,0.6412789802998304,La_Liga,0
8765,Roberto Navarro,24,855,5,3.0039532454684377,1,1.3722321689128876,14,17,1,0,M S,Athletic Club,5,3.0039532454684377,4.594656081870198,1.441140165552497,La_Liga,7
9275,Iván Romero,25,1905,5,7.560880269855261,1,2.6742485649883747,49,22,3,0,F M S,Levante,5,7.560880269855261,11.816202626563609,3.212211892008781,La_Liga,19
10095,Abdessamad Ezzalzouli,20,1549,5,7.518654249608517,5,4.762765573337674,56,20,3,0,F M S,Real Betis,5,7.518654249608517,14.09522856771946,3.85291594453156,La_Liga,0
10974,Samú Costa,26,2070,5,2.3377073192968965,0,0.9610254997387528,25,10,9,0,M S,Mallorca,5,2.3377073192968965,6.782000491395593,3.801934643648565,La_Liga,24
10975,Largie Ramazani,18,680,5,4.536105655133724,1,1.5589784448966384,29,14,4,0,F M S,Valencia,2,2.3062727712094784,5.893988715484738,2.2813218366354704,La_Liga,6
11186,Alvaro Rodríguez,25,1620,5,9.138823713175952,4,3.278163105249405,55,27,0,0,F S,Elche,5,9.138823713175952,11.897693588398395,2.143536671064794,La_Liga,7
11322,Viktor Tsygankov,23,1868,5,4.829901099205017,4,3.101370452903211,33,34,2,0,F M S,Girona,5,4.829901099205017,10.048029012978075,3.267964717000723,La_Liga,0
11402,Carlos Romero,27,2408,5,2.5455135125666857,2,2.718666941858828,29,22,3,0,D,Espanyol,5,2.5455135125666857,8.966624435037374,5.869679752737284,La_Liga,45
11822,Fermín López,23,1307,5,5.307659815996885,8,6.7624260894954205,49,29,2,0,M S,Barcelona,5,5.307659815996885,19.7584907412529,10.060842774808409,La_Liga,14
12294,Carlos Vicente,21,1250,5,3.714753158390522,0,3.857187973335385,12,26,1,0,F M S,Alaves,2,1.4849203303456306,5.572600442916155,1.6297904159873724,La_Liga,18
13279,Víctor Muñoz,29,2317,5,6.418245373293757,2,2.028915739618242,70,22,3,0,F M S,Osasuna,5,6.418245373293757,10.364211224019527,3.382559017278254,La_Liga,13
556,Marcus Rashford,24,1327,4,7.008541365154088,6,4.088109420612454,65,36,2,0,F M S,Barcelona,4,7.008541365154088,14.217994539998472,6.653702098876238,La_Liga,8
2252,Borja Mayoral,14,1066,4,3.4059319589287043,1,0.5318673253059387,14,4,0,0,F S,Getafe,4,2.662654304876924,2.5814429819583893,0.4337698817253113,La_Liga,5
2290,Iago Aspas,24,781,4,4.172246567904949,3,3.763258198276162,24,27,2,0,F M S,Celta Vigo,2,2.685691349208355,9.68513727094978,5.424367590807378,La_Liga,9
2478,Carlos Soler,24,1632,4,2.5125684309750795,2,2.957922083325684,26,32,2,1,M S,Real Sociedad,4,2.5125684309750795,7.560584180057049,4.688498826697469,La_Liga,16
6241,Federico Valverde,28,2315,4,1.85920100659132,7,4.4698388539254665,43,39,2,1,D F M S,Real Madrid,4,1.85920100659132,15.872256208211184,12.494503013789654,La_Liga,23
6427,Aitor Ruibal,23,1513,4,3.270938235335052,2,1.795642390847206,26,19,3,0,D F M S,Real Betis,4,3.270938235335052,8.719459788873792,4.320894371718168,La_Liga,22
7071,Álvaro García,29,1908,4,6.508965473622084,4,5.597865770570934,44,34,3,0,F M S,Rayo Vallecano,4,6.508965473622084,12.44237762503326,1.9527512323111296,La_Liga,15
8230,German Valera,28,2248,4,2.137265430763364,4,5.251459565013647,23,33,3,0,D F M S,Elche,4,2.137265430763364,11.296977836638687,6.962097346782684,La_Liga,34
8328,Azz-Eddine Ounahi,15,1036,4,2.279971159994602,2,3.118229366838932,33,20,5,0,M S,Girona,4,2.279971159994602,6.631295256316662,3.932954106479883,La_Liga,0
8696,Pape Alassane Gueye,23,1622,4,3.895491391420365,2,2.028848580084741,37,21,7,0,M S,Villarreal,3,3.152213759720325,11.33349584043026,7.526589522138238,La_Liga,0
8824,Jude Bellingham,19,1313,4,6.213099502027035,3,2.522140357643366,36,30,1,0,M S,Real Madrid,4,6.213099502027035,10.187230922281742,5.948564546182752,La_Liga,32
9211,Nico Williams,19,1335,4,4.948663843795657,2,3.842061704955995,37,27,1,0,M S,Athletic Club,3,3.462108565494418,9.563533578068018,3.1625841185450554,La_Liga,6
12035,Gonzalo García,23,641,4,4.135629843920469,0,0.9051337353885174,14,8,1,0,F S,Real Madrid,4,4.135629843920469,5.918490953743458,1.594462912529707,La_Liga,7
12190,Arda Güler,29,1901,4,4.680065466091037,8,8.10534912161529,46,63,1,0,F M S,Real Madrid,4,4.680065466091037,14.440162312239408,7.492338296025991,La_Liga,26
12305,Isaac Romero,21,1076,4,5.025856643915176,0,0.9144617542624474,31,10,5,1,F S,Sevilla,4,4.282579004764557,6.045663895085454,1.4224946331232786,La_Liga,5
13048,Orri Óskarsson,12,285,4,3.0511378906667237,0,0.3993293642997741,9,2,2,0,F S,Real Sociedad,4,3.0511378906667237,3.7819634340703487,0.3314962089061737,La_Liga,0
13701,Ilyas Chaira,27,1793,4,5.392758371308446,1,1.598657631315291,54,12,1,1,F M S,Real Oviedo,4,5.392758371308446,8.953908767551184,3.042753230780363,La_Liga,27
498,Alexis Sánchez,21,1062,3,2.633772913366556,1,1.4784129671752453,20,22,1,0,F M S,Sevilla,2,1.8904952947050333,5.285785891115665,2.72717170510441,La_Liga,9
1709,Cristhian Stuani,13,197,3,3.813407562673092,0,0.0526840537786483,8,1,2,0,F S,Girona,0,0.8402970358729362,1.3176345080137253,0.5094254016876221,La_Liga,3
2306,Cédric Bakambu,15,405,3,4.317924939095974,0,0.5586347421631217,20,3,0,0,F S,Real Betis,3,4.317924939095974,4.749095726758242,1.0260755307972431,La_Liga,2
6168,Leandro Cabrera,28,2520,3,2.899823421612382,0,0.8916055969893932,32,9,2,0,D,Espanyol,3,2.899823421612382,6.54849405027926,6.162016473710537,La_Liga,20
7070,Santiago Comesaña,27,1906,3,4.6401277333498,5,2.7733572348952293,22,21,4,1,M S,Villarreal,3,4.6401277333498,15.669643598608673,9.985496244393287,La_Liga,0
7074,Nicolás González,21,1313,3,4.920811899006367,0,1.7062745168805122,40,11,3,0,D F M S,Atletico Madrid,3,4.920811899006367,8.968414030969143,4.512239260599017,La_Liga,13
7308,Ander Barrenetxea,23,1382,3,2.28756211232394,3,5.709337087348104,27,37,2,0,F M S,Real Sociedad,3,2.28756211232394,9.976671589538457,4.778176676481962,La_Liga,10
7779,Oihan Sancet,22,1531,3,6.669009603559971,0,1.3745818119496107,42,25,4,1,M S,Athletic Club,1,5.182582251727581,7.098940411582589,2.0623400546610355,La_Liga,6
7810,Ruben Vargas,15,1027,3,2.413185510784388,4,1.841875471174717,24,12,1,0,F M S,Sevilla,2,1.669907879084349,4.516196243464947,1.843827260658145,La_Liga,9
7825,Iker Losada,17,630,3,2.1271424889564514,1,0.3605967964977026,13,9,1,0,M S,Levante,3,2.1271424889564514,2.063571389764548,0.2847637943923473,La_Liga,8
8066,Arnaut Danjuma Groeneveld,26,1550,3,5.174550708383322,2,3.26465561427176,35,12,0,0,F M S,Valencia,3,4.431273099035025,8.92186763882637,1.9616652689874168,La_Liga,0
8091,Ronald Araújo,18,808,3,2.221388068050146,0,0.0791825000196695,9,2,2,0,D S,Barcelona,3,2.221388068050146,4.918225325644016,4.4002367705106735,La_Liga,7
9001,Martín Satriano,10,889,3,1.8423563688993452,0,1.0825234614312649,18,8,4,0,F M,Getafe,3,1.8423563688993452,4.075361292809248,1.4027966484427452,La_Liga,8
9694,Diego López,26,1340,3,2.7840157272294164,0,1.352105898782611,21,10,2,0,F M S,Valencia,3,2.7840157272294164,5.447056084871292,1.5190730411559343,La_Liga,10
9796,Giuliano Simeone,26,1892,3,5.377896117046475,6,5.314427062869072,33,28,1,0,D F M S,Atletico Madrid,3,5.377896117046475,17.065104331821203,8.368341002613306,La_Liga,20
9812,Isi Palazón,28,2064,3,4.175288739614189,3,3.839110977947712,41,34,9,0,F M S,Rayo Vallecano,1,2.6887334790080786,10.269229779019952,6.520700868219137,La_Liga,0
10078,Hugo Álvarez,20,956,3,1.0004114173352718,1,1.8073408026248217,7,21,2,0,D F S,Celta Vigo,3,1.0004114173352718,5.721818355843425,4.048084910959005,La_Liga,6
10870,Williot Swedberg,21,867,3,3.5519397780299187,2,1.229947291314602,18,6,2,0,F M S,Celta Vigo,3,3.5519397780299187,5.988252740353346,2.333692591637373,La_Liga,10
11025,Pablo Torre,26,970,3,1.3600184302777052,2,1.6714036725461483,12,22,3,0,M S,Mallorca,3,1.3600184302777052,3.849226403981447,1.6511206440627575,La_Liga,8
11264,Carlos Álvarez,26,1820,3,2.535831674002111,1,4.416497340425849,28,37,3,0,M S,Levante,3,2.535831674002111,10.155631511472166,5.520392747595906,La_Liga,13
13358,Thiago Almada,20,916,3,3.392496343702078,1,1.9072739090770483,17,19,1,0,F M S,Atletico Madrid,3,3.392496343702078,8.14032656699419,3.722634542733431,La_Liga,12
13700,Alberto Reina,28,1765,3,2.6572005059570074,0,1.6957196919247508,16,22,4,1,F M S,Real Oviedo,3,2.6572005059570074,5.897276874631643,2.6197450822219253,La_Liga,12
13789,Adrián Liso,23,1434,3,2.5819152016192675,0,0.1294377446174621,23,3,3,1,F M S,Getafe,3,2.5819152016192675,2.922922555357218,0.3200403545051813,La_Liga,15
770,Ayoze Pérez,18,836,2,3.328026592731476,3,1.6663309633731842,13,12,3,0,F S,Villarreal,2,3.328026592731476,6.518595054745674,1.6010967921465635,La_Liga,10
813,Salomón Rondón,16,1054,2,3.783308571204543,0,0.1934819892048835,24,5,2,0,F S,Real Oviedo,2,3.0400309544056654,3.1170474737882614,0.3357116375118494,La_Liga,0
2183,Rubén García,26,1658,2,1.296526838093996,5,4.768462466076016,20,32,5,0,F M S,Osasuna,2,1.296526838093996,5.236607015132904,3.2855006521567702,La_Liga,26
2269,Koke,27,1735,2,0.7595302611589432,2,2.626644784584641,10,28,4,0,M S,Atletico Madrid,2,0.7595302611589432,11.581912524998188,10.414683701470494,La_Liga,22
2399,Iñaki Williams,21,1500,2,6.027419654652476,4,2.766031127423048,45,15,1,0,F M S,Athletic Club,1,5.284142045304179,8.385294573381543,2.5642187483608723,La_Liga,7
2551,Pepelu,23,1731,2,3.219678146764636,0,1.2045606933534143,22,20,3,0,M S,Valencia,1,0.9898452814668416,5.619259526021779,5.170427340082824,La_Liga,0
3425,Thomas Lemar,19,986,2,1.6924519538879397,1,1.2024975586682558,15,15,2,0,M S,Girona,2,1.6924519538879397,5.315510630141944,3.1069687767885625,La_Liga,9
5091,Alex Berenguer,24,1798,2,4.513072959147394,3,5.258485611528158,37,44,4,0,F M S,Athletic Club,2,4.513072959147394,9.655457258224487,3.67282048240304,La_Liga,12
5556,Ademola Lookman,7,343,2,2.120290078222752,0,0.7812299206852913,13,4,1,0,F M S,Atletico Madrid,2,2.120290078222752,2.6883168630301952,1.016980603337288,La_Liga,1
5681,Giovani Lo Celso,17,1098,2,2.733913687989116,2,2.545758880674839,27,24,3,0,M S,Real Betis,2,2.733913687989116,9.471436057239773,5.745127160102129,La_Liga,10
6933,Javi Puado,10,687,2,4.838970278389752,0,0.9579164311289788,15,10,2,0,F M S,Espanyol,1,3.3524150969460607,3.2629179880023003,1.2333675622940063,La_Liga,2
7604,Alejandro Catena,27,2363,2,2.2585138333961368,2,1.0749874860048294,14,9,8,1,D,Osasuna,2,2.2585138333961368,4.134894231334329,3.2577871922403574,La_Liga,0
7842,Aleix Febas,28,2495,2,1.9752380400896072,1,1.1884401654824617,20,22,7,0,M,Elche,2,1.9752380400896072,14.271700967103245,12.209466218948364,La_Liga,34
7870,Luis Rioja,28,1998,2,1.8364594653248787,5,2.841838140040636,34,29,1,0,D F M S,Valencia,2,1.8364594653248787,6.588907115161419,3.202702172100544,La_Liga,16
8001,Takefusa Kubo,18,1203,2,2.50237294472754,3,3.2718304209411144,25,26,0,0,F M S,Real Sociedad,2,2.50237294472754,6.794313784688711,3.013954009860754,La_Liga,15
8122,Sergio Carreira,25,1954,2,1.520052356645465,1,1.0122397849336269,12,16,2,0,D S,Celta Vigo,2,1.520052356645465,10.71142879128456,9.092280708253384,La_Liga,15
8417,Álex Baena,20,1101,2,1.5188072193413973,2,3.784933036193252,21,34,3,0,M S,Atletico Madrid,2,1.5188072193413973,7.69203444942832,3.5967280883342028,La_Liga,7
8733,Alfonso Espino,22,1034,2,1.87794469576329,0,1.467127053067088,15,10,2,0,D M S,Rayo Vallecano,2,1.87794469576329,4.651878159493208,2.061149563640356,La_Liga,21
8935,Pedri,21,1462,2,2.22481007874012,7,4.546026181429625,17,47,0,1,M S,Barcelona,2,2.22481007874012,18.91538655012846,14.392252549529076,La_Liga,24
8963,Nahuel Molina,21,1019,2,0.2873736880719661,1,1.352904925122857,10,13,3,0,D S,Atletico Madrid,2,0.2873736880719661,6.782564908266068,5.627252541482449,La_Liga,17
9040,Conor Gallagher,19,630,2,1.2670744927600026,0,0.4999467879533767,13,4,2,0,M S,Atletico Madrid,2,1.2670744927600026,6.03503056243062,4.425485637038946,La_Liga,12
9815,Pathé Ciss,21,1432,2,3.047410293482244,0,0.2659869743511081,15,10,5,2,D M S,Rayo Vallecano,2,3.047410293482244,7.868488920852542,6.130731143057346,La_Liga,25
10319,Adrián De la Fuente,25,1991,2,2.322043658234179,1,0.9636285891756416,26,9,5,0,D S,Levante,1,1.5787660414353013,3.81400138232857,3.4790526498109102,La_Liga,15
10382,Eray Cömert,12,921,2,1.3032667636871338,0,0.1295950748026371,5,2,2,0,D S,Valencia,2,1.3032667636871338,4.72102490440011,3.701267596334219,La_Liga,11
10576,Álvaro Fernández,24,1974,2,0.4011697340756655,2,1.4240361377596855,8,23,5,1,D S,Real Madrid,2,0.4011697340756655,13.349826410412788,12.124297957867384,La_Liga,0
10944,Fran Pérez,25,1087,2,1.9216631539165971,1,1.6743681291118264,15,13,4,0,F M S,Rayo Vallecano,2,1.9216631539165971,5.639231521636248,2.506514579057693,La_Liga,0
10952,Joel Roca,24,1025,2,2.92173233255744,1,0.8328595533967018,34,10,3,1,F M S,Girona,2,2.92173233255744,4.9715007673949,1.355542490258813,La_Liga,8
11154,Pablo Durán,22,1066,2,3.4569044653326277,2,2.004020149819553,28,8,0,0,F M S,Celta Vigo,2,3.4569044653326277,5.588451433926821,0.9843918522819876,La_Liga,8
11208,Mateo Joseph,28,1688,2,5.396834125742316,2,1.489400270394981,33,12,2,0,F M S,Mallorca,2,5.396834125742316,7.118238538503647,1.723413680680096,La_Liga,19
11349,Mario Martín,27,1624,2,2.3378630317747597,0,0.301588854752481,22,7,9,0,F M S,Getafe,2,2.3378630317747597,2.8505058009177446,1.324617674574256,La_Liga,28
11943,Dean Huijsen,21,1596,2,2.2335619535297155,2,1.1454473715275526,17,10,5,1,D S,Real Madrid,2,2.2335619535297155,7.878905065357685,7.471894185990095,La_Liga,11
12263,Mikel Jauregizar,28,2299,2,1.089722279459238,0,1.2458198824897408,31,21,4,0,M S,Athletic Club,2,1.089722279459238,7.496104037389159,5.888147560879588,La_Liga,38
12286,Nobel Mendy,18,1444,2,2.1846237517893314,0,0.0392255298793315,11,2,4,2,D S,Rayo Vallecano,2,2.1846237517893314,2.7797193061560392,2.68996337428689,La_Liga,8
12643,Javier Rueda,20,967,2,1.5871453676372766,4,2.876114832237363,10,10,4,0,D S,Celta Vigo,2,1.5871453676372766,6.815731287002564,4.661232613027096,La_Liga,0
12742,Peque,21,856,2,0.7329471576958895,1,0.6110825892537832,14,15,6,0,F M S,Sevilla,2,0.7329471576958895,2.532624928280711,1.491572609171271,La_Liga,6
12820,Marc Bernal,16,503,2,0.9174209907650948,1,0.6727183200418949,5,5,3,0,M S,Barcelona,2,0.9174209907650948,4.098093166947365,3.689307065680623,La_Liga,13
12862,Luka Sucic,14,571,2,1.1555777955800297,1,0.2508108150213957,15,5,1,0,F M S,Real Sociedad,2,1.1555777955800297,1.6653651045635345,0.3182320231571793,La_Liga,3
13201,Raúl,19,1332,2,1.406356928870082,0,0.2085437588393688,13,4,3,0,D S,Real Madrid,2,1.406356928870082,6.317444033920765,6.09959514439106,La_Liga,12
13361,Jones El Abdellaoui,19,544,2,2.2783313244581223,0,0.5126708522439003,15,9,0,0,D F M S,Celta Vigo,2,2.2783313244581223,3.500459600239992,1.2866902276873589,La_Liga,0
13840,Martim Neto,22,1193,2,1.0407912489026785,5,2.7006499022245407,12,23,2,0,F M S,Elche,2,1.0407912489026785,6.052790826186538,4.205918209627271,La_Liga,9
13996,Tani Oluwaseyi,23,602,2,3.547338616102934,1,1.7641931250691414,15,4,1,0,F S,Villarreal,2,3.547338616102934,5.471443223766983,0.230652779340744,La_Liga,3
14388,Luis Vázquez,9,742,2,0.8718868503347039,0,0.0973719879984855,11,1,0,0,F,Getafe,2,0.8718868503347039,2.397138156928122,1.666116688400507,La_Liga,2
257,Jeremy Toljan,28,2457,1,0.848660696297884,3,4.113133816048503,9,23,7,0,D,Levante,1,0.848660696297884,8.903242252767086,5.569029396399856,La_Liga,33
492,Héctor Bellerín,18,1215,1,0.3945247530937195,2,2.847050029784441,4,18,1,0,D S,Real Betis,1,0.3945247530937195,7.081357263028622,5.559633739292622,La_Liga,8
897,Juanmi,8,152,1,0.1390442848205566,0,0.0557351484894752,2,2,0,0,S,Getafe,1,0.1390442848205566,0.1778020001947879,0.0597276929765939,La_Liga,0
1003,Pablo Maffeo,23,1979,1,0.2216564649716019,0,0.4866194864735007,5,14,7,0,D S,Mallorca,1,0.2216564649716019,5.397892533801496,4.783305384218693,La_Liga,24
1450,Umar Sadiq,16,629,1,1.921936679631472,1,1.5254594814032316,16,7,3,0,F S,"Real Sociedad,Valencia",1,1.921936679631472,3.838015863671899,0.5411564521491528,La_Liga,1
1621,Marcos Alonso,24,2071,1,2.1715164687484503,0,0.9213417880237104,21,11,3,0,D S,Celta Vigo,0,1.4282388594001532,10.184348993003368,9.521818064153194,La_Liga,18
1739,Eric Bailly,9,776,1,0.1909588724374771,0,0.0223890487104654,4,1,2,0,D,Real Oviedo,1,0.1909588724374771,1.411635659635067,1.3892466090619564,La_Liga,4
1822,Antonio Rüdiger,12,1007,1,1.2465267973020673,0,0.2461171746253967,10,1,0,0,D S,Real Madrid,1,1.2465267973020673,4.066659715026617,3.750528436154127,La_Liga,4
2163,Diego Llorente,11,622,1,0.7936483100056648,0,0.0,2,0,3,0,D S,Real Betis,1,0.7936483100056648,2.178694619331509,2.178694619331509,La_Liga,8
2186,Morales,19,281,1,2.406699176412076,1,1.0415049269795418,9,6,1,0,M S,Levante,0,1.6634215670637786,4.133077933918685,1.5232341531664133,La_Liga,0
2308,Denis Suárez,22,1061,1,1.328289536759257,1,1.3496616948395967,6,17,5,0,M S,Alaves,1,1.328289536759257,5.004037065431476,3.5482894256711006,La_Liga,10
2379,João Cancelo,7,431,1,0.6273481287062168,2,1.9680694937705996,6,6,0,0,D S,Barcelona,1,0.6273481287062168,3.766115829348564,2.609861947596073,La_Liga,9
2418,Álvaro Odriozola,5,196,1,0.5725881457328796,0,1.1418001726269722,1,3,0,0,D S,Real Sociedad,1,0.5725881457328796,1.8545968532562256,0.1402085274457931,La_Liga,1
2453,Marc Bartra,22,1762,1,0.6712174732238054,0,0.1219159569591283,14,5,3,0,D S,Real Betis,1,0.6712174732238054,5.291686535812914,5.073610140942037,La_Liga,17
2456,Omar Mascarell,22,1578,1,0.2139719575643539,2,0.5577197968959808,3,7,4,0,M S,Mallorca,1,0.2139719575643539,3.9615148473531008,3.22815334238112,La_Liga,22
2505,José Gayá,25,1924,1,0.6719938721507788,1,1.6286064311861992,9,19,6,1,D S,Valencia,1,0.6719938721507788,5.32448478974402,3.599423662759364,La_Liga,0
2521,Alfonso,22,1298,1,1.1962180444970727,2,3.847418732941151,10,16,6,0,D M S,Villarreal,1,1.1962180444970727,5.876795245334506,2.721436876803637,La_Liga,0
2621,Sergi Darder,29,1941,1,2.091253674589097,4,4.298588384874165,29,45,3,0,M S,Mallorca,1,2.091253674589097,7.06348261423409,3.983900824561715,La_Liga,8
3059,Axel Witsel,23,1826,1,2.360667746514082,2,2.1401980090886354,18,15,0,1,M S,Girona,1,2.360667746514082,8.257425766438246,7.69599499925971,La_Liga,19
3621,Neal Maupay,6,463,1,0.6476594656705856,0,0.1000702604651451,4,3,1,0,F S,Sevilla,1,0.6476594656705856,1.5951731726527214,0.936292864382267,La_Liga,0
4160,David Costas,19,1621,1,0.8625734746456146,0,0.1541126631200313,2,4,2,0,D S,Real Oviedo,1,0.8625734746456146,3.323372246697545,3.2618632819503546,La_Liga,21
5043,Kiko Femenía,24,1804,1,0.9618913042359054,1,1.7541501261293888,8,15,5,0,D M S,Getafe,1,0.9618913042359054,3.4812555592507124,1.124714333564043,La_Liga,20
5081,Edu Expósito,27,1863,1,2.033349591773004,6,6.564843066036701,30,63,6,0,M S,Espanyol,1,2.033349591773004,9.034361056983473,5.803456272929907,La_Liga,21
5140,Kike Barja,19,204,1,0.6249526012688875,2,0.298551894724369,4,5,2,0,M S,Osasuna,1,0.6249526012688875,1.7221337780356407,0.7986292839050293,La_Liga,2
5654,Baptiste Santamaria,19,731,1,0.516353402286768,1,0.7424618415534496,6,4,2,0,M S,Valencia,1,0.516353402286768,2.4516765056177974,2.205951330251992,La_Liga,5
5666,Mouctar Diakhaby,8,539,1,0.632166750729084,0,0.0550495460629463,4,1,3,0,D S,Valencia,1,0.632166750729084,1.056779257953167,1.0017297193408012,La_Liga,6
5706,Dodi Lukebakio,2,180,1,0.0546624809503555,0,0.8578585088253021,2,9,0,0,M,Sevilla,1,0.0546624809503555,1.0068341195583344,0.2612600550055504,La_Liga,0
6087,Takuma Asano,15,487,1,1.2583700492978096,0,0.9267593622207642,9,2,2,0,F M S,Mallorca,1,1.2583700492978096,2.471470389515161,1.1604285258799791,La_Liga,2
6126,Ander Guevara,19,502,1,0.6024258323013783,0,0.1165409386157989,4,2,2,1,M S,Alaves,1,0.6024258323013783,1.773981723934412,1.5899895848706365,La_Liga,8
6433,Jules Koundé,25,1894,1,2.112115003168583,3,4.20784854143858,12,20,4,0,D S,Barcelona,1,2.112115003168583,18.852283846586943,16.43561951443553,La_Liga,20
6560,Aurelien Tchouameni,26,2175,1,2.464325461536646,0,2.21974641084671,34,22,7,0,M S,Real Madrid,1,2.464325461536646,12.188554231077433,9.937718085944653,La_Liga,34
6592,Manuel Morlanes,23,1142,1,0.6134134223684669,0,0.8054668698459864,6,13,2,1,M S,Mallorca,1,0.6134134223684669,4.691160572692752,3.3821536656469107,La_Liga,0
6651,Grady Diangana,17,766,1,1.223698740825057,0,0.7270336803048849,14,8,2,0,F M S,Elche,1,1.223698740825057,3.901839414611459,2.3201314210891724,La_Liga,5
6740,Miguel Ángel Rubio,11,167,1,0.5985301695764065,0,0.0,2,0,0,0,D S,Espanyol,1,0.5985301695764065,0.2453732704743743,0.2453732704743743,La_Liga,1
6766,Dani Vivian,24,2100,1,1.366984797641635,0,1.5774906277656555,14,5,8,1,D S,Athletic Club,1,1.366984797641635,6.127846825867891,5.0735736303031445,La_Liga,0
6931,Fran Beltrán,19,1131,1,0.5435894131660461,0,0.5680343098938465,12,6,2,0,M S,"Celta Vigo,Girona",1,0.5435894131660461,5.917454200796783,5.114578177221119,La_Liga,8
6955,Ezequiel Ávila,12,321,1,1.5638362690806389,0,0.3859700718894601,7,8,2,0,F S,Real Betis,0,0.8205586597323418,1.4342550598084929,0.8896453380584717,La_Liga,1
7007,Duje Caleta-Car,20,1530,1,1.6121487095952034,0,0.1966800149530172,10,3,4,1,D S,Real Sociedad,1,1.6121487095952034,4.085574086755514,3.88889404758811,La_Liga,11
7174,Adrià Pedrosa,20,800,1,0.5727642625570297,1,1.4825173858553171,9,21,4,0,D M S,"Elche,Sevilla",1,0.5727642625570297,3.988870760425925,2.341021127998829,La_Liga,15
7236,Leander Dendoncker,19,1338,1,0.538357574492693,0,0.4306179387494921,9,7,2,0,M S,Real Oviedo,1,0.538357574492693,2.1508139576762915,1.4654122050851583,La_Liga,25
7276,Robin Le Normand,21,1313,1,1.0887540504336355,0,0.0452499352395534,3,1,3,0,D S,Atletico Madrid,1,1.0887540504336355,6.6517448257654905,6.549426538869739,La_Liga,12
7359,Eduardo Camavinga,21,1150,1,1.0450459476560354,0,1.213536286726594,10,10,1,0,D M S,Real Madrid,1,1.0450459476560354,5.841055549681187,4.516092527657747,La_Liga,29
7605,Manuel Sánchez,25,2203,1,1.1508396286517382,1,1.04822601005435,10,14,7,0,D S,Levante,1,1.1508396286517382,6.509659616276622,4.94788883253932,La_Liga,0
7781,Frenkie de Jong,19,1490,1,1.0822599418461325,4,4.611209314316511,7,31,3,1,M S,Barcelona,1,1.0822599418461325,19.779743365943432,15.870863653719423,La_Liga,16
7829,Eder Militão,13,1006,1,1.4660748494789004,1,1.0907561480998993,17,7,2,0,D S,Real Madrid,1,1.4660748494789004,5.060470608994365,4.194195203483105,La_Liga,14
7860,Domingos Duarte,26,2249,1,0.7622319888323545,1,0.8581366539001465,12,1,9,0,D,Getafe,1,0.7622319888323545,0.8629334224388003,0.7905638320371509,La_Liga,11
7888,Nemanja Gudelj,25,1856,1,0.6750258733518422,0,0.2368144504725933,18,6,7,0,D M S,Sevilla,1,0.6750258733518422,3.901031337678433,3.642508264631033,La_Liga,22
7916,Pol Lozano,26,1836,1,0.631441667675972,1,0.851235119625926,15,21,7,0,M S,Espanyol,1,0.631441667675972,5.392032225616276,4.7304281340911984,La_Liga,16
8015,Rodrygo,19,633,1,2.848481699824333,3,2.88282679207623,27,17,2,0,F M S,Real Madrid,1,2.848481699824333,4.605150379240513,1.4849299378693104,La_Liga,8
8045,Eric Garcia,27,2192,1,3.304715894162655,1,1.553778799250722,23,25,2,0,D M S,Barcelona,1,3.304715894162655,20.48128317296505,19.703589849174023,La_Liga,37
8070,Mateu Morey,16,645,1,0.1837131008505821,0,0.516222694888711,4,3,2,0,D M S,Mallorca,1,0.1837131008505821,1.903493199497461,1.2830428071320057,La_Liga,8
8165,Lucien Agoume,26,2093,1,0.7561919670552015,2,2.402127394452691,12,20,9,0,F M S,Sevilla,1,0.7561919670552015,7.826010404154658,5.64529119618237,La_Liga,25
8183,Pablo Martínez,18,1199,1,1.843395377509296,2,2.815288371406496,23,19,2,0,M S,Levante,1,1.843395377509296,5.020540454424918,2.643798738718033,La_Liga,7
8283,Batista Mendy,23,1530,1,0.8640541210770607,0,0.4901229040697217,17,9,6,0,M S,Sevilla,1,0.8640541210770607,4.13434686139226,3.504842003807425,La_Liga,22
8694,Chidera Ejuke,21,635,1,1.3553247852250934,1,0.8655051756650209,17,9,0,0,F M S,Sevilla,1,1.3553247852250934,3.308090317994356,1.721686325967312,La_Liga,9
8895,Tete Morente,4,322,1,0.6189423575997353,0,0.5563230067491531,4,4,1,0,D M,Elche,1,0.6189423575997353,1.0798086486756802,0.1862907521426677,La_Liga,3
8948,Aitor Paredes,17,1445,1,1.343791265040636,0,0.7405439838767052,12,3,4,0,D S,Athletic Club,1,1.343791265040636,3.130537413060665,2.976262249052525,La_Liga,12
9011,Óscar Mingueza,25,1584,1,0.4965645000338554,4,2.792735720053315,14,22,4,0,D M S,Celta Vigo,1,0.4965645000338554,10.626275599002838,8.94981812313199,La_Liga,16
9199,John Donald,14,449,1,0.7318225856870413,0,0.0,5,0,2,0,D M S,Elche,1,0.7318225856870413,3.472777573391795,2.740954987704754,La_Liga,8
9218,Juan Iglesias,28,2380,1,1.134616807103157,2,1.610817302018404,21,14,3,0,D M S,Getafe,1,1.134616807103157,4.889361143112183,2.969622815027833,La_Liga,0
9241,Alfon,14,341,1,0.90212438441813,0,0.3436609134078026,11,6,0,0,D M S,"Sevilla,Villarreal",1,0.90212438441813,2.035511024296284,0.8975124061107635,La_Liga,0
9280,Antonio Blanco,27,2336,1,0.7245643669739366,1,0.7651446796953678,29,14,6,0,M,Alaves,1,0.7245643669739366,7.1142604649066925,6.352116679772735,La_Liga,42
9466,Jon Ander Olasagasti,24,938,1,1.2139050122350454,2,2.0684640435501933,17,16,2,1,M S,Levante,1,1.2139050122350454,3.2580336555838585,1.4260466564446688,La_Liga,0
9755,Inigo Ruiz de Galarreta,26,1776,1,0.5053522596135736,1,2.6452022967860103,16,20,11,0,M S,Athletic Club,1,0.5053522596135736,7.191663593053818,5.741327483206987,La_Liga,25
9809,José Ángel Carmona,27,1992,1,0.7871437855064869,3,1.531856414861977,17,14,9,0,D M S,Sevilla,1,0.7871437855064869,7.074712705798447,5.6266460213810205,La_Liga,0
9810,Fran García,9,593,1,0.8834025710821152,1,0.1513241566717624,5,3,0,1,D M S,Real Madrid,1,0.8834025710821152,2.98113039880991,2.4119104892015457,La_Liga,7
9811,Óscar Valentín,25,1638,1,1.4860157845541837,0,0.7367449654266238,13,5,3,1,M S,Rayo Vallecano,1,1.4860157845541837,7.69821201171726,5.641212145797908,La_Liga,30
9825,Nicolás Serrano,13,322,1,0.5777395609766245,0,0.4942029751837253,13,8,0,0,M S,Athletic Club,1,0.5777395609766245,1.2423209380358458,0.4696573466062546,La_Liga,5
10143,Bryan Zaragoza,19,1138,1,1.910445837303996,1,2.2636110819876194,26,18,1,0,F M S,Celta Vigo,0,1.1671682186424732,6.203656457364559,4.05707526486367,La_Liga,5
10200,Rafa Marín,18,1578,1,0.1980429971590638,0,0.6769408583641052,4,5,1,0,D S,Villarreal,1,0.1980429971590638,6.981678854674101,6.40369051322341,La_Liga,16
10209,Jofre Carreras,21,752,1,1.7716937493532896,0,1.2902031261473894,19,12,1,0,M S,Espanyol,1,1.7716937493532896,3.4164060093462467,0.8137213066220284,La_Liga,0
10273,Iker Benito,5,147,1,0.3859800510108471,0,0.1449243836104869,2,2,1,0,M S,Osasuna,1,0.3859800510108471,0.672303281724453,0.2468011081218719,La_Liga,0
10322,Javier Guerra,28,1503,1,1.7627443503588438,3,2.0444932617247105,18,17,3,0,M S,Valencia,1,1.7627443503588438,6.518847296014428,3.9947211425751448,La_Liga,11
10334,Kike Salas,17,1389,1,0.5822444036602974,0,0.2502306345850229,11,5,0,0,D S,Sevilla,1,0.5822444036602974,3.1250763721764088,2.889619328081608,La_Liga,21
10364,Nahuel Tenaglia,27,2430,1,1.364607154391706,0,0.2647302877157926,16,6,2,0,D,Alaves,1,1.364607154391706,4.640425670892,4.344762286171317,La_Liga,31
10388,Luka Ilic,18,707,1,1.7625892590731382,0,0.419754147529602,9,3,2,1,F M S,Real Oviedo,1,1.7625892590731382,2.5826319754123688,1.0129486583173275,La_Liga,4
10494,Pablo Barrios Rivas,21,1591,1,1.4028489515185356,1,1.6999459583312273,21,20,0,0,M S,Atletico Madrid,1,1.4028489515185356,9.95724107325077,7.401665868237615,La_Liga,0
10716,Manor Solomon,6,129,1,0.608427070081234,1,0.471932552754879,2,2,0,0,M S,Villarreal,1,0.608427070081234,2.177966743707657,1.168964058160782,La_Liga,1
10857,Pablo Ibáñez,28,1775,1,3.33464939147234,1,1.0028311982750893,39,14,5,0,M S,Alaves,1,3.33464939147234,5.911340930499136,4.081083791330457,La_Liga,24
10936,Charles Pickel,17,527,1,0.707883320748806,0,0.0352792246267199,8,2,1,2,M S,Espanyol,1,0.707883320748806,2.3104607425630093,1.793533420190215,La_Liga,4
10947,Ramón Terrats,21,709,1,0.8631772687658668,1,1.693754345178604,9,9,0,0,M S,Espanyol,1,0.8631772687658668,3.308073247782886,1.170566227287054,La_Liga,12
10949,Arnau Martinez,26,1971,1,1.0684232534840703,1,1.699821062386036,11,14,6,0,D M S,Girona,1,1.0684232534840703,7.4205845929682255,6.73881958052516,La_Liga,30
10999,Marcão,13,935,1,0.9158304017037152,0,0.0,10,0,3,1,D S,Sevilla,1,0.9158304017037152,2.0380470361560583,2.0380470361560583,La_Liga,4
11087,Pep Chavarría,25,2102,1,0.5039447294548154,2,3.241322923451662,14,20,4,1,D S,Rayo Vallecano,1,0.5039447294548154,8.840485831722617,6.14985385350883,La_Liga,25
11216,Rodrigo Mendoza,20,1008,1,0.6250370051711798,0,0.8039742140099406,14,11,5,0,F M S,"Atletico Madrid,Elche",1,0.6250370051711798,3.174310240894556,2.198946786113084,La_Liga,3
11531,Unai Gómez,20,607,1,1.4200693126767874,1,0.6146819815039635,14,8,1,1,F M S,Athletic Club,1,1.4200693126767874,2.066599352285266,0.4151075799018144,La_Liga,5
11825,Abderrahmane Rebbach,22,850,1,2.6443855855613947,1,2.9706556648015976,27,19,4,0,F M S,Alaves,1,2.6443855855613947,3.573813386261463,0.8870189636945724,La_Liga,0
11900,Lucas Beltrán,23,1144,1,3.6943996120244265,2,1.8854527920484545,28,12,1,0,F S,Valencia,1,3.6943996120244265,7.692043896764517,2.388245379552245,La_Liga,8
11953,Sergi Altimira,20,951,1,0.4064977653324604,1,0.5250933840870857,4,10,2,0,M S,Real Betis,1,0.4064977653324604,3.1998863629996777,2.7431138418614864,La_Liga,28
12005,Pau Cubarsí,24,2130,1,0.5516378730535507,0,0.3548167273402214,10,4,3,0,D,Barcelona,1,0.5516378730535507,14.880195889621971,14.833408925682306,La_Liga,21
12078,Alan Matturro,15,777,1,0.8634829986840487,0,0.5809171544387937,7,2,0,1,D S,Levante,1,0.8634829986840487,1.888931095600128,1.1246536895632744,La_Liga,12
12171,Hector Fort,9,323,1,0.6469519808888435,2,0.2132606506347656,10,4,0,0,D S,Elche,1,0.6469519808888435,1.9192268531769516,1.2659369874745607,La_Liga,2
12182,Jon Aramburu,27,2224,1,1.8415956757962704,0,0.3547795210033655,16,8,9,0,D S,Real Sociedad,1,1.8415956757962704,5.734705390408635,5.380220348015428,La_Liga,53
12189,Hugo Rincón,26,1608,1,0.6909217592328787,1,0.9917018599808216,7,9,3,0,D S,Girona,1,0.6909217592328787,5.156879186630249,4.175652647390962,La_Liga,28
12537,Asier Osambela,13,275,1,0.2776791490614414,0,0.585698839277029,3,3,1,0,D S,Osasuna,1,0.2776791490614414,0.7949452865868807,0.1284750830382108,La_Liga,2
12726,Christantus Uche,3,270,1,1.4415657743811607,1,0.6371117904782295,6,4,1,0,F,Getafe,1,1.4415657743811607,2.1472005546092987,0.0685230549424886,La_Liga,2
12790,Abel Bretones,22,1405,1,0.5832634549587965,0,0.4400219097733497,11,9,5,1,D M S,Osasuna,1,0.5832634549587965,1.766706621274352,1.1452561439946294,La_Liga,11
12893,Enzo Boyomo,22,1824,1,0.7986937370151281,1,1.3994310349225998,6,8,4,0,D S,Osasuna,1,0.7986937370151281,3.11946938931942,1.8144030831754208,La_Liga,29
13003,Santiago Mouriño,22,1884,1,1.1589391976594925,2,0.7844699025154114,13,8,7,1,D S,Villarreal,1,1.1589391976594925,9.598777504637836,9.301557773724198,La_Liga,49
13335,Goduine Koyalipou,11,217,1,1.2652598228305578,0,0.358752429485321,10,1,1,0,F S,Levante,1,1.2652598228305578,1.43799864128232,0.0,La_Liga,3
13380,Vitor Reis,27,2327,1,1.4675985500216484,1,0.8119628597050905,12,7,6,1,D S,Girona,1,1.4675985500216484,6.925861392170191,5.846249280497432,La_Liga,22
13417,Maroan Sannadi,8,246,1,0.9551242720335722,0,0.5883069485425949,7,2,2,0,F S,Athletic Club,1,0.9551242720335722,1.5783750098198652,0.0349437519907951,La_Liga,0
13615,Oso,12,779,1,1.011479901149869,3,1.92552699893713,10,14,0,0,D M S,Sevilla,1,1.011479901149869,3.994454530999064,1.9194726143032312,La_Liga,0
13620,Miguel Román,19,1297,1,1.1040805764496326,0,2.089981175027788,9,17,3,0,M S,Celta Vigo,1,1.1040805764496326,8.5124043636024,6.327844304963946,La_Liga,17
13627,Alejandro Rego,20,760,1,0.5154665904119611,0,0.4051173590123653,10,8,5,0,M S,Athletic Club,1,0.5154665904119611,1.6704069934785366,1.153119407594204,La_Liga,15
13649,Claudio Echeverri,9,250,1,1.0410882513970137,1,0.9266623705625534,8,5,3,0,M S,Girona,1,1.0410882513970137,2.417954398319125,0.8005995638668537,La_Liga,5
13765,Unai Elgezabal,12,963,1,0.6192532349377871,0,0.1339095868170261,3,2,2,0,D M S,Levante,1,0.6192532349377871,1.465649597346783,1.465649597346783,La_Liga,4
13829,Tyrhys Dolan,28,1958,1,2.4351948723196983,4,3.528045756742358,29,25,4,1,M S,Espanyol,1,2.4351948723196983,7.984152504242957,3.62645170930773,La_Liga,30
13839,Marc Aguado,28,1960,1,0.1253808066248893,1,0.1298535307869315,2,5,2,0,M S,Elche,1,0.1253808066248893,4.081398528069258,3.939480770379305,La_Liga,22
13845,Valentín Gómez,21,1306,1,0.9138773661106824,0,0.873173339292407,9,8,5,0,D S,Real Betis,1,0.9138773661106824,4.217396281659603,3.582672066986561,La_Liga,21
13847,Franco Mastantuono,16,772,1,2.09313652664423,0,2.442584613338113,23,11,4,1,D F M S,Real Madrid,1,2.09313652664423,5.961241610348225,3.5769545771181583,La_Liga,12
13936,Jon Gorrotxategi,25,1927,1,0.7921612514182925,3,0.870845009572804,11,15,7,0,M S,Real Sociedad,1,0.7921612514182925,7.838888229802251,6.961215284653008,La_Liga,26
13983,David Carmo,21,1718,1,0.9620246645063162,0,0.5050461739301682,9,7,6,1,D S,Real Oviedo,1,0.9620246645063162,3.8941762782633305,2.9872417859733105,La_Liga,17
14013,Adam El Mokhtari,7,85,1,0.2682787664234638,0,0.0723635628819465,5,1,0,0,S,Elche,1,0.2682787664234638,0.3396428460255265,0.1728641474619507,La_Liga,0
14050,Kervin Arriaga,20,1136,1,0.318329737521708,1,0.404125414788723,9,3,4,1,M S,Levante,1,0.318329737521708,2.67317358776927,2.115129765123129,La_Liga,18
14059,Alemão,17,695,1,2.098992560058832,0,0.235862685367465,14,5,1,0,F S,Rayo Vallecano,1,2.098992560058832,2.8522760812193155,0.6570305731147528,La_Liga,0
14064,Roony Bardghji,16,362,1,1.4823282193392515,1,1.71273129619658,16,11,0,0,F M S,Barcelona,1,1.4823282193392515,5.913455255329609,3.9653881825506687,La_Liga,2
14392,Ángel Pérez,7,489,1,0.6904677208513021,1,0.6753588020801544,6,6,0,0,D M S,Alaves,1,0.6904677208513021,2.459745055064559,1.20257917791605,La_Liga,6
14440,Álvaro Fidalgo,6,464,1,0.5112983882427216,0,0.1452571079134941,3,3,0,0,M,Real Betis,1,0.5112983882427216,1.635689042508602,1.0600754115730524,La_Liga,3
200,Andreas Christensen,12,346,0,0.1262912936508655,0,0.0158752612769603,2,1,1,0,D S,Barcelona,0,0.1262912936508655,2.093648664653301,2.0777733996510506,La_Liga,3
250,Ørjan Nyland,4,360,0,0.0,0,0.0,0,0,1,0,GK,Sevilla,0,0.0,0.7688105702400208,0.7688105702400208,La_Liga,0
308,Ricardo Rodríguez,18,1210,0,0.1240109074860811,1,0.4445841759443283,2,5,0,0,D S,Real Betis,0,0.1240109074860811,2.5319439359009266,2.1916849054396152,La_Liga,6
323,Adnan Januzaj,12,283,0,0.2582807317376137,0,0.6689504720270634,7,11,1,0,F M S,Sevilla,0,0.2582807317376137,1.0545724965631962,0.7336611598730087,La_Liga,4
375,Odisseas Vlachodimos,25,2250,0,0.0,0,0.0,0,0,1,0,GK,Sevilla,0,0.0,2.1351944897323847,2.1351944897323847,La_Liga,0
391,David Alaba,8,244,0,0.1817060969769954,0,0.0,3,0,1,0,D S,Real Madrid,0,0.1817060969769954,1.1427506282925606,1.126721553504467,La_Liga,4
548,Daley Blind,27,2309,0,0.0461420468054711,0,0.7392632644623518,3,11,1,0,D S,Girona,0,0.0461420468054711,9.63074174709618,9.387585939839482,La_Liga,31
565,Nyom,11,286,0,0.1312073022127151,0,0.10628392547369,3,2,4,1,D S,Getafe,0,0.1312073022127151,0.2094545178115368,0.0132335685193538,La_Liga,0
680,Thibaut Courtois,28,2520,0,0.0,0,0.0,0,0,1,0,GK,Real Madrid,0,0.0,5.513455541804433,5.513455541804433,La_Liga,1
681,César Azpilicueta,15,1053,0,0.0123422164469957,1,0.5297197308391333,1,2,4,0,D,Sevilla,0,0.0123422164469957,2.222176797688008,1.6924570724368095,La_Liga,17
965,Santiago Cazorla,20,567,0,0.2306374576874077,1,1.4868159834295511,6,16,1,1,M S,Real Oviedo,0,0.2306374576874077,4.03037077980116,3.6524004004895687,La_Liga,0
973,Paulo Gazzaniga,26,2292,0,0.0,0,0.0,0,0,4,1,GK,Girona,0,0.0,2.8997939843684435,2.8997939843684435,La_Liga,0
1244,Wojciech Szczesny,6,540,0,0.0,0,0.0,0,0,0,0,GK,Barcelona,0,0.0,2.2537071891129017,2.2537071891129017,La_Liga,0
1423,Matías Vecino,3,72,0,0.0422598384320735,0,0.0,2,0,0,0,M S,Celta Vigo,0,0.0422598384320735,0.5074471011757851,0.488187201321125,La_Liga,3
1762,Ovie Ejaria,7,181,0,0.2249453254044056,0,0.0751299932599067,3,1,1,0,M S,Real Oviedo,0,0.2249453254044056,1.2129120826721191,1.0246025137603283,La_Liga,2
1791,Trent Alexander-Arnold,14,670,0,0.2227365858852863,3,1.3736030645668509,6,15,1,0,D M S,Real Madrid,0,0.2227365858852863,5.422624848783016,4.674107942730188,La_Liga,6
1830,Ionut Radu,29,2610,0,0.0,0,0.1440417915582656,0,1,0,0,GK,Celta Vigo,0,0.0,7.212068160995841,7.068026354536414,La_Liga,0
1857,David López,3,207,0,0.6544463038444519,0,0.0,1,0,0,0,D S,Girona,0,0.6544463038444519,0.6020162813365459,0.6020162813365459,La_Liga,1
2090,Marc-André ter Stegen,2,180,0,0.0,0,0.0,0,0,0,0,GK,Girona,0,0.0,0.0245697945356369,0.0245697945356369,La_Liga,0
2107,Pau López,9,810,0,0.0,0,0.0,0,0,1,0,GK,Real Betis,0,0.0,0.5678549129515886,0.5678549129515886,La_Liga,1
2122,Joan Jordán,3,15,0,0.0,0,0.0,0,0,1,0,S,Sevilla,0,0.0,0.4800020158290863,0.4800020158290863,La_Liga,0
2198,Moi Gómez,20,983,0,0.4181990008801222,1,1.0649008639156818,11,10,2,0,M S,Osasuna,0,0.4181990008801222,3.4553574174642563,2.291655312292278,La_Liga,6
2228,Aritz Elustondo,10,385,0,0.4674798175692558,0,0.0,3,0,0,0,D S,Real Sociedad,0,0.4674798175692558,0.7318602856248617,0.7318602856248617,La_Liga,4
2229,Yuri,25,2110,0,0.4295263988897204,3,2.577171828597784,17,25,3,0,D S,Athletic Club,0,0.4295263988897204,6.939064770936966,5.685479072853923,La_Liga,0
2255,Isco,1,29,0,0.1044719666242599,1,0.4573355913162231,2,2,0,0,S,Real Betis,0,0.1044719666242599,0.1367052942514419,0.0322333201766014,La_Liga,0
2260,Daniel Carvajal,12,651,0,0.2461261572316289,0,1.2657837346196177,4,7,0,0,D S,Real Madrid,0,0.2461261572316289,2.8626156728714705,1.8544051069766283,La_Liga,0
2261,Jan Oblak,26,2340,0,0.0,0,0.0,0,0,0,0,GK,Atletico Madrid,0,0.0,4.628587525337935,4.628587525337935,La_Liga,0
2278,Giménez,14,1124,0,1.5400749556720257,1,0.5037803649902344,13,1,3,0,D S,Atletico Madrid,0,1.5400749556720257,3.87996831163764,3.275279309600592,La_Liga,0
2280,Jonny,28,2466,0,0.8223819062113762,0,1.0117835495620966,7,13,5,0,D,Alaves,0,0.8223819062113762,10.13275115005672,8.687738209962845,La_Liga,0
2328,Thomas Partey,19,726,0,0.3256993256509304,0,0.1881933361291885,8,5,0,0,M S,Villarreal,0,0.3256993256509304,2.965099548920989,2.5702114701271057,La_Liga,4
2346,Aarón,29,2610,0,0.0,0,0.0463917031884193,0,1,2,0,GK,Real Oviedo,0,0.0,3.0798856131732464,3.0334939062595367,La_Liga,0
2353,Pedro Bigas,21,1588,0,0.8419484570622444,2,1.71605977229774,8,10,3,0,D S,Elche,0,0.8419484570622444,8.571492932736874,8.031937323510647,La_Liga,16
2378,Daniel Parejo,24,1048,0,0.1502215936779976,0,1.6071249833330512,2,19,2,0,M S,Villarreal,0,0.1502215936779976,3.5235439278185368,2.675127537921071,La_Liga,20
2385,Mat Ryan,27,2430,0,0.0933680385351181,0,0.0,2,0,2,0,GK,Levante,0,0.0933680385351181,2.376123487949372,2.282755449414253,La_Liga,0
2403,Íñigo Lekue,9,527,0,0.1312863305211067,0,0.0452195592224597,3,1,2,0,D S,Athletic Club,0,0.1312863305211067,1.694563414901495,1.518057502806187,La_Liga,9
2415,David Soria,29,2610,0,0.0,0,0.0465003028512001,0,1,2,0,GK,Getafe,0,0.0,0.5938173159956932,0.5938173159956932,La_Liga,0
2417,Igor Zubeldia,22,1899,0,0.3188817761838436,1,0.6090575475245714,6,5,8,0,D S,Real Sociedad,0,0.3188817761838436,5.147842992097139,4.7344751842319965,La_Liga,18
2446,Dani Ceballos,15,438,0,0.0812624134123325,0,0.589991744607687,3,9,1,0,M S,Real Madrid,0,0.0812624134123325,5.186502583324909,4.858281694352627,La_Liga,10
2479,Toni Lato,9,488,0,0.0,1,0.4910133834928274,0,4,3,0,D M S,Mallorca,0,0.0,1.1948319301009178,0.7999772392213345,La_Liga,7
2498,Aymeric Laporte,18,1492,0,1.7030628975480795,1,0.4414121750742197,13,7,2,0,D S,Athletic Club,0,1.7030628975480795,3.906162301078439,3.4823372811079025,La_Liga,12
2509,Dimitri Foulquier,15,1149,0,0.4250113200396299,0,0.2367486469447612,6,6,1,0,D S,Valencia,0,0.4250113200396299,4.307144995778799,4.124748399481177,La_Liga,9
2518,Marcos Llorente,25,1857,0,2.1275672614574432,4,4.157412007451057,16,19,5,0,D M S,Atletico Madrid,0,2.1275672614574432,14.623292991891503,10.232802929356694,La_Liga,32
2555,Remiro,29,2610,0,0.0,0,0.112358346581459,0,3,0,0,GK,Real Sociedad,0,0.0,5.161174695938826,5.048816341906786,La_Liga,0
2584,Raíllo,23,2035,0,0.6311804680153728,1,0.3643940649926662,12,7,4,0,D,Mallorca,0,0.6311804680153728,4.4789804089814425,4.1687340419739485,La_Liga,0
2597,Dani Calvo,13,968,0,0.0,0,0.4596666097640991,0,1,2,0,D S,Real Oviedo,0,0.0,0.5721391793340445,0.5721391793340445,La_Liga,8
2609,Gerard Gumbau,21,753,0,0.3610206330195069,1,1.0831696223467588,9,12,4,0,M S,Rayo Vallecano,0,0.3610206330195069,2.6569777820259333,2.32912690192461,La_Liga,11
2619,Stole Dimitrievski,11,990,0,0.0,0,0.0,0,0,0,0,GK,Valencia,0,0.0,1.638925002887845,1.638925002887845,La_Liga,0
3208,Óscar Trejo,6,63,0,0.1115266382694244,0,0.1523229591548442,1,3,1,0,S,Rayo Vallecano,0,0.1115266382694244,0.8704848363995552,0.6497752517461777,La_Liga,0
4091,Unai López,21,1240,0,0.8990889443084598,3,1.4412714848294854,17,26,5,1,M S,Rayo Vallecano,0,0.8990889443084598,4.627951190806925,3.6884275525808334,La_Liga,13
4120,Álex Moreno,23,1860,0,1.4656613990664482,3,2.2245982475578785,15,11,4,0,D S,Girona,0,1.4656613990664482,7.573150731623173,4.700070239137858,La_Liga,14
4168,Javi Muñoz,14,481,0,0.3258062414824962,0,0.1269101649522781,13,5,0,0,F M S,Getafe,0,0.3258062414824962,0.6164086405187845,0.2833839058876037,La_Liga,0
5050,Clement Lenglet,12,940,0,0.1453948058187961,0,0.0711851418018341,3,3,2,1,D,Atletico Madrid,0,0.1453948058187961,3.873615989461541,3.751369277015328,La_Liga,5
5058,Carles Aleñá,29,1835,0,2.100155679509044,4,3.7113941637799135,25,31,4,0,F M S,Alaves,0,2.100155679509044,7.154739087447524,3.509629260748625,La_Liga,24
5065,Diego Rico,25,1672,0,0.2927396623417735,0,0.8315106853842735,11,9,3,0,D S,Getafe,0,0.2927396623417735,1.4229106130078435,0.5435091145336628,La_Liga,28
5073,Florian Lejeune,29,2603,0,1.4771429290995002,1,0.912017130292952,39,14,4,0,D,Rayo Vallecano,0,1.4771429290995002,9.264949329197409,8.172468714416027,La_Liga,34
5077,Mikel Vesga,19,339,0,0.1971089020371437,0,0.1244056141003966,2,4,0,0,M S,Athletic Club,0,0.1971089020371437,0.5006554340943694,0.3576619010418653,La_Liga,9
5086,Marc Roca,23,1679,0,0.7914713262580335,2,1.9202126394957304,11,15,1,0,M S,Real Betis,0,0.7914713262580335,6.8224585596472025,5.884408643469214,La_Liga,26
5110,Mariano,10,269,0,0.2497823312878608,0,0.7592702507972717,6,2,1,0,F S,Alaves,0,0.2497823312878608,1.028148341923952,0.019095754250884,La_Liga,1
5162,Nacho Vidal,20,1596,0,1.440466608852148,0,0.236898798495531,9,5,4,0,D S,Real Oviedo,0,1.440466608852148,3.1725225877016783,1.6303468346595764,La_Liga,25
5179,Jon Guridi,19,689,0,1.0686835683882236,0,0.0303482804447412,8,1,1,0,F M S,Alaves,0,1.0686835683882236,2.5683685280382638,1.630032081156969,La_Liga,10
5185,Unai Simón,29,2610,0,0.0,0,0.0318873859941959,0,1,1,0,GK,Athletic Club,0,0.0,2.830407708883285,2.7985203340649605,La_Liga,0
5199,Raba,12,240,0,0.1994561273604631,1,0.3187341094017029,7,2,0,0,F S,Valencia,0,0.1994561273604631,0.5186791969463229,0.1354577029123902,La_Liga,0
5353,Josip Brekalo,14,482,0,0.3088910253718495,0,1.6458159163594246,9,11,1,0,F M S,Real Oviedo,0,0.3088910253718495,2.2394321858882904,0.8675312828272581,La_Liga,7
5615,Valentin Rosier,22,1763,0,0.2636332372203469,1,1.2211529146879911,8,11,3,1,D S,Osasuna,0,0.2636332372203469,3.821478001773357,2.554942661896348,La_Liga,23
5672,Iván Balliu,11,316,0,0.61431117169559,0,0.0703225955367088,2,2,3,0,D S,Rayo Vallecano,0,0.61431117169559,1.3185321055352688,0.6819822378456593,La_Liga,4
5947,Mihailo Ristic,4,265,0,0.01605817489326,0,0.0660375989973545,1,2,0,0,D,Celta Vigo,0,0.01605817489326,0.6196794584393501,0.5375836826860905,La_Liga,0
6075,Antonio Sivera,29,2610,0,0.0,0,0.0,0,0,2,0,GK,Alaves,0,0.0,2.7456202497705817,2.7456202497705817,La_Liga,1
6118,Portu,10,463,0,1.6742162741720676,0,0.189590573310852,9,3,2,0,F M S,Girona,0,1.6742162741720676,2.053294636309147,0.457047451287508,La_Liga,1
6149,Unai Núñez,7,602,0,0.1856177328154444,0,0.0,5,0,2,0,D,Valencia,0,0.1856177328154444,1.235920011997223,1.2191960513591766,La_Liga,7
6151,Djené Dakonam,27,2058,0,0.0686510754749178,0,0.0936453379690647,3,2,7,1,D M S,Getafe,0,0.0686510754749178,2.240521520376205,2.1853401251137257,La_Liga,0
6177,Luiz Felipe,9,383,0,0.2370056584477424,0,0.0,3,0,1,0,D S,Rayo Vallecano,0,0.2370056584477424,0.2854873761534691,0.2854873761534691,La_Liga,5
6224,Marko Dmitrovic,29,2610,0,0.0,0,0.0304153487086296,0,1,0,0,GK,Espanyol,0,0.0,3.8488164441660047,3.8184010880067945,La_Liga,2
6233,Ferland Mendy,2,91,0,0.0,0,0.0,0,0,0,0,D S,Real Madrid,0,0.0,0.152797058224678,0.152797058224678,La_Liga,1
6242,Johan Mojica,28,2121,0,0.4293287647888064,3,2.816784751601517,13,25,5,0,D S,Mallorca,0,0.4293287647888064,6.671704417094588,4.584689076058567,La_Liga,26
6291,Diego Pampín,6,357,0,0.1348268613219261,0,0.0878514070063829,3,2,2,0,D S,Levante,0,0.1348268613219261,0.5484582781791687,0.3257800117135048,La_Liga,5
6306,Juan Foyth,13,946,0,0.0737326610833406,0,0.0,2,0,2,0,D S,Villarreal,0,0.0737326610833406,4.523703388869762,4.523703388869762,La_Liga,13
6324,Marash Kumbulla,7,419,0,0.0868991632014513,0,0.0225842390209436,3,1,1,0,D S,Mallorca,0,0.0868991632014513,0.6233834195882082,0.5607796404510736,La_Liga,2
6325,Andoni Gorosabel,16,815,0,0.2154859928414225,1,0.4473420679569244,5,8,2,0,D S,Athletic Club,0,0.2154859928414225,3.651803517714143,3.2028454281389718,La_Liga,16
6421,Brahim Diaz,21,662,0,0.8296769224107265,4,2.080521035939455,8,15,1,0,F M S,Real Madrid,0,0.8296769224107265,4.549351714551449,2.073505785316229,La_Liga,7
6485,Júnior Firpo,10,685,0,0.4448377713561058,1,0.957407258450985,5,8,2,0,D S,Real Betis,0,0.4448377713561058,2.773687727749348,2.300057761371136,La_Liga,13
6656,Sergio Gómez,27,2073,0,0.7257826225832105,2,4.62374175619334,9,33,2,0,D M S,Real Sociedad,0,0.7257826225832105,8.694064732640982,5.730113243684173,La_Liga,45
6750,Gonzalo Villar,3,52,0,0.0,0,0.0,0,0,1,0,S,Elche,0,0.0,0.0,0.0,La_Liga,0
6916,Fernando Calero,21,1604,0,1.864722820930183,0,0.5543733611702919,9,3,3,0,D S,Espanyol,0,1.864722820930183,2.328415486961603,2.1239466555416584,La_Liga,13
7050,Lucas Torró,26,1889,0,1.657860640436411,1,0.996150997467339,19,10,6,0,M S,Osasuna,0,1.657860640436411,4.359194224700332,3.2556079467758536,La_Liga,14
7086,David Hancko,26,2122,0,0.987446265295148,2,2.1513782758265734,19,13,2,0,D S,Atletico Madrid,0,0.987446265295148,9.626918110996485,7.381392426788807,La_Liga,26
7095,Juan Musso,3,270,0,0.0,0,0.0,0,0,1,0,GK,Atletico Madrid,0,0.0,1.8779212534427645,1.8779212534427645,La_Liga,0
7194,Andriy Lunin,1,90,0,0.0,0,0.0,0,0,0,0,GK,Real Madrid,0,0.0,0.0945207178592681,0.0945207178592681,La_Liga,0
7287,Iñaki Peña,16,1440,0,0.0,0,0.4040794968605041,0,3,0,0,GK,Elche,0,0.0,3.897747155278921,3.5779708586633205,La_Liga,0
7306,Aihen Muñoz,16,663,0,0.4396745823323726,0,0.3257849067449569,5,4,1,0,D S,Real Sociedad,0,0.4396745823323726,3.117821928113699,2.461114764213562,La_Liga,16
7338,Bryan Gil Salvatierra,23,1375,0,2.174213159829378,3,3.487660083919764,20,19,3,0,F M S,Girona,0,2.174213159829378,9.276120889931915,6.19707190617919,La_Liga,0
7350,Yangel Herrera,10,423,0,0.689001614227891,0,0.0,6,0,1,0,M S,"Girona,Real Sociedad",0,0.689001614227891,0.8408532906323671,0.6846388392150402,La_Liga,1
7385,Javi Galán,17,1175,0,0.1605566628277301,1,1.4690151270478964,4,22,2,0,D S,"Atletico Madrid,Osasuna",0,0.1605566628277301,4.224208850413561,3.599463026970625,La_Liga,22
7424,Alex Sola,1,10,0,0.0,0,0.0,0,0,0,0,S,Getafe,0,0.0,0.0,0.0,La_Liga,0
7500,Giacomo Raspadori,12,203,0,0.8766965568065643,1,0.9504356123507024,7,4,1,0,F S,Atletico Madrid,0,0.8766965568065643,1.947984542697668,0.268772192299366,La_Liga,1
7515,Andrei Ratiu,26,2219,0,2.009364979341626,3,4.647295294329524,25,30,6,0,D M S,Rayo Vallecano,0,2.009364979341626,11.431315042078497,8.097974583506584,La_Liga,29
7528,Sergio Camello,14,448,0,1.368752581998706,0,0.5435056034475565,9,8,1,1,F S,Rayo Vallecano,0,1.368752581998706,2.123716812580824,0.3599741011857986,La_Liga,2
7529,Iván Martín,27,1951,0,0.9734207801520824,1,1.6019098050892353,9,17,3,1,M S,Girona,0,0.9734207801520824,7.904525980353355,5.990470487624407,La_Liga,35
7549,Abel Ruiz,7,68,0,0.2210751622915268,0,0.1312386691570282,3,2,0,0,S,Girona,0,0.2210751622915268,0.8734009861946106,0.5608841776847839,La_Liga,1
7574,Leo Petrot,26,1243,0,0.3728197030723095,0,0.025175416842103,7,1,2,0,D S,Elche,0,0.3728197030723095,2.565657639876008,2.343822703696788,La_Liga,19
7613,Moussa Diarra,3,225,0,0.0,0,0.0150750838220119,0,1,1,0,D,Alaves,0,0.0,0.0612770691514015,0.0612770691514015,La_Liga,2
7655,Carl Starfelt,19,1492,0,0.3869095593690872,0,0.0776824131608009,4,1,1,1,D S,Celta Vigo,0,0.3869095593690872,6.181167300790548,6.128349464386702,La_Liga,16
7826,Joseph Aidoo,6,460,0,0.3532345592975616,0,0.0,2,0,0,0,D S,Celta Vigo,0,0.3532345592975616,1.8610196597874165,1.8610196597874165,La_Liga,2
7838,Martin Valjent,29,2610,0,0.8749992717057467,0,0.1219035629183054,14,2,4,0,D,Mallorca,0,0.8749992717057467,7.42412069067359,7.10399495344609,La_Liga,23
7841,Dani Rodríguez,2,56,0,0.0234660059213638,0,0.0,1,0,0,0,S,Mallorca,0,0.0234660059213638,0.0965382605791091,0.0730722546577453,La_Liga,1
7857,Jon Moncayola,27,2295,0,2.069802885875106,4,3.9250232689082623,17,31,7,0,D M S,Osasuna,0,2.069802885875106,8.354741379618645,4.102408047765493,La_Liga,19
7859,Sergio Herrera,29,2610,0,0.0,0,0.0,0,0,3,0,GK,Osasuna,0,0.0,1.330393197014928,1.330393197014928,La_Liga,0
7882,Sheraldo Becker,9,124,0,0.1651192680001258,0,0.2503879070281982,3,2,0,0,S,Osasuna,0,0.1651192680001258,0.4155071675777435,0.0,La_Liga,1
7927,Sofyan Amrabat,9,683,0,0.112477296963334,0,0.1859090998768806,4,4,3,0,M S,Real Betis,0,0.112477296963334,2.5722275860607624,2.2977540343999863,La_Liga,7
7981,Nianzou Kouassi,11,633,0,0.3954171296209097,0,0.1417838707566261,6,2,5,0,D S,Sevilla,0,0.3954171296209097,1.8371144905686376,1.6802604347467422,La_Liga,0
8002,Rodrigo Riquelme,19,641,0,2.085785521194339,1,1.466417740099132,19,14,1,0,M S,Real Betis,0,2.085785521194339,5.985759269446135,2.637932867743075,La_Liga,7
8014,Abdón Prats,10,61,0,0.5610876977443695,0,0.114988125860691,3,2,0,0,S,Mallorca,0,0.5610876977443695,1.2143099550157783,0.6818445790559053,La_Liga,0
8058,Thierry Correia,19,1246,0,0.2800837680697441,1,1.1492206547409296,5,9,5,0,D S,Valencia,0,0.2800837680697441,4.639876926317811,3.6848738472908735,La_Liga,19
8267,Guido Rodríguez,7,500,0,0.2646511550992727,0,0.0987192317843437,6,1,0,0,M S,Valencia,0,0.2646511550992727,1.2133594434708357,1.0158295184373856,La_Liga,13
8329,Unai Vencedor,16,837,0,0.0,0,1.509224282577634,0,12,3,1,M S,Levante,0,0.0,2.1353150978684425,1.1437988132238388,La_Liga,0
8409,Juanlu Sanchez,24,1679,0,0.643406193703413,3,1.4024052396416664,12,18,2,1,D M S,Sevilla,0,0.643406193703413,4.280680894851685,2.7339122518897057,La_Liga,31
8413,Javier López,17,1195,0,0.1525319386273622,1,0.8757125055417418,5,12,2,0,D S,Real Oviedo,0,0.1525319386273622,3.0956970509141684,2.628482818603516,La_Liga,0
8416,Sergio Lozano,1,7,0,0.0,0,0.0,0,0,0,0,S,Levante,0,0.0,0.0,0.0,La_Liga,1
8423,Jon Pacheco Dozagarat,21,1730,0,0.2430377919226884,0,0.7593822702765465,4,5,3,1,D S,Alaves,0,0.2430377919226884,1.9814191441982985,1.834160102531314,La_Liga,0
8424,Aimar Oroz,22,1648,0,1.519816067069769,2,3.108480243012309,26,31,5,0,F M S,Osasuna,0,1.519816067069769,5.417336814105511,2.857472402974963,La_Liga,15
8500,Víctor García,15,701,0,1.0532056204974651,1,1.6494458429515362,12,12,0,0,F M S,Levante,0,1.0532056204974651,2.596435967832804,0.4362468309700489,La_Liga,8
8548,Arnau Tenas,3,270,0,0.0,0,0.0,0,0,0,0,GK,Villarreal,0,0.0,0.1706001982092857,0.1706001982092857,La_Liga,1
8584,Raul Moro,7,350,0,0.1619226746261119,2,1.3092872090637684,4,6,0,0,M S,Osasuna,0,0.1619226746261119,2.1561795584857464,0.8825741186738014,La_Liga,0
8689,Yvan Neyou,5,49,0,0.0,0,0.0,0,0,2,0,S,Getafe,0,0.0,0.0,0.0,La_Liga,0
8725,Luis Milla,28,2484,0,1.2604784723371267,9,5.406424267217517,19,60,3,1,M,Getafe,0,1.2604784723371267,5.825623630546033,3.345578793436289,La_Liga,22
8744,Juan Cruz,14,604,0,0.5461479425430298,0,0.0736327618360519,1,2,0,0,D S,Osasuna,0,0.5461479425430298,1.3310620803385973,1.257429299876094,La_Liga,0
8760,Arsen Zakharyan,16,362,0,1.1044645830988884,0,0.9222379773855208,14,9,1,0,M S,Real Sociedad,0,1.1044645830988884,2.7568196952342987,1.2147431261837482,La_Liga,5
8764,Oriol Rey,17,1127,0,0.2747505372390151,0,0.210859790444374,6,7,3,0,M S,Levante,0,0.2747505372390151,5.37621381226927,5.0166285783052444,La_Liga,11
8821,Donny van de Beek,2,37,0,0.0774523969739675,0,0.0,2,0,0,0,M S,Girona,0,0.0774523969739675,0.3744987845420837,0.2970463931560516,La_Liga,0
8861,Urko Gonzalez,28,1898,0,0.5406906176358461,1,0.3392333183437586,13,10,4,0,M S,"Espanyol,Real Sociedad",0,0.5406906176358461,4.993329459801316,4.397555323317647,La_Liga,0
8872,Matteo Ruggeri,20,1331,0,0.1998444329947233,3,2.9691379573196173,4,20,4,0,D S,Atletico Madrid,0,0.1998444329947233,9.34489181637764,8.097091108560562,La_Liga,20
8893,Josan,15,464,0,0.2787706330418587,2,2.241609025746584,3,15,2,0,D M S,Elche,0,0.2787706330418587,4.148580840788782,2.014335512183606,La_Liga,5
8902,José Salinas,10,221,0,0.0,0,0.129030168056488,0,4,2,0,D S,Espanyol,0,0.0,0.9803878664970398,0.9603677988052368,La_Liga,2
8946,Mourad El Ghezouani,2,42,0,0.1101522445678711,0,0.0302054788917303,1,1,0,0,S,Elche,0,0.1101522445678711,0.2580279465764761,0.1176702231168747,La_Liga,3
8972,Victor Chust,23,1788,0,0.3222646526992321,0,0.0647720042616128,5,3,6,1,D S,Elche,0,0.3222646526992321,5.360448511317372,5.360448511317372,La_Liga,30
9008,Jairo Izquierdo,1,22,0,0.0,0,0.0,0,0,0,0,S,Elche,0,0.0,0.0,0.0,La_Liga,0
9024,Yeremi Pino,2,165,0,0.1250712722539901,1,0.8602673262357712,2,6,0,0,M,Villarreal,0,0.1250712722539901,2.0280728340148926,1.4558568000793457,La_Liga,1
9217,Jesús Vázquez,17,704,0,0.2740920297801494,0,0.3937843590974808,7,7,2,0,D S,Valencia,0,0.2740920297801494,3.254492277279496,2.8122565373778343,La_Liga,8
9243,Ilaix Moriba,28,1813,0,1.1515593770891428,1,1.6196029260754583,15,13,5,0,M S,Celta Vigo,0,1.1515593770891428,9.147804985754192,6.64162389934063,La_Liga,30
9297,Abdelkabir Abqar,16,1038,0,0.3874060558155179,2,0.7393411099910736,7,4,7,1,D S,Getafe,0,0.3874060558155179,0.4710551081225276,0.3116732258349657,La_Liga,0
9424,Pablo Cuñat,2,180,0,0.0,0,0.0,0,0,0,0,GK,Levante,0,0.0,0.0,0.0,La_Liga,0
9465,Beñat Turrientes,19,852,0,0.6961091458797455,3,0.9958379790186882,15,9,5,0,M S,Real Sociedad,0,0.6961091458797455,3.906811131164432,2.7164139971137047,La_Liga,20
9505,Beñat Prados,2,87,0,0.0202444195747375,0,0.03657878190279,1,2,1,0,M S,Athletic Club,0,0.0202444195747375,0.1660694107413292,0.1294906288385391,La_Liga,2
9519,Carlos Domínguez,8,602,0,0.4936205185949802,0,0.0324050560593605,2,1,1,0,D S,Celta Vigo,0,0.4936205185949802,2.678647793829441,2.646242737770081,La_Liga,8
9520,Hugo Sotelo,16,1102,0,0.0896841175854206,2,2.1454986352473497,2,23,2,0,M S,Celta Vigo,0,0.0896841175854206,5.437583340331912,4.82057685405016,La_Liga,13
9768,Jesús Areso,23,1387,0,0.095483249053359,1,1.4763740953058004,3,21,3,0,D S,Athletic Club,0,0.095483249053359,2.728860080242157,2.054601229727268,La_Liga,15
9773,Joan García,23,2070,0,0.0,0,0.0,0,0,1,0,GK,Barcelona,0,0.0,9.851107530295849,9.851107530295849,La_Liga,3
9793,Matías Dituro,13,1170,0,0.0,0,0.0772495418787002,0,1,1,0,GK,Elche,0,0.0,3.3357272688299417,3.2584777418524027,La_Liga,0
9804,Gavi,3,55,0,0.0,1,0.1401124224066734,0,3,0,0,S,Barcelona,0,0.0,0.5714934319257736,0.4636357426643371,La_Liga,1
9805,Álex Balde,21,1555,0,0.3146120570600033,2,2.844735460355878,8,21,1,0,D S,Barcelona,0,0.3146120570600033,14.710758801549671,11.918121438473465,La_Liga,0
9813,Randy Nteka,8,67,0,0.208919795230031,0,0.0221588034182786,4,1,0,0,S,Rayo Vallecano,0,0.208919795230031,0.138408089056611,0.0221588034182786,La_Liga,2
9824,Julen Agirrezabala,18,1620,0,0.0,0,0.0134038729593157,0,1,1,0,GK,Valencia,0,0.0,0.8106938730925322,0.8106938730925322,La_Liga,1
9839,Leo Román,24,2160,0,0.0,0,0.0,0,0,3,0,GK,Mallorca,0,0.0,2.685313805937767,2.685313805937767,La_Liga,1
9922,Jon Karrikaburu,6,106,0,0.6936077550053596,0,0.0238551869988441,6,1,0,0,S,Real Sociedad,0,0.6936077550053596,0.4677266627550125,0.0,La_Liga,1
9970,Antonio Sánchez,24,928,0,0.5342528652399778,0,0.8361209705471992,6,9,2,1,D M S,Mallorca,0,0.5342528652399778,3.1449512392282486,1.811780141666532,La_Liga,9
10067,Rubén Sánchez,14,447,0,0.0547466268762946,1,0.9001980610191822,3,7,2,0,D S,Espanyol,0,0.0547466268762946,3.386956289410591,2.630494881421328,La_Liga,0
10101,Carlos Martín,6,330,0,0.8444243520498276,0,0.5321508049964905,4,1,1,0,F M S,Rayo Vallecano,0,0.8444243520498276,1.5712546221911907,0.1946794763207435,La_Liga,4
10107,César Tárrega,23,1778,0,0.2831924427300691,0,0.09015997312963,7,2,5,0,D S,Valencia,0,0.2831924427300691,4.52542747464031,4.460317342542112,La_Liga,18
10121,Ilias Akhomach,17,687,0,2.357596643269062,0,1.0507037173956633,20,8,2,0,M S,"Rayo Vallecano,Villarreal",0,2.357596643269062,4.411963019520044,2.012474931776524,La_Liga,9
10128,Javi Llabrés,14,133,0,0.2208419982343912,0,0.0436721295118331,4,1,0,0,M S,Mallorca,0,0.2208419982343912,0.2662875801324844,0.0748725105077028,La_Liga,0
10155,Rubén Iranzo,1,1,0,0.0,0,0.0,0,0,0,0,S,Valencia,0,0.0,0.0,0.0,La_Liga,0
10189,Marc Pubill,12,838,0,0.2221174966543913,1,0.6268223077058792,6,3,1,0,D S,Atletico Madrid,0,0.2221174966543913,4.077041152864695,3.539426956325769,La_Liga,7
10380,Zito,4,131,0,0.1272005401551723,1,0.1304318141192197,3,4,1,0,M S,Mallorca,0,0.1272005401551723,0.7548431977629662,0.4972108528017998,La_Liga,0
10397,Ugo Raghouber,8,425,0,0.0199626199901103,0,0.0577274151146411,1,1,0,0,M S,Levante,0,0.0199626199901103,0.2953772041946649,0.2754145842045545,La_Liga,4
10526,Abu Kamara,9,162,0,0.3746976628899574,0,0.0520618315786123,3,2,1,0,M S,Getafe,0,0.3746976628899574,0.4386438447982073,0.0118843521922826,La_Liga,2
10614,Damián Rodríguez,2,155,0,0.0666191801428794,0,0.1211103573441505,3,2,1,0,M,Celta Vigo,0,0.0666191801428794,1.6293264627456665,1.5556451082229614,La_Liga,0
10620,Luca Koleosho,3,48,0,0.024271871894598,0,0.0189368296414613,1,1,0,0,S,Espanyol,0,0.024271871894598,0.2459692731499672,0.2027605772018432,La_Liga,1
10858,Jorge Herrando,24,1386,0,0.1706695649772882,1,0.6935188174247742,3,2,2,0,D S,Osasuna,0,0.1706695649772882,1.4836272690445185,1.4506920408457518,La_Liga,13
10875,Omar El Hilali,27,2125,0,0.0136713292449712,2,1.4993599969893694,1,13,5,0,D S,Espanyol,0,0.0136713292449712,4.458110121078789,3.522003506310284,La_Liga,41
10982,Copete,21,1767,0,1.944704715162516,0,0.1642674310132861,13,5,5,0,D S,Valencia,0,1.944704715162516,4.536973598413169,4.47673115786165,La_Liga,15
11057,André Almeida,18,935,0,0.8195844329893589,1,2.1108876960352063,8,17,0,0,F M S,Valencia,0,0.8195844329893589,5.841197872534394,3.854348685592413,La_Liga,0
11091,Veljko Birmancevic,2,52,0,0.053722932934761,0,0.1094615757465362,1,2,0,0,S,Getafe,0,0.053722932934761,0.7987558245658875,0.6355712674558163,La_Liga,0
11151,Marc Casadó,19,846,0,0.4599047219380736,1,0.4292725957930088,9,10,0,0,M S,Barcelona,0,0.4599047219380736,7.343091323971748,6.72024542838335,La_Liga,8
11185,Pablo Marín,25,1099,0,1.223766099661589,0,0.2073611952364444,12,6,1,0,M S,Real Sociedad,0,1.223766099661589,3.231280269101262,1.9699427485466003,La_Liga,13
11266,Manu Bueno,5,71,0,0.0956592112779617,0,0.200551226735115,1,2,0,0,S,Sevilla,0,0.0956592112779617,1.1144376248121262,0.9138864129781724,La_Liga,1
11306,Cyril Ngonge,5,227,0,0.3455728366971016,2,0.7751270234584808,7,5,2,0,M S,Espanyol,0,0.3455728366971016,1.0341891646385193,0.1015374576672911,La_Liga,2
11343,Gabriel Suazo,21,1577,0,0.2580093722790479,2,2.2717115599662066,4,32,6,0,D S,Sevilla,0,0.2580093722790479,5.118793185800314,3.9073377046734095,La_Liga,52
11381,Dawda Camara,2,73,0,0.1603239923715591,0,0.0742387026548385,2,1,0,0,F S,Girona,0,0.1603239923715591,0.1399038955569267,0.0,La_Liga,0
11383,Renato Veiga,25,1833,0,0.1798072038218379,0,0.0500294882804155,8,2,3,1,D S,Villarreal,0,0.1798072038218379,8.504394698888063,8.353876776993275,La_Liga,5
11395,Iker Muñoz,13,640,0,0.2308735763654112,0,0.2088790982961654,7,3,3,0,M S,Osasuna,0,0.2308735763654112,1.071374861523509,0.7928447481244802,La_Liga,7
11401,Haissem Hassan,28,1595,0,1.8692189007997515,3,1.6195851303637028,30,17,1,0,F M S,Real Oviedo,0,1.8692189007997515,5.102350562810898,2.347943864762783,La_Liga,19
11494,Justin-Noel Kalumba,2,33,0,0.0,0,0.0,0,0,0,0,S,Mallorca,0,0.0,0.2677830457687378,0.2677830457687378,La_Liga,0
11617,Yago Alonso,8,269,0,0.1545259803533554,0,0.0823154151439666,2,2,1,0,M S,Elche,0,0.1545259803533554,0.6895101312547922,0.5053495075553656,La_Liga,0
11705,Federico Gattoni,1,5,0,0.0,0,0.0,0,0,0,0,S,Sevilla,0,0.0,0.0,0.0,La_Liga,0
11740,Álvaro Vallés,20,1800,0,0.0,0,0.0,0,0,1,0,GK,Real Betis,0,0.0,2.8747899709269404,2.8747899709269404,La_Liga,0
11744,Sergi Cardona,23,1530,0,0.6729642245918512,3,2.4115445353090763,14,13,4,0,D S,Villarreal,0,0.6729642245918512,8.825462080538273,7.849836375564337,La_Liga,24
11809,Lucas Bergström,5,450,0,0.0,0,0.0,0,0,1,0,GK,Mallorca,0,0.0,0.9126056060194968,0.9126056060194968,La_Liga,0
11826,Carlos Benavídez,9,234,0,0.2258257940411567,0,0.0830722209066152,3,2,0,1,D S,Alaves,0,0.2258257940411567,0.3317715339362621,0.1077420320361852,La_Liga,5
11834,Adrià Alti,1,7,0,0.0,0,0.0,0,0,0,0,S,Villarreal,0,0.0,0.028195347636938,0.028195347636938,La_Liga,0
11890,Natan,26,2267,0,0.3566119400784373,0,0.1875674026086926,8,5,7,0,D,Real Betis,0,0.3566119400784373,7.044825587421656,6.923540387302637,La_Liga,15
11924,Clemens Riedel,16,1126,0,0.1087655127048492,1,0.159012303687632,3,3,4,0,D S,Espanyol,0,0.1087655127048492,2.754681813530624,2.6744621200487018,La_Liga,11
12044,Dani Pérez,1,1,0,0.0,0,0.0,0,0,0,0,S,Real Betis,0,0.0,0.0,0.0,La_Liga,0
12046,Jhon Solis,12,362,0,0.1824372038245201,0,0.0616481304168701,3,1,0,0,M S,Girona,0,0.1824372038245201,0.8263201098889112,0.7203838434070349,La_Liga,3
12180,Javier Rodríguez,25,1888,0,0.8124384488910437,1,0.5783786633983254,9,8,4,0,D S,Celta Vigo,0,0.8124384488910437,8.0765895312652,7.556560746394098,La_Liga,0
12207,Victor Parada,21,1423,0,1.2461828151717782,3,2.3470336636528373,6,13,6,1,D S,Alaves,0,1.2461828151717782,4.962341662496328,3.853986013680697,La_Liga,6
12298,Augusto Batalla,29,2610,0,0.0,0,0.0504690390080213,0,2,4,0,GK,Rayo Vallecano,0,0.0,6.676574340090156,6.656414290890098,La_Liga,1
12323,Johnny Cardoso,13,784,0,0.0442219888791441,0,0.3355124518275261,2,3,5,0,M S,Atletico Madrid,0,0.0442219888791441,2.752377048134804,2.4710518792271614,La_Liga,18
12353,Jon Martín,18,1620,0,1.0390478884801269,0,0.1884760037064552,11,2,4,0,D,Real Sociedad,0,1.0390478884801269,4.775332752615213,4.522077862173319,La_Liga,12
12426,Stanis Idumbo Muzambo,1,48,0,0.0494507662951946,0,0.2678038775920868,1,1,0,0,M,Sevilla,0,0.0494507662951946,0.3172546625137329,0.0,La_Liga,0
12472,Iñigo Arguibide,6,187,0,0.0,0,0.0317141897976398,0,1,0,1,D S,Osasuna,0,0.0,0.1376515524461865,0.1059373626485467,La_Liga,3
12642,Yoel Lago,4,340,0,0.0,0,0.0244398601353168,0,1,2,0,D,Celta Vigo,0,0.0,0.9825319685041904,0.9580921083688736,La_Liga,3
12721,Ladislav Krejcí,2,180,0,0.1215347275137901,0,0.0,1,0,1,0,D,Girona,0,0.1215347275137901,0.1134412828832864,0.1134412828832864,La_Liga,0
12723,Alejandro Francés,17,588,0,0.2258009938523173,1,0.8213679492473602,7,8,1,1,D S,Girona,0,0.2258009938523173,2.9628426656126976,2.563226625323296,La_Liga,9
12724,Adama Boiro,9,597,0,0.0368569269776344,0,0.1399121209979057,1,3,1,0,D S,Athletic Club,0,0.0368569269776344,1.17734382674098,1.0413606464862823,La_Liga,7
12821,Gerard Martín,24,1466,0,0.2263313587754964,0,0.737631599418819,5,12,5,0,D S,Barcelona,0,0.2263313587754964,9.76396462135017,9.25457969121635,La_Liga,22
12863,Pedro Díaz,26,1390,0,1.3170318808406591,0,0.9808621993288398,32,18,1,0,F M S,Rayo Vallecano,0,1.3170318808406591,5.715169733390212,3.966715821996331,La_Liga,18
12864,Pelayo Fernández,1,37,0,0.0570813156664371,0,0.0,1,0,0,0,S,Rayo Vallecano,0,0.0570813156664371,0.0853876248002052,0.0853876248002052,La_Liga,0
12870,Buba Sangaré,4,114,0,0.0734957829117775,0,0.0,1,0,0,0,D S,Elche,0,0.0734957829117775,0.0734957829117775,0.0,La_Liga,4
12883,Marc Domenech,7,198,0,0.1169546842575073,1,0.5047692880034447,3,2,0,0,M S,Mallorca,0,0.1169546842575073,0.6539514735341072,0.0512349978089332,La_Liga,2
12884,Endrick,1,5,0,0.0,0,0.0,0,0,0,0,S,Real Madrid,0,0.0,0.0,0.0,La_Liga,0
12901,Antoniu Roca,8,92,0,0.1816798001527786,0,0.0163562446832656,3,1,1,0,M S,Espanyol,0,0.1816798001527786,1.5741547010838983,1.3761186562478542,La_Liga,0
12914,Pau Navarro,17,1447,0,0.0226786062121391,0,0.4357209205627441,1,4,3,0,D,Villarreal,0,0.0226786062121391,3.819727577269077,3.42167978733778,La_Liga,32
12917,Luiz Júnior,26,2340,0,0.0,0,0.0,0,0,3,0,GK,Villarreal,0,0.0,5.752645216882229,5.752645216882229,La_Liga,0
12951,Jan Salas,2,6,0,0.0,0,0.0,0,0,0,0,S,Mallorca,0,0.0,0.0,0.0,La_Liga,0
12995,Bojan Miovski,1,44,0,0.0,0,0.0,0,0,0,0,F,Girona,0,0.0,0.0,0.0,La_Liga,0
13005,Yáser Asprilla,15,601,0,0.5583002185449004,0,1.7849864326417446,15,12,0,0,F M S,Girona,0,0.5583002185449004,1.4411142249591649,0.7090051285922527,La_Liga,4
13047,Coba da Costa,14,318,0,0.2343458440154791,0,0.0849930155090987,5,3,1,0,M S,Getafe,0,0.2343458440154791,0.6364300651475787,0.4354630215093493,La_Liga,6
13083,Matías Moreno,19,1498,0,1.0884073935449123,0,0.1965607143938541,7,3,5,0,D S,Levante,0,1.0884073935449123,5.008167359977961,4.910456795245409,La_Liga,18
13110,Toni Fernández,1,48,0,0.0,0,0.0881161764264106,0,1,0,0,F,Barcelona,0,0.0,0.0881161764264106,0.0,La_Liga,0
13113,David Jiménez,2,78,0,0.090881623327732,0,0.0,1,0,0,0,D S,Real Madrid,0,0.090881623327732,0.2897253930568695,0.198843777179718,La_Liga,1
13198,Ramón Martínez,2,99,0,0.0,0,0.0,0,0,0,0,S,Sevilla,0,0.0,0.885494738817215,0.885494738817215,La_Liga,0
13200,Fernando López,8,512,0,0.2863921597599983,0,0.292031267657876,5,3,1,0,F M S,Celta Vigo,0,0.2863921597599983,1.83950836956501,1.516985684633255,La_Liga,0
13236,Diego Aguado,1,24,0,0.0,0,0.0,0,0,0,0,S,Real Madrid,0,0.0,0.1427914202213287,0.1427914202213287,La_Liga,1
13266,Daniel Yáñez,1,27,0,0.0,1,0.3712937831878662,0,2,0,0,S,Real Madrid,0,0.0,0.0492678172886371,0.0492678172886371,La_Liga,1
13267,Arkaitz Mariezkurrena,1,1,0,0.0,0,0.0,0,0,0,0,S,Real Sociedad,0,0.0,0.0,0.0,La_Liga,0
13278,Youssef Lekhedim,21,1146,0,0.7701235758140683,1,2.082462463527918,10,12,5,0,D S,Alaves,0,0.7701235758140683,5.060750110074878,2.980183944106102,La_Liga,8
13319,Facundo Garcés,10,786,0,0.61756222974509,0,0.0,8,0,3,0,D S,Alaves,0,0.61756222974509,0.7101098354905844,0.6371504832059145,La_Liga,8
13334,Ismael Bekhoucha,4,106,0,0.0254324898123741,1,0.721170961856842,1,1,2,0,D S,Getafe,0,0.0254324898123741,1.1573026180267334,0.4361315965652466,La_Liga,5
13374,Ángel Ortiz,13,584,0,0.0273902136832475,0,0.8803559150546789,1,6,1,0,D S,Real Betis,0,0.0273902136832475,1.54257298912853,0.8120450833812356,La_Liga,19
13376,Pablo García,14,331,0,1.302853174507618,0,0.0550342518836259,11,2,1,0,M S,Real Betis,0,1.302853174507618,1.5911442004144192,0.3231924325227737,La_Liga,5
13420,Vladyslav Krapyvtsov,2,136,0,0.0,0,0.0,0,0,0,0,GK S,Girona,0,0.0,0.0656651929020881,0.0656651929020881,La_Liga,0
13543,Valde,1,81,0,0.0,0,0.018097510561347,0,1,0,0,D,Real Madrid,0,0.0,0.162386879324913,0.1442893743515014,La_Liga,0
13558,Daniel Díaz,1,13,0,0.0,0,0.0,0,0,0,0,S,Real Sociedad,0,0.0,0.0,0.0,La_Liga,0
13580,Mikel Goti,4,64,0,0.7785072475671768,0,0.0,3,0,0,0,M S,Real Sociedad,0,0.7785072475671768,0.1768126040697097,0.0,La_Liga,1
13600,Andrés Castrín,11,672,0,0.3137381449341774,0,0.0332721732556819,5,1,3,0,D S,Sevilla,0,0.3137381449341774,1.385949790477753,1.385949790477753,La_Liga,0
13638,Hugo Solozabal,1,4,0,0.0,0,0.0,0,0,0,0,S,Getafe,0,0.0,0.0,0.0,La_Liga,0
13646,Lander Pinillos,1,1,0,0.0,0,0.0,0,0,0,0,S,Alaves,0,0.0,0.0,0.0,La_Liga,0
13694,Jozhua Vertrouwd,7,259,0,0.0846294984221458,0,0.077861838042736,1,2,0,0,D S,Rayo Vallecano,0,0.0846294984221458,0.8323214426636696,0.8255295380949974,La_Liga,2
13695,Samu Becerra,3,9,0,0.0,0,0.0846294984221458,0,1,0,0,S,Rayo Vallecano,0,0.0,0.0,0.0,La_Liga,0
13697,Oier Luengo,3,228,0,0.070125862956047,1,0.098943255841732,1,1,0,0,D,Real Oviedo,0,0.070125862956047,0.2799486219882965,0.2799486219882965,La_Liga,5
13698,Rahim Alhassane,20,1422,0,0.0499004358425736,0,1.3877692874521017,2,14,1,0,D S,Real Oviedo,0,0.0499004358425736,4.295082878321409,3.419774617999792,La_Liga,0
13699,Kwasi Sibo,20,1323,0,0.2818251037970185,0,0.0500031504780054,8,3,3,0,M S,Real Oviedo,0,0.2818251037970185,3.8815758805722,3.5876330211758614,La_Liga,17
13702,Borja Sánchez,1,9,0,0.0,0,0.0,0,0,0,0,S,Real Oviedo,0,0.0,0.0,0.0,La_Liga,0
13703,Marco Esteban,1,40,0,0.0,0,0.0,0,0,0,0,S,Real Oviedo,0,0.0,0.0,0.0,La_Liga,0
13704,Omar Falah,1,9,0,0.0,0,0.0,0,0,0,0,S,Real Oviedo,0,0.0,0.0,0.0,La_Liga,0
13748,Jofre Torrents,3,33,0,0.0,0,0.0,0,0,0,0,S,Barcelona,0,0.0,1.2118503153324127,1.2118503153324127,La_Liga,2
13749,Dro Fernández,4,83,0,0.0,0,0.0516483634710311,0,2,0,0,M S,Barcelona,0,0.0,0.6772245950996876,0.6255762316286564,La_Liga,0
13761,Filip Ugrinic,18,1047,0,0.4034112300723791,3,2.144515563733876,15,14,3,0,F M S,Valencia,0,0.4034112300723791,4.223058767616749,3.354992183856666,La_Liga,9
13764,Calebe,17,742,0,0.1414615493267774,0,0.4210248803719878,5,10,2,0,D F M S,Alaves,0,0.1414615493267774,2.977892049588263,2.4599050730466843,La_Liga,14
13766,Jorge Cabello,5,367,0,0.0,0,0.0,0,0,1,0,D S,Levante,0,0.0,0.7887009792029858,0.7887009792029858,La_Liga,3
13767,Roger Brugué,15,914,0,2.8458912689238787,1,0.6584169827401638,18,6,1,0,F M S,Levante,0,2.8458912689238787,5.168369673192501,2.3214142620563507,La_Liga,0
13770,Paco Cortés,11,394,0,0.51489551179111,0,0.8811371438205242,11,5,2,0,F M S,Levante,0,0.51489551179111,1.875569559633732,0.5975478962063789,La_Liga,1
13772,Nacho Pérez,2,79,0,0.0,0,0.0242412872612476,0,1,0,0,D S,Levante,0,0.0,0.0242412872612476,0.0,La_Liga,1
13787,Manuel Fernández,13,726,0,0.0420662704855203,0,0.0310803558677434,2,2,2,0,D S,Celta Vigo,0,0.0420662704855203,3.782723367214203,3.709576785564423,La_Liga,0
13788,Davinchi,7,416,0,0.1721816435456276,0,0.0291446186602115,3,2,1,0,D S,Getafe,0,0.1721816435456276,0.3509474098682403,0.1916308961808681,La_Liga,10
13790,Joselu Pérez,2,16,0,0.0140858823433518,0,0.0,1,0,0,0,S,Getafe,0,0.0140858823433518,0.0140858823433518,0.0,La_Liga,0
13821,Urko Izeta,11,139,0,1.1592427976429462,0,0.3224271722137928,8,2,2,0,F S,Athletic Club,0,1.1592427976429462,0.6328749284148216,0.0324519015848636,La_Liga,0
13823,Miguel Sierra,4,50,0,0.1966240983456373,0,0.0,4,0,0,0,S,Sevilla,0,0.1966240983456373,0.2267779856920242,0.0301538873463869,La_Liga,0
13836,Álvaro Núñez,21,1784,0,0.2243863698095083,2,2.517910910770297,6,20,2,0,D M,"Celta Vigo,Elche",0,0.2243863698095083,9.014578180387616,8.048144014552236,La_Liga,0
13837,David Affengruber,27,2178,0,0.7534260423853993,0,0.3038414008915424,8,6,6,1,D S,Elche,0,0.7534260423853993,6.680364802479744,5.986199017614126,La_Liga,37
13838,Ali Houary,2,133,0,0.0558448247611522,0,0.0,2,0,0,0,M,Elche,0,0.0558448247611522,0.0558448247611522,0.0,La_Liga,2
13841,Federico Redondo,10,146,0,0.0722631886601448,0,0.0104665448889136,1,1,0,0,M S,Elche,0,0.0722631886601448,0.0938160018995404,0.0833494570106267,La_Liga,2
13843,Bambo Diaby,4,98,0,0.0,0,0.0,0,0,1,0,D S,Elche,0,0.0,0.0600255103781819,0.0600255103781819,La_Liga,0
13848,Thiago Pitarch,4,285,0,0.1911620050668716,0,0.2106472104787826,3,1,1,0,M,Real Madrid,0,0.1911620050668716,0.7659330181777477,0.3641237951815128,La_Liga,0
13855,Iván Corralejo,1,11,0,0.0,0,0.0,0,0,0,0,S,Real Betis,0,0.0,0.0551396198570728,0.0551396198570728,La_Liga,0
13889,Jano Monserrate,1,13,0,0.0,0,0.0,0,0,0,0,S,Atletico Madrid,0,0.0,0.0,0.0,La_Liga,2
13953,Santiago Colombatto,24,1635,0,0.5880112154409289,1,1.957531439140439,12,20,6,0,M S,Real Oviedo,0,0.5880112154409289,5.317063678056002,4.341214947402477,La_Liga,16
13954,Álex Forés,15,269,0,0.7922417521476746,1,0.0199069753289222,8,1,0,0,F S,Real Oviedo,0,0.7922417521476746,1.322949506342411,0.5908136367797852,La_Liga,0
13991,Jan Virgili,22,1476,0,1.8502737414091823,4,3.4738964876160026,26,25,0,1,F M S,Mallorca,0,1.8502737414091823,6.500305534340441,2.412831014022231,La_Liga,8
13997,Hugo Lopez,2,57,0,0.0,0,0.0,0,0,0,0,M S,Villarreal,0,0.0,0.0,0.0,La_Liga,1
14001,Nelson Deossa,16,597,0,0.4419036190956831,0,0.5050768200308084,16,5,3,0,M S,Real Betis,0,0.4419036190956831,3.827945278957486,3.135099284350872,La_Liga,7
14012,Fábio Cardoso,4,309,0,0.0,0,0.0,0,0,0,0,D,Sevilla,0,0.0,0.2649941742420196,0.2649941742420196,La_Liga,3
14018,Lucas Ahijado,15,973,0,1.077176619321108,1,1.3409880846738815,8,8,2,0,D S,Real Oviedo,0,1.077176619321108,4.3753247037529945,2.797293933108449,La_Liga,27
14086,Alex Sancris,15,628,0,0.3494899617508054,1,0.989602810703218,11,8,1,1,F M S,Getafe,0,0.3494899617508054,0.8718908708542585,0.4326532557606697,La_Liga,5
14089,Lancinet Kourouma,5,23,0,0.0,0,0.0,0,0,0,1,S,Girona,0,0.0,0.0,0.0,La_Liga,0
14116,Diego Morcillo,1,8,0,0.5672497153282166,0,0.0,1,0,0,0,S,Alaves,0,0.5672497153282166,0.6797209978103638,0.112471267580986,La_Liga,0
14117,Carlos Ballestero,1,1,0,0.0,0,0.0,0,0,0,0,S,Alaves,0,0.0,0.0,0.0,La_Liga,0
14129,Xavi Espart,2,91,0,0.0,0,0.0,0,0,0,0,D S,Barcelona,0,0.0,0.1916901767253875,0.1916901767253875,La_Liga,1
14167,Selton Sánchez,7,191,0,0.2842219620943069,1,0.1571777909994125,4,4,0,0,M S,Athletic Club,0,0.2842219620943069,1.3910062201321125,0.949606478214264,La_Liga,2
14173,Pablo Agudín,5,47,0,0.0426228204742074,0,0.0,2,0,0,0,S,Real Oviedo,0,0.0426228204742074,0.0299487896263599,0.0,La_Liga,0
14183,Asier Hierro,1,30,0,0.0869530513882637,0,0.0195711869746446,1,1,0,0,S,Athletic Club,0,0.0869530513882637,0.1065242365002632,0.0,La_Liga,0
14202,Jorge Montes,1,24,0,0.0,0,0.0,0,1,0,0,S,Getafe,0,0.0,0.0,0.0,La_Liga,2
14205,Tomás Marqués,1,3,0,0.0,0,0.0,0,0,0,0,S,Barcelona,0,0.0,0.0,0.0,La_Liga,0
14208,Gorka Carrera,1,8,0,0.0,0,0.0,0,0,0,0,S,Real Sociedad,0,0.0,0.0185927096754312,0.0185927096754312,La_Liga,0
14216,Eder García,2,30,0,0.0365744195878505,0,0.0,1,0,1,0,S,Athletic Club,0,0.0365744195878505,0.0672711096704006,0.03069669008255,La_Liga,0
14221,Carlos Macià,4,64,0,0.0231574438512325,0,0.0,1,0,1,0,S,Villarreal,0,0.0231574438512325,0.0448665767908096,0.0217091329395771,La_Liga,0
14222,Aitor Mañas,6,58,0,0.5702066421508789,0,0.0306509360671043,1,2,0,0,S,Alaves,0,0.5702066421508789,0.2890326306223869,0.2583816945552826,La_Liga,2
14227,Juan Arango,2,14,0,0.0,0,0.0,0,0,1,0,S,Girona,0,0.0,0.0,0.0,La_Liga,0
14246,Jorge Cestero,2,8,0,0.0,0,0.0,0,0,0,0,S,Real Madrid,0,0.0,0.0,0.0,La_Liga,0
14258,Kareem Tunde,13,826,0,0.4318553917109966,1,0.5738371722400188,11,5,3,0,M S,Levante,0,0.4318553917109966,2.0256100250408053,1.300797201693058,La_Liga,11
14259,Lander Astiazarán,1,1,0,0.0211206022650003,0,0.0,1,0,0,0,S,Real Sociedad,0,0.0211206022650003,0.0,0.0,La_Liga,0
14287,Alejandro Mestanza,3,68,0,0.0186938811093568,0,0.0,1,0,0,0,M S,Getafe,0,0.0186938811093568,0.0623364271596074,0.0436425460502505,La_Liga,1
14316,Nicolás Fonseca,12,507,0,0.0894034868106246,0,0.0806901380419731,5,2,3,0,M S,Real Oviedo,0,0.0894034868106246,1.8098979275673628,1.7204944267868996,La_Liga,16
14323,Julio Díaz,1,90,0,0.0327764712274074,0,0.0134829543530941,1,1,0,0,D,Atletico Madrid,0,0.0327764712274074,0.1804566234350204,0.1341971904039383,La_Liga,1
14334,Thiago Borbas,5,40,0,0.5530440509319305,0,0.0,3,0,1,0,S,Real Oviedo,0,0.5530440509319305,0.0933774597942829,0.0351529419422149,La_Liga,0
14352,César Palacios,2,43,0,0.0884153470396995,0,0.0289352163672447,1,1,0,0,S,Real Madrid,0,0.0884153470396995,0.1841355189681053,0.066784955561161,La_Liga,1
14362,Hugo Burcio,1,4,0,0.0,0,0.0,0,0,0,0,S,Celta Vigo,0,0.0,0.1351992636919021,0.1351992636919021,La_Liga,0
14364,Job Ochieng,1,21,0,0.0,0,0.1534191071987152,0,2,0,0,S,Real Sociedad,0,0.0,0.1534191071987152,0.1138365715742111,La_Liga,0
14366,Álex Sánchez,1,5,0,0.0,1,0.0798447132110595,0,1,0,0,S,Elche,0,0.0,0.0798447132110595,0.0798447132110595,La_Liga,1
14387,Zaid Romero,9,810,0,0.4051246307790279,0,0.0902770534157753,5,2,3,0,D,Getafe,0,0.4051246307790279,1.3530086055397987,1.0890231654047966,La_Liga,13
14389,Sebastián Boselli,6,112,0,0.3355171978473663,0,0.0,2,0,1,0,D S,Getafe,0,0.3355171978473663,0.0,0.0,La_Liga,5
14393,Thiago Fernández,8,328,0,0.5339868851006031,3,1.9345127828419209,6,4,2,0,M S,Real Oviedo,0,0.5339868851006031,2.9560622200369835,0.9601212069392204,La_Liga,1
14396,Alexander Freeman,4,33,0,0.0,0,0.0,0,0,0,0,S,Villarreal,0,0.0,0.0,0.0,La_Liga,0
14397,Tai Abed,3,18,0,0.0,0,0.0,0,0,0,0,S,Levante,0,0.0,0.0,0.0,La_Liga,0
14400,Lucas Cepeda,6,340,0,0.6002051569521427,0,0.1248888727277517,9,4,1,0,M S,Elche,0,0.6002051569521427,1.248790018260479,0.7114273812621832,La_Liga,3
14413,Wesley,3,62,0,0.0,0,0.0,0,0,0,0,M S,Real Sociedad,0,0.0,0.0609943121671676,0.0609943121671676,La_Liga,0
14439,Obed Vargas,3,125,0,0.0,0,0.0908467397093772,0,1,1,0,M S,Atletico Madrid,0,0.0,0.5271449536085129,0.4362982101738453,La_Liga,4
14465,Ibrahim Diabate,1,41,0,0.131654754281044,0,0.0,2,0,0,0,S,Alaves,0,0.131654754281044,0.5658345222473145,0.4341797530651092,La_Liga,0
14500,Andrés Antañón,1,15,0,0.0,0,0.0,0,0,0,0,S,Celta Vigo,0,0.0,0.0,0.0,La_Liga,0
14502,Manuel Ángel,2,23,0,0.0356848426163196,0,0.0,1,0,0,0,S,Real Madrid,0,0.0356848426163196,0.2254276126623153,0.189742773771286,La_Liga,2
14519,Ville Koski,2,11,0,0.0,0,0.0,0,0,0,0,S,Alaves,0,0.0,0.0,0.0,La_Liga,1
8260,Erling Haaland,29,2439,22,23.13693391531706,7,4.766327390447259,102,21,1,0,F S,Manchester City,19,20.09225847572088,26.23857509344816,4.129314249381423,EPL,6
13222,Thiago,31,2662,19,21.101609505712982,1,3.155416488647461,71,19,6,0,F S,Brentford,13,15.773427560925484,19.4751720353961,3.4934082627296448,EPL,0
11363,Antoine Semenyo,29,2597,15,11.201724836602809,4,3.091043023392558,68,32,6,0,F M,"Bournemouth,Manchester City",14,9.67938713915646,16.244873739778996,4.950852746143937,EPL,8
8272,João Pedro,31,2345,14,14.15835139900446,5,3.9609613977372646,63,28,4,0,F M S,Chelsea,14,14.15835139900446,17.67835896089673,4.659978250041604,EPL,15
501,Danny Welbeck,30,1832,12,10.899193301796911,0,1.8765279427170756,43,18,5,0,F S,Brighton,11,8.6156866569072,12.241745796054602,3.454270198009908,EPL,11
7254,Viktor Gyokeres,29,1927,11,9.996114503592253,0,2.0942770866677165,43,16,4,0,F S,Arsenal,9,8.473776828497648,12.324206240475178,3.1395355220884085,EPL,5
8995,Hugo Ekitike,28,1835,11,11.932188130915163,4,2.49130567535758,65,21,0,0,F S,Liverpool,11,11.932188130915163,16.322998896241188,4.886437067762017,EPL,7
5555,Dominic Calvert-Lewin,28,2121,10,13.040963688865304,1,1.47741187363863,57,17,1,0,F S,Leeds,8,10.757457146421077,13.490071391686795,2.036243794485926,EPL,4
5596,Harry Wilson,29,2332,10,5.022745272144675,6,4.794417379423976,66,30,6,0,M S,Fulham,10,5.022745272144675,9.297057498246431,2.6837670151144266,EPL,16
4105,Raúl Jiménez,30,2010,9,11.549762532114984,3,1.8267507925629616,63,22,5,0,F S,Fulham,5,8.50508714094758,9.970767848193644,1.3657792955636978,EPL,17
6026,Richarlison,26,1461,9,7.195341941900551,3,2.2386398361995816,45,15,5,0,F M S,Tottenham,9,7.195341941900551,8.856058618053794,1.9837692137807608,EPL,14
6552,Bryan Mbeumo,26,2241,9,9.655202369205654,3,4.322720665484667,60,38,4,0,F M,Manchester United,9,9.655202369205654,16.906289994716644,4.881845503114164,EPL,10
6857,Morgan Gibbs-White,31,2675,9,8.889336362481117,2,3.089745642617345,65,43,1,0,F M S,Nottingham Forest,8,8.128167524933815,12.848079275339842,3.91202799603343,EPL,12
8327,Bruno Guimarães,23,2022,9,5.774607993662357,4,3.148786906152964,32,38,5,0,M S,Newcastle United,7,4.252270318567753,11.55058690533042,7.467195816338062,EPL,35
8497,Cole Palmer,20,1467,9,8.36176099255681,1,1.7686979342252016,45,19,4,0,F M S,Chelsea,4,4.555916894227266,13.142933204770088,7.72322921641171,EPL,11
8865,Ollie Watkins,30,2355,9,12.484328409656882,1,1.431967057287693,62,16,3,0,F S,Aston Villa,9,12.484328409656882,15.45000460371375,3.615522236563265,EPL,12
11504,Eli Junior Kroupi,26,1164,9,5.907950455322862,0,1.6158881084993482,34,19,3,0,F M S,Bournemouth,8,5.1467816065996885,5.894300810992718,1.523264653980732,EPL,6
11974,Benjamin Sesko,26,1321,9,9.996170883066952,1,0.5251399390399456,53,8,2,0,F S,Manchester United,9,9.996170883066952,11.44720958918333,1.4301269259303808,EPL,3
1228,Bruno Fernandes,28,2452,8,11.163565407507122,16,13.040051192045212,73,102,3,0,M,Manchester United,4,6.596552348695695,19.78147533815354,8.479084998369217,EPL,29
1776,Jarrod Bowen,31,2786,8,7.511679951101541,6,5.223790785297751,67,31,4,0,F M,West Ham,7,6.750511106103659,11.010449893772602,2.747356364503503,EPL,22
5735,Jean-Philippe Mateta,24,1962,8,12.959903243929148,0,1.1059113293886185,55,6,2,0,F S,Crystal Palace,5,10.676396582275627,12.347595684230328,1.591218525543809,EPL,3
11356,Enzo Fernández,30,2609,8,11.047037882730365,3,7.5162071362137794,60,51,8,0,M S,Chelsea,6,9.52470018528402,25.249752268195152,14.943914499133824,EPL,23
12412,Morgan Rogers,31,2770,8,5.7134534772485495,5,5.912384700030088,72,41,6,0,F M,Aston Villa,8,5.7134534772485495,12.573502926155925,4.488886397331953,EPL,18
13729,Zian Flemming,22,1195,8,7.393837385810912,0,0.5873210467398167,37,8,3,0,F S,Burnley,6,5.871499706991017,5.298110789619386,1.1235672254115343,EPL,6
2248,Casemiro,29,2207,7,5.439946871250868,2,2.776081033051014,43,28,8,1,M S,Manchester United,7,5.439946871250868,12.336937833577394,8.313658531755209,EPL,36
5675,Ismaila Sarr,20,1742,7,8.347075961530209,1,1.8981870282441375,34,14,2,0,F M,Crystal Palace,5,6.8247382417321205,9.243515774607658,2.352248603478074,EPL,9
6055,Phil Foden,26,1821,7,6.085879135876894,3,4.706622212193906,51,43,4,0,F M S,Manchester City,7,6.085879135876894,18.12963211350143,10.555935440585015,EPL,12
7080,Matheus Cunha,28,2069,7,5.403650408610702,2,2.556137103587389,72,25,1,0,F M S,Manchester United,7,5.403650408610702,13.492621719837189,7.275626057758927,EPL,19
8117,Nick Woltemade,27,1712,7,7.789635218679905,3,1.6837366092950106,31,14,0,0,F M S,Newcastle United,6,7.028466381132603,7.067031094804406,2.028342917561531,EPL,12
9156,Kevin Schade,28,2240,7,9.764131454750896,3,4.065017273649573,45,25,6,1,F M S,Brentford,7,9.002962617203593,15.039853136986494,3.882648851722479,EPL,21
10746,Jaidon Anthony,30,2152,7,4.271924153901637,1,3.7598346285521984,46,31,4,0,F M S,Burnley,7,4.271924153901637,9.620895460247992,4.479340720921755,EPL,16
6544,Lukas Nmecha,25,883,6,6.4678480457514524,1,0.8312381375581026,22,6,0,0,F S,Leeds,4,4.184341510757804,4.122356414794922,1.097790252417326,EPL,5
7322,Bukayo Saka,27,2010,6,8.220870432443917,3,6.403588719666004,63,53,1,0,F M S,Arsenal,5,7.4597015948966146,17.951708167791367,7.373335309326649,EPL,15
8150,Anthony Gordon,25,1814,6,8.683945398777723,2,3.714877739548683,47,26,3,1,F S,Newcastle United,3,6.400438796728849,10.904677111655474,4.042658658698201,EPL,13
8706,Eberechi Eze,26,1524,6,3.856307918205857,2,2.542106756940484,49,14,1,0,F M S,"Arsenal,Crystal Palace",6,3.856307918205857,9.141494762152432,3.6122574489563695,EPL,11
9307,Iliman Ndiaye,25,2175,6,4.76201138459146,3,3.811655101366341,31,23,2,0,M,Everton,4,3.239673687145114,11.821671154350042,5.157359757460654,EPL,33
9739,Kiernan Dewsbury-Hall,24,2020,6,3.1643794663250446,3,4.931063819676638,30,26,6,0,M S,Everton,6,3.1643794663250446,10.035892836749554,6.080621235072613,EPL,19
9789,Brian Brobbey,24,1367,6,4.385453179478645,1,1.0872187707573175,24,10,4,0,F S,Sunderland,6,4.385453179478645,5.646885450929403,0.647892139852047,EPL,1
9983,Beto,31,1184,6,8.136794798076153,1,0.8076459262520075,32,8,2,0,F S,Everton,6,8.136794798076153,9.052129715681076,0.8341207131743431,EPL,4
11296,Cody Gakpo,29,2157,6,7.874412667006254,3,5.7214399967342615,69,43,2,0,F M S,Liverpool,6,7.874412667006254,15.275038734078407,4.8915938306599855,EPL,10
12916,Thierno Barry,31,1659,6,7.599746348336339,0,0.9004040528088808,32,9,3,0,F S,Everton,6,7.599746348336339,9.064992675557733,2.1115467119961977,EPL,2
12963,Evanilson,29,2247,6,9.838496580719948,0,2.316022977232933,60,24,1,0,F S,Bournemouth,6,9.838496580719948,13.231782250106336,3.225430443882942,EPL,3
468,Callum Wilson,25,1047,5,6.273417538031936,1,0.517014168202877,32,7,0,0,F M S,West Ham,5,6.273417538031936,4.92921843752265,0.4792177099734545,EPL,1
1250,Mohamed Salah,22,1830,5,7.3673995435237885,6,5.632341653108597,56,44,1,0,F M S,Liverpool,4,6.606230705976486,13.573171943426132,4.554319612681866,EPL,8
2203,Emiliano Buendía,29,1481,5,3.339765273965895,2,2.350503511726856,40,23,6,0,M S,Aston Villa,5,3.339765273965895,6.544096488505602,2.2715762108564377,EPL,0
6382,Pedro Neto,29,2239,5,4.810193914920092,4,7.050045987591147,40,44,2,1,F M S,Chelsea,5,4.810193914920092,16.521863609552383,7.792356759309769,EPL,9
6681,Harvey Barnes,30,1658,5,6.706422520801425,0,2.4387461375445127,50,18,1,0,F M S,Newcastle United,5,6.706422520801425,9.878058964386582,3.1460661608725786,EPL,5
7526,Martín Zubimendi,31,2637,5,2.827678130939603,1,0.8698590472340584,26,16,4,0,M S,Arsenal,5,2.827678130939603,12.41526322811842,10.448855912312863,EPL,31
7698,Leandro Trossard,26,1707,5,5.790925524197519,5,3.5453566927462816,44,30,1,0,F M S,Arsenal,5,5.790925524197519,11.592767370864747,4.327562585473061,EPL,14
9492,Crysencio Summerville,24,1890,5,4.631036996841431,1,2.202819134108722,43,20,4,0,F M S,West Ham,5,4.631036996841431,8.295046374201775,2.6862583477050066,EPL,19
9662,Dango Ouattara,25,1744,5,6.156638313084841,3,4.661639116704464,36,20,4,0,F M S,Brentford,5,6.156638313084841,9.595252750441432,1.7409715289250016,EPL,11
9788,Dominik Szoboszlai,29,2606,5,3.809903386980295,3,5.6715395003557205,57,58,7,1,D M,Liverpool,5,3.048734534531832,16.581386893987656,12.112992960959671,EPL,29
10741,Marcus Tavernier,27,2154,5,7.031779666431248,4,3.927886657416821,58,35,4,0,M S,Bournemouth,3,5.509441964328289,12.6659243889153,6.185847975313664,EPL,17
11965,Tijjani Reijnders,26,1500,5,4.472426678985357,2,3.073294181376696,41,18,2,0,M S,Manchester City,5,4.472426678985357,12.348645962774754,6.628960287198424,EPL,4
13364,Diego Gómez,28,1991,5,5.543488278985024,1,2.0924463979899883,35,20,9,0,F M S,Brighton,5,5.543488278985024,12.986728578805923,6.4647949719801545,EPL,47
500,Alex Iwobi,25,2180,4,1.814874871633947,3,3.368830249644816,28,37,3,0,M,Fulham,4,1.814874871633947,8.765824442729354,5.524161513894796,EPL,14
5304,Mikel Merino,21,977,4,4.551519326865673,3,2.2901399955153465,21,12,1,0,F M S,Arsenal,4,4.551519326865673,7.0440468192100525,3.1536439023911957,EPL,13
5553,Declan Rice,30,2593,4,3.6364860106259584,5,7.149592153728008,36,58,2,0,D M S,Arsenal,4,3.6364860106259584,16.691935934126377,11.194164277985692,EPL,29
7148,Wilson Isidor,26,1065,4,4.676430657505989,0,0.0,38,0,2,0,F S,Sunderland,4,4.676430657505989,5.017655044794083,0.5651923306286335,EPL,6
7218,Cristian Romero,22,1804,4,1.8203502781689167,1,1.7087293025106192,16,11,8,2,D S,Tottenham,4,1.8203502781689167,6.005285995081067,4.283094780519605,EPL,28
7365,Lucas Paquetá,18,1544,4,2.440835335291922,1,3.011969303712249,23,23,5,1,F M,West Ham,2,0.9184976601973176,4.265645559877157,1.5286574847996235,EPL,22
7723,John McGinn,24,1795,4,2.4611539281904697,2,2.5687727918848395,20,25,3,0,M S,Aston Villa,4,2.4611539281904697,6.446334503591061,3.0039061652496457,EPL,16
8288,Tomas Soucek,28,1600,4,4.221384443342686,0,0.7478361316025257,17,9,2,1,M S,West Ham,4,4.221384443342686,5.746605269610882,3.4696182888001204,EPL,15
8378,Malick Thiaw,28,2338,4,5.050081560388207,0,0.8268706873059273,25,6,3,0,D S,Newcastle United,4,5.050081560388207,6.830900455825031,6.3274339241907,EPL,24
8397,Florian Wirtz,27,2055,4,5.949139837175608,2,4.30497458204627,42,50,1,0,F M S,Liverpool,4,5.949139837175608,16.78698867931962,8.93710349407047,EPL,24
8651,Enzo Le Fée,29,2323,4,4.35833235271275,4,3.0182221373543143,24,36,5,0,F M S,Sunderland,1,1.3136937823146582,7.115453390404582,4.869849022477865,EPL,43
9749,Donyell Malen,21,600,4,4.73893653601408,1,0.3693819381296634,26,7,0,0,F M S,Aston Villa,4,4.73893653601408,6.387579720467329,1.917095586657524,EPL,2
9910,Anton Stach,26,2156,4,2.622596701607108,3,5.744210455566645,48,56,3,0,M S,Leeds,4,2.622596701607108,9.762719819322228,6.145539548248053,EPL,32
10050,Micky van de Ven,28,2419,4,2.423757927492261,1,0.9611182175576688,15,4,7,1,D,Tottenham,4,2.423757927492261,5.227067185565829,4.918129874393344,EPL,16
10697,Ryan Gravenberch,29,2534,4,1.2909306352958083,3,2.10018627718091,31,24,5,0,M,Liverpool,4,1.2909306352958083,12.238764306530356,10.188844732940195,EPL,30
10751,Brenden Aaronson,30,2029,4,5.446978447958827,3,4.482602879405022,40,26,1,0,F M S,Leeds,4,5.446978447958827,11.642935244366528,2.523965936154127,EPL,22
11070,Jørgen Strand Larsen,28,1896,4,5.339312080293894,1,0.5936462795361876,32,9,4,0,F S,"Crystal Palace,Wolverhampton Wanderers",3,3.816974373534322,5.189182497560978,1.7784941419959068,EPL,2
11592,Nico O&#039;Reilly,28,2131,4,4.614134319126606,3,2.8584181517362595,31,18,4,0,D M S,Manchester City,4,4.614134319126606,16.312320267781615,11.960787545889616,EPL,0
11966,Noah Okafor,24,1315,4,4.78063996322453,0,1.3100237771868706,27,13,3,0,F M S,Leeds,4,4.78063996322453,8.0224429089576,2.69681229442358,EPL,13
13717,Chemsdine Talbi,23,1330,4,2.1782050700858235,1,0.6003798525780439,22,12,0,0,F M S,Sunderland,4,2.1782050700858235,2.575449327006936,0.6821745187044144,EPL,4
833,Virgil van Dijk,31,2790,3,3.4012297224253416,0,0.2787668388336897,22,10,4,0,D,Liverpool,3,3.4012297224253416,9.874872707761824,8.883711104281247,EPL,13
1653,Michael Keane,27,2135,3,3.3516049049794674,0,0.097673699259758,21,1,0,1,D S,Everton,3,3.3516049049794674,4.437477028928697,3.4390816064551477,EPL,21
1679,Dominic Solanke,12,770,3,2.7157057598233223,0,0.2087526395916938,14,5,1,0,F S,Tottenham,3,2.7157057598233223,2.829381451010704,0.9842057656496764,EPL,13
5613,Gabriel,25,2167,3,3.203062755987048,4,2.645656555891037,18,6,3,0,D S,Arsenal,3,3.203062755987048,6.624981854110956,6.11157613247633,EPL,0
6063,Jacob Murphy,26,1247,3,2.9589708112180237,1,4.063673306256533,38,18,1,0,F M S,Newcastle United,3,2.9589708112180237,7.194907123222947,2.238379374146461,EPL,10
6456,Callum Hudson-Odoi,29,1767,3,2.802096726372838,3,3.779639051295817,28,39,0,0,M S,Nottingham Forest,3,2.802096726372838,10.846550078131258,5.653288099914789,EPL,6
6615,Trevoh Chalobah,29,2560,3,1.7106420220807197,0,0.6142567321658134,14,4,3,1,D,Chelsea,3,1.7106420220807197,14.368090137839316,14.236417107284067,EPL,22
7208,Samuel Chukwueze,17,775,3,2.153274295851588,4,2.5674110017716885,21,18,0,0,M S,Fulham,3,2.153274295851588,5.827780567109585,1.915565214119852,EPL,4
7230,Emile Smith-Rowe,30,1450,3,3.566971182823181,0,1.3653860222548246,28,17,1,0,M S,Fulham,3,3.566971182823181,7.084924999624491,3.34476875141263,EPL,0
7498,Lyle Foster,23,1318,3,3.4110175780951977,2,1.145955815911293,18,10,4,0,F M S,Burnley,3,3.4110175780951977,5.793913437053561,2.031426241621375,EPL,10
7768,Mason Mount,18,828,3,1.713440142571926,0,1.3764615170657637,18,14,0,0,M S,Manchester United,3,1.713440142571926,4.889510989189148,2.916035391390324,EPL,8
8094,Mathis Cherki,25,1315,3,2.4447586461901665,8,7.728221256285906,33,42,1,0,F M S,Manchester City,3,2.4447586461901665,14.93486061692238,8.780104206874967,EPL,0
8211,Amine Adli,27,1001,3,3.4929690062999725,1,1.238987473770976,19,16,2,0,M S,Bournemouth,3,3.4929690062999725,6.014695407822728,2.169084176421165,EPL,16
8859,Mikkel Damsgaard,26,1599,3,2.0257420614361763,4,5.239979084581137,21,32,0,0,M S,Brentford,3,2.0257420614361763,9.102894559502602,5.035898854956031,EPL,25
8864,Matthew Cash,28,2466,3,1.1673797108232975,2,2.835349707864225,27,25,7,0,D,Aston Villa,3,1.1673797108232975,7.554911524057388,5.601245690137148,EPL,0
8875,Tolu Arokodare,27,1206,3,5.96686614304781,1,1.1045170426368711,38,10,1,0,F S,Wolverhampton Wanderers,3,5.205697305500507,3.908091012388468,1.033082596026361,EPL,3
9451,Chimuanya Ugochukwu,30,2017,3,2.4567793495953083,1,0.399788212031126,19,8,1,1,M S,Burnley,3,2.4567793495953083,6.792764320969582,4.650379113852978,EPL,0
9453,Moisés Caicedo,26,2190,3,1.365458767861128,1,2.06601207703352,22,13,9,1,M S,Chelsea,3,1.365458767861128,14.85759161412716,13.184917874634266,EPL,43
9780,Mathys Tel,24,887,3,2.211769381538033,0,1.5321973506361246,27,19,0,0,F M S,Tottenham,3,2.211769381538033,4.187740107998252,1.3850181885063648,EPL,10
10715,João Palhinha,26,1775,3,1.4433689191937449,2,0.6405610861256719,23,6,6,0,D M S,Tottenham,3,1.4433689191937449,3.705661428160965,2.505663584917784,EPL,53
10807,Jan Paul van Hecke,29,2584,3,2.6416715094819665,2,0.8352001160383224,19,9,7,0,D,Brighton,3,2.6416715094819665,12.198550760746002,11.55161241814494,EPL,24
10809,Keane Lewis-Potter,29,1319,3,2.0831215996295214,2,1.852232176810503,21,13,1,0,D F M S,Brentford,3,2.0831215996295214,4.361769100651145,1.3634561989456415,EPL,10
11385,Yasin Ayari,24,1714,3,2.064333003014326,2,1.303660620003939,40,13,1,0,M S,Brighton,3,2.064333003014326,7.411335296928883,5.138047395274043,EPL,23
11707,Jurriën Timber,30,2475,3,4.030840836465359,5,2.5891424333676696,25,28,5,0,D S,Arsenal,3,4.030840836465359,11.438589019700885,8.65939543582499,EPL,35
11944,Patrick Dorgu,22,1327,3,2.0813217908144,3,2.645839985460043,20,24,5,0,D M S,Manchester United,3,2.0813217908144,5.760951640084386,1.712141117081046,EPL,30
12408,Daniel Muñoz,21,1786,3,2.1168669052422047,2,3.841661341488362,18,20,5,0,D,Crystal Palace,3,2.1168669052422047,7.767154305242002,2.890629746951163,EPL,31
12756,Rodrigo Gomes,15,586,3,1.7572994995862246,0,0.1513135097920894,15,3,0,0,D F M S,Wolverhampton Wanderers,3,1.7572994995862246,2.3278657738119364,0.4648168440908193,EPL,13
12948,Mateus Fernandes,29,2417,3,1.0705702733248472,3,2.59276426397264,22,29,5,0,M S,West Ham,3,1.0705702733248472,6.785620847716928,4.388044882565737,EPL,54
13778,Igor Jesus,30,1858,3,4.821844241581857,3,1.9159149080514908,55,10,0,0,F S,Nottingham Forest,3,4.821844241581857,6.685371110215783,1.392484813928604,EPL,11
87,Joelinton,24,1691,2,1.913333428092301,1,1.7916766311973331,28,15,8,0,M S,Newcastle United,2,1.913333428092301,8.150499653071165,5.717118168249726,EPL,18
592,Ross Barkley,14,352,2,0.8676425777375698,0,1.3863463811576366,11,7,0,0,M S,Aston Villa,2,0.8676425777375698,2.082852579653263,1.4015122391283512,EPL,9
668,Idrissa Gueye,22,1864,2,1.7250418290495872,2,1.1731549315154552,26,12,1,1,M,Everton,2,1.7250418290495872,7.515510632656515,5.832923703826964,EPL,1
675,Jack Grealish,20,1645,2,3.084938551299274,6,4.558330744504929,26,38,2,1,F M S,Everton,2,3.084938551299274,9.290637398138642,3.2924681939184666,EPL,15
1018,Josh Cullen,18,1533,2,1.0142266415059566,2,1.8168634045869112,11,13,2,0,M,Burnley,2,1.0142266415059566,6.162752605974674,4.625554047524929,EPL,19
1433,Federico Chiesa,23,213,2,1.578618135303259,1,1.4720365405082705,15,3,3,0,M S,Liverpool,2,1.578618135303259,3.654869545251131,0.6860316321253777,EPL,5
3635,Bernardo Silva,30,2277,2,1.9010734483599665,4,4.615839725360274,17,35,8,0,M S,Manchester City,2,1.9010734483599665,19.311311285942796,14.70468443632126,EPL,14
4456,Chris Wood,8,560,2,2.067298755049705,0,0.1742956526577472,16,3,0,0,F S,Nottingham Forest,2,2.067298755049705,2.1495288610458374,0.1634026430547237,EPL,1
5232,Alexander Isak,10,519,2,2.7675887029618025,1,0.8461103290319443,15,2,0,0,F S,Liverpool,2,2.7675887029618025,3.7432759013026953,0.9481621384620668,EPL,5
5543,Gabriel Jesus,11,283,2,2.5946019776165485,0,0.0834909602999687,14,1,2,0,F S,Arsenal,2,2.5946019776165485,2.3332987390458584,0.6240958645939827,EPL,0
5722,Ibrahim Sangare,23,1794,2,1.5703946938738227,2,1.3047085087746382,16,9,5,0,M S,Nottingham Forest,2,1.5703946938738227,6.212387317791581,4.175322931259871,EPL,25
6377,Joe Rodon,29,2550,2,1.540682628750801,0,0.3170156963169575,15,5,1,0,D,Leeds,2,1.540682628750801,5.680716594681144,5.382213579490781,EPL,16
6482,Eddie Nketiah,12,396,2,1.942964792251587,0,0.9605132089927793,15,7,2,0,M S,Crystal Palace,2,1.942964792251587,2.89599169138819,0.1487936852499842,EPL,6
6837,Ryan Sessegnon,24,1646,2,1.4290872383862734,1,2.163218889385462,13,12,0,0,D M S,Fulham,2,1.4290872383862734,6.764696385711432,4.259914807975292,EPL,25
6937,Georginio Rutter,25,1623,2,2.453262004069984,2,3.4466031827032566,35,21,2,0,F M S,Brighton,2,2.453262004069984,8.871944658458233,3.859835660085082,EPL,15
6963,Justin Kluivert,18,909,2,2.203129260800779,0,2.294822184368968,16,22,4,0,M S,Bournemouth,2,2.203129260800779,5.1779105216264725,2.274018134921789,EPL,7
7166,Mathias Jensen,29,1655,2,1.3693206366151571,1,3.729501808062196,23,20,3,0,M S,Brentford,2,1.3693206366151571,7.649533068761229,4.675313372164965,EPL,20
7352,Tyler Adams,18,1447,2,0.8387879431247711,1,0.1020683646202087,8,3,7,0,M,Bournemouth,2,0.8387879431247711,4.412377405911684,4.23015221580863,EPL,19
7438,James Garner,31,2787,2,1.9988975692540407,6,5.531052442267537,41,44,7,0,D M,Everton,2,1.9988975692540407,8.615240732207894,5.841149614192545,EPL,54
7603,Marc Guehi,28,2520,2,4.218181984499097,2,2.5567170777358115,27,14,5,0,D,"Crystal Palace,Manchester City",2,4.218181984499097,12.245183209888635,10.11858358513564,EPL,19
7814,Taiwo Awoniyi,12,232,2,2.6817211359739304,0,0.7374996244907379,10,3,1,0,F S,Nottingham Forest,2,2.6817211359739304,2.460704311728477,0.0523677803575992,EPL,1
8044,Joshua Zirkzee,18,482,2,3.4082061797380447,1,1.168784772977233,21,10,1,0,F M S,Manchester United,2,3.4082061797380447,5.993388883769512,2.3713151291012764,EPL,5
8067,Reece James,27,1867,2,1.2105660028755665,4,3.9933422207832336,21,27,4,0,D M S,Chelsea,2,1.2105660028755665,11.44637494161725,9.686947334557772,EPL,32
8127,Amad Diallo Traore,25,1920,2,4.852281959727407,2,4.089084632694721,44,37,2,0,D M S,Manchester United,2,4.852281959727407,14.70257999561727,7.538084391504526,EPL,0
8379,Alexis Mac Allister,30,2209,2,3.471260673366487,2,1.874697717837989,44,24,5,0,M S,Liverpool,2,3.471260673366487,10.941481115296485,7.134844869375229,EPL,22
8845,Hee-Chan Hwang,20,1175,2,2.4406477455049758,1,1.046207521110773,15,10,3,0,F M S,Wolverhampton Wanderers,1,1.679478907957673,3.593897730112076,1.1083498634397984,EPL,0
8941,Jacob Ramsey,21,1056,2,1.0531940683722496,1,0.7781991474330425,13,15,3,1,M S,Newcastle United,2,1.0531940683722496,4.108426554128528,3.4323002845048904,EPL,11
8961,Rúben Dias,25,2052,2,0.4370618928223848,0,0.4093561610206961,10,6,3,0,D S,Manchester City,2,0.4370618928223848,14.39133687876165,13.95382341183722,EPL,6
9017,Malo Gusto,28,1773,2,1.8716575969010592,3,2.8790541905909777,11,18,2,1,D M S,Chelsea,2,1.8716575969010592,13.613174468278885,11.025918524712324,EPL,21
9021,Pape Sarr,22,1290,2,1.9254915285855527,3,1.4533061496913433,16,8,2,0,M S,Tottenham,2,1.9254915285855527,5.89135579764843,4.666518699377775,EPL,0
9024,Yeremi Pino,27,1764,2,4.009893164038658,1,5.981142683885992,38,38,4,0,F M S,Crystal Palace,2,4.009893164038658,11.650696179829538,3.9993607867509127,EPL,1
9154,Elliot Anderson,31,2780,2,2.5203143348917365,2,3.5064722010865808,36,49,6,0,M,Nottingham Forest,1,1.7591454973444345,12.92098943516612,9.622175702825189,EPL,54
9556,William Osula,17,227,2,0.8723433278501034,0,0.0606511794030666,8,1,0,0,F S,Newcastle United,2,0.8723433278501034,0.7017830908298492,0.1645102351903915,EPL,1
9667,Amadou Onana,22,1599,2,2.271700147539377,0,0.4491705559194088,16,5,2,0,M S,Aston Villa,2,2.271700147539377,4.768539613112807,3.3188061472028494,EPL,27
9767,Habib Diarra,14,1116,2,2.3557759430259466,0,0.1594700682908296,18,2,4,0,M S,Sunderland,1,1.5946071054786444,2.2012482825666666,0.7384471837431192,EPL,6
9790,Josko Gvardiol,16,1307,2,1.818312879651785,2,0.4376047477126121,16,4,2,0,D S,Manchester City,2,1.818312879651785,10.00234431028366,9.454283580183985,EPL,13
10184,Archie Gray,21,1400,2,1.5424592392519116,2,1.6584226582199335,10,8,5,0,D M S,Tottenham,2,1.5424592392519116,3.491482895798981,2.135830366052687,EPL,8
10744,Ryan Christie,21,672,2,1.5825320109724998,0,0.995121706277132,20,8,2,0,M S,Bournemouth,2,1.5825320109724998,5.403477003797889,3.043746156617999,EPL,14
10760,Brennan Johnson,27,1211,2,1.989457719027996,1,0.983729287981987,17,14,5,0,D F M S,"Crystal Palace,Tottenham",2,1.989457719027996,3.746913464739919,1.1817792858928442,EPL,9
10806,Kaoru Mitoma,20,1424,2,3.596592929214239,1,3.0475502870976925,23,26,3,0,F M S,Brighton,2,3.596592929214239,8.847460925579071,3.506238567642868,EPL,7
10945,Santiago Bueno,22,1919,2,0.9786464609205724,1,0.3029267247766256,6,7,4,0,D S,Wolverhampton Wanderers,2,0.9786464609205724,3.724454429000616,3.3770263614133,EPL,22
10948,Valentín Castellanos,11,886,2,3.5024801902472973,0,0.5715610533952713,22,9,2,0,F,West Ham,2,3.5024801902472973,3.71704058162868,0.966875744983554,EPL,5
11709,Milos Kerkez,28,2057,2,1.326234550215304,1,1.747715525329113,8,24,4,0,D S,Liverpool,2,1.326234550215304,8.694254135712981,6.179597683250904,EPL,26
12027,Mohammed Kudus,19,1577,2,2.362326920963824,5,2.574139247648418,26,21,3,0,F M,Tottenham,2,2.362326920963824,4.9626108556985855,1.4065115749835968,EPL,17
12149,Alex Scott,31,2375,2,3.0460701789706945,1,1.8442000998184085,39,19,3,0,M S,Bournemouth,2,3.0460701789706945,11.531257301568983,7.867555603384972,EPL,31
12721,Ladislav Krejcí,24,2051,2,1.4283437300473452,1,0.7987983375787735,16,7,3,1,D M S,Wolverhampton Wanderers,2,1.4283437300473452,3.9113995023071766,2.4117563627660275,EPL,0
12759,Yankuba Minteh,27,1847,2,3.6608777064830074,4,4.8952676653862,35,35,2,0,M S,Brighton,2,3.6608777064830074,13.002258343622088,6.827894935384393,EPL,27
12905,Nicolò Savona,14,1036,2,1.2354809269309044,0,0.5944582391530275,5,6,2,0,D S,Nottingham Forest,2,1.2354809269309044,3.0064694937318563,1.5372497662901878,EPL,12
13484,Mateus Mané,20,1275,2,1.3250029385089874,1,1.1865969896316528,29,14,0,0,M S,Wolverhampton Wanderers,2,1.3250029385089874,2.772443782538176,1.3070213124155998,EPL,8
13711,Maxim De Cuyper,24,1157,2,1.5899631939828396,0,2.467844311147928,11,19,2,0,D M S,Brighton,2,1.5899631939828396,4.476359833031893,2.812046557664871,EPL,9
13715,Dan Ballard,26,2005,2,3.643686879426241,0,1.5805855486541986,24,14,3,0,D S,Sunderland,2,3.643686879426241,4.5853202026337385,2.441676042973995,EPL,0
13718,Eliezer Mayenda,19,739,2,2.0108928252011538,0,0.7425303682684898,13,4,0,0,F M S,Sunderland,2,2.0108928252011538,2.4835963249206543,0.4882403369992971,EPL,3
13775,Estêvão,20,771,2,3.76144253462553,2,2.7679440770298243,26,15,3,0,F M S,Chelsea,2,3.76144253462553,9.106667935848236,3.582291418686509,EPL,0
13834,Ao Tanaka,21,770,2,1.0916702896356585,0,0.8854008875787258,12,8,1,0,M S,Leeds,2,1.0916702896356585,4.7050061374902725,3.351839365437627,EPL,9
14118,Charalampos Kostoulas,16,264,2,1.8748089708387847,1,0.6786143630743027,15,6,2,0,F S,Brighton,2,1.8748089708387847,2.4863460958004,0.343852112069726,EPL,6
14395,Rayan,8,633,2,1.2514662221074104,1,1.6151759903877974,15,10,1,0,M S,Bournemouth,2,1.2514662221074104,3.639978541061282,1.9768729712814093,EPL,3
204,Granit Xhaka,27,2266,1,0.5178978396579623,5,3.0874127857387066,14,28,5,0,M S,Sunderland,1,0.5178978396579623,6.784615998156369,5.492350189015269,EPL,24
239,Pascal Groß,12,1005,1,0.7374143861234188,1,1.6971821580082178,11,21,2,0,M S,Brighton,1,0.7374143861234188,6.390903871506453,5.435147192329168,EPL,11
489,James Milner,19,711,1,0.9794258084148167,1,0.6549300253391266,8,8,2,0,M S,Brighton,0,0.2182569708675146,3.918824218213558,3.733045339584351,EPL,9
605,Jordan Henderson,29,1840,1,0.5513727776706219,3,3.294498812407255,6,18,4,0,M S,Brentford,1,0.5513727776706219,7.589787185192108,4.931587040424347,EPL,13
660,Ben Davies,3,137,1,0.7982581853866577,0,0.0247377622872591,2,1,1,0,D S,Tottenham,1,0.7982581853866577,0.0247377622872591,0.0247377622872591,EPL,4
695,Bertrand Traoré,12,675,1,0.6248076185584068,0,0.9887753147631884,12,8,1,0,F M S,Sunderland,1,0.6248076185584068,2.016919732093811,1.230125552974641,EPL,4
702,Tammy Abraham,8,175,1,1.0401502000167966,0,0.1292063184082508,7,4,0,0,F S,Aston Villa,1,1.0401502000167966,1.093948041088879,0.0554445758461952,EPL,1
885,Kyle Walker-Peters,18,937,1,1.1882447563111782,0,0.2290176190435886,5,5,2,0,D S,West Ham,1,1.1882447563111782,3.0865802317857742,1.9071616008877756,EPL,23
910,Harrison Reed,6,12,1,0.0865944325923919,0,0.0383336283266544,2,1,0,0,S,Fulham,1,0.0865944325923919,0.310460478067398,0.1855324208736419,EPL,0
934,Axel Tuanzebe,11,939,1,0.5582677125930786,0,0.0,2,0,1,0,D,Burnley,1,0.5582677125930786,2.4150575436651707,1.856789831072092,EPL,6
1537,Sasa Lukic,20,1239,1,1.9687093198299408,2,1.461697947233915,13,22,6,0,M S,Fulham,1,1.9687093198299408,4.806786088272929,2.261820299550891,EPL,21
1665,James Tarkowski,30,2700,1,2.1985085643827915,1,1.3793210610747335,15,14,5,0,D,Everton,1,2.1985085643827915,4.926559458486736,4.317612665705383,EPL,24
1687,Harry Maguire,18,1216,1,0.9909983389079572,1,0.2362615466117859,10,2,3,1,D S,Manchester United,1,0.9909983389079572,3.7443377673625946,3.7443377673625946,EPL,9
2496,Rodri,18,1231,1,0.9211645582690836,0,2.236536558717489,12,24,2,0,M S,Manchester City,1,0.9211645582690836,9.849310882389544,8.674772456288338,EPL,22
2517,Martin Odegaard,20,1057,1,1.0983065199106932,5,3.974275888875127,20,29,0,0,M S,Arsenal,1,1.0983065199106932,9.711462166160343,6.450560929253697,EPL,0
4419,Adam Armstrong,7,578,1,0.7255716975778341,2,1.048253482207656,5,5,3,0,F M,Wolverhampton Wanderers,1,0.7255716975778341,1.2289943024516106,0.5900836400687695,EPL,3
5659,Nordi Mukiele,25,2167,1,1.787856967188418,3,2.514418549835682,16,19,4,0,D,Sunderland,1,1.787856967188418,6.874417394399643,5.016088761389256,EPL,36
5743,Randal Kolo Muani,23,1262,1,2.243624061346054,1,1.2768061980605123,15,16,2,0,F M S,Tottenham,1,2.243624061346054,3.1434615124017,0.6457132212817669,EPL,14
5786,Yoane Wissa,13,414,1,2.4206629674881697,0,0.1348032802343368,11,2,1,0,F S,Newcastle United,1,2.4206629674881697,3.44701724126935,1.2510587573051453,EPL,3
5789,Boubacar Kamara,18,1434,1,1.0521572744473815,3,0.7290232917293906,7,15,5,0,M S,Aston Villa,1,1.0521572744473815,5.69795267097652,4.270241666585207,EPL,16
5973,Kenny Tete,22,1805,1,0.728774206712842,0,0.9490535911172628,16,11,2,0,D S,Fulham,1,0.728774206712842,3.944374708458781,3.1575920060276985,EPL,38
6108,Rodrigo Bentancur,20,1440,1,0.7332391375675797,1,0.7604504339396954,9,9,5,0,M S,Tottenham,1,0.7332391375675797,3.411687638610601,3.0354520082473755,EPL,21
6122,Douglas Luiz,16,827,1,0.6563441567122936,0,1.3992003975436091,10,18,2,0,M S,"Aston Villa,Nottingham Forest",1,0.6563441567122936,3.446824219077825,2.2330237478017807,EPL,9
6219,Enes Ünal,16,132,1,2.137615170329809,0,0.0,12,0,1,0,S,Bournemouth,1,2.137615170329809,2.2813015058636665,0.3903236053884029,EPL,1
6326,Ibrahima Konaté,29,2515,1,1.843844497576356,0,0.6984626250341535,10,7,6,0,D,Liverpool,1,1.843844497576356,8.579866968095303,8.261443071067333,EPL,27
6369,Ethan Ampadu,28,2500,1,1.496177090331912,1,0.9531614473089576,20,15,7,0,M,Leeds,1,1.496177090331912,10.225412984378636,9.366488721221684,EPL,38
6722,Konstantinos Mavropanos,24,1888,1,1.643918661866337,0,0.3210025765001774,16,2,2,0,D S,West Ham,1,1.643918661866337,3.119350761175156,2.798348205164075,EPL,19
6807,Jaka Bijol,18,1308,1,0.5806855224072933,1,0.8841573297977448,12,4,3,0,D S,Leeds,1,0.5806855224072933,4.430611999705434,3.4621421974152327,EPL,12
6820,David Brooks,25,1059,1,5.545407798141241,2,3.618304811418057,43,22,7,0,M S,Bournemouth,1,5.545407798141241,10.11589815095067,2.076023679226637,EPL,9
6835,Tom Cairney,20,533,1,0.6234453469514847,0,0.2230945602059364,12,5,3,0,M S,Fulham,1,0.6234453469514847,2.548783652484417,1.9775266237556932,EPL,3
6888,William Saliba,25,2069,1,1.5777585953474045,0,0.4255808107554912,5,7,1,0,D S,Arsenal,1,1.5777585953474045,9.75702147372067,9.24163642525673,EPL,17
7078,Sean Longstaff,17,944,1,0.6963180564343929,2,2.4830981642007828,13,22,2,0,M S,Leeds,1,0.6963180564343929,2.797569300979376,1.7294726222753525,EPL,23
7134,Marc Cucurella,27,2084,1,1.3844277020543814,3,3.731170888990164,16,31,5,1,D S,Chelsea,1,1.3844277020543814,13.171075969934464,11.175697080790997,EPL,32
7281,Diogo Dalot,29,2236,1,1.977230751886964,3,3.399838364683092,21,28,5,0,D S,Manchester United,1,1.977230751886964,11.065540377050638,7.964005326852202,EPL,25
7752,Gabriel Martinelli,25,801,1,4.059760354459286,3,1.8745346069335935,25,9,2,0,F M S,Arsenal,1,4.059760354459286,7.301747716963291,2.5811022389680147,EPL,7
7753,James Justin,22,1265,1,1.2156570255756378,1,1.6458982974290848,17,11,2,0,D M S,Leeds,1,1.2156570255756378,2.710997600108385,1.0806075856089592,EPL,23
7762,Jean-Ricner Bellegarde,22,1107,1,0.857077888213098,1,0.9383529499173164,20,11,4,0,F M S,Wolverhampton Wanderers,1,0.857077888213098,4.358514205552638,2.950157509185374,EPL,14
7902,Matthijs de Ligt,13,1170,1,1.3233719654381275,0,0.4281761646270752,11,3,0,0,D,Manchester United,1,1.3233719654381275,2.8319015204906464,2.3887862116098404,EPL,13
7908,Marshall Munetsi,13,863,1,1.8389983009546995,1,0.3808544501662254,14,3,2,0,F M S,Wolverhampton Wanderers,1,1.8389983009546995,3.097170224413276,1.000556039623916,EPL,13
8006,Evann Guessand,19,894,1,1.8542680740356443,2,1.2377337515354156,11,5,0,0,M S,"Aston Villa,Crystal Palace",1,1.8542680740356443,3.721524979919195,1.244725327938795,EPL,9
8129,Riccardo Calafiori,22,1493,1,2.6441258005797863,2,0.4462862275540828,28,5,5,0,D S,Arsenal,1,2.6441258005797863,7.083466991782188,5.854706117883325,EPL,18
8204,Neco Williams,30,2622,1,1.547124894335866,3,3.928647936321795,35,30,5,1,D,Nottingham Forest,1,1.547124894335866,9.08564149774611,6.066624449566007,EPL,50
8214,Tyrick Mitchell,30,2677,1,1.3404496610164642,1,2.0605312287807465,13,22,5,0,D,Crystal Palace,1,1.3404496610164642,8.883458668366075,6.437827840447426,EPL,52
8252,Nicolás Domínguez,20,965,1,0.7576484093442559,0,0.7514081094413996,16,9,1,0,M S,Nottingham Forest,1,0.7576484093442559,3.407697480171919,2.2724769935011864,EPL,22
8384,Armando Broja,20,796,1,2.5165178887546062,1,0.5188675355166197,16,4,0,0,F S,Burnley,1,2.5165178887546062,2.59495497494936,1.0258077569305897,EPL,3
8393,Omar Marmoush,17,573,1,2.8558646515011787,3,1.474619597196579,24,11,2,0,F M S,Manchester City,1,2.8558646515011787,4.418599750846624,0.4574841167777776,EPL,7
8430,Chris Richards,26,2334,1,0.9624587800353764,0,0.4875335106626153,10,9,3,0,D,Crystal Palace,1,0.9624587800353764,5.294405943714082,4.987724193371832,EPL,31
8476,Jarrad Branthwaite,8,503,1,0.2857708930969238,0,0.0926196295768022,5,2,1,0,D S,Everton,1,0.2857708930969238,0.983104918152094,0.8464303687214851,EPL,5
8635,Sven Botman,18,1212,1,1.2505897637456656,0,0.7312526255846024,10,4,1,0,D S,Newcastle United,1,1.2505897637456656,3.0636463407427077,2.7651246711611748,EPL,10
8662,Dan Ndoye,23,1183,1,1.1724078450351954,1,1.552884567528963,15,14,1,0,F M S,Nottingham Forest,1,1.1724078450351954,4.023802410811186,1.8127466365695,EPL,11
8700,Xavi Simons,25,1609,1,1.7202153205871582,4,4.248675254173577,36,31,4,1,F M S,Tottenham,1,1.7202153205871582,7.977976759895682,4.31469205301255,EPL,19
8780,Joël Veltman,19,816,1,0.9520808160305024,0,0.252019003033638,3,4,4,0,D S,Brighton,1,0.9520808160305024,2.436355007812381,2.2945651542395358,EPL,17
8853,Maxence Lacroix,28,2489,1,2.7277242727577686,2,1.2082335203886032,21,5,3,1,D,Crystal Palace,1,2.7277242727577686,8.881399538367987,8.118317051790655,EPL,32
8868,Liam Delap,22,765,1,4.660645255818963,0,0.0999906212091445,31,2,2,0,F S,Chelsea,1,4.660645255818963,6.821930317208171,3.145372685045004,EPL,3
8981,Jéremy Doku,22,1227,1,2.712628179229796,4,5.545891216024756,22,42,0,0,F M S,Manchester City,1,2.712628179229796,12.90062559954822,6.44690250698477,EPL,11
8986,Omar Alderete,27,2361,1,1.3196902442723513,1,0.6074565481394529,19,9,6,0,D S,Sunderland,1,1.3196902442723513,3.815001733601093,3.0807318836450577,EPL,15
9205,Jayden Bogle,29,2425,1,1.868973477743566,1,2.003169879317284,17,14,6,0,D M S,Leeds,1,1.868973477743566,9.23935174383223,6.130367320030928,EPL,34
9501,Fabio Carvalho,6,97,1,0.6895682029426098,0,0.0,2,0,0,0,M S,Brentford,1,0.6895682029426098,0.6895682029426098,0.0,EPL,2
9558,Hannibal Mejbri,23,996,1,0.4494898612610996,3,1.9867054745554924,14,14,7,0,M S,Burnley,1,0.4494898612610996,4.205114980228245,2.764857292175293,EPL,13
9680,Vitaly Janelt,22,1237,1,0.7498585553839803,4,3.589389992877841,12,19,7,0,M S,Brentford,1,0.7498585553839803,5.500424522906542,2.943715939298272,EPL,16
9733,Nathan Collins,28,2336,1,2.3617566153407097,2,1.807285774499178,14,7,5,0,D S,Brentford,1,2.3617566153407097,7.418972339481115,6.650911565870047,EPL,9
9802,Nico González,21,1385,1,0.5000531869009137,0,0.7464621812105179,12,8,6,0,M S,Manchester City,1,0.5000531869009137,13.562091901898384,13.081854162737727,EPL,0
9911,Piero Hincapié,21,1500,1,0.3972719712182879,2,2.0693008974194527,2,12,2,0,D S,Arsenal,1,0.3972719712182879,7.1808599308133125,5.599865674972534,EPL,21
9977,Loum Tchaouna,23,841,1,1.001231199130416,0,0.4585248008370399,16,5,1,0,F M S,Burnley,1,1.001231199130416,2.727652817964554,1.4869662057608366,EPL,7
10140,Hugo Bueno,28,1945,1,0.6378538571298122,1,2.965528960339725,10,31,1,0,D M S,Wolverhampton Wanderers,1,0.6378538571298122,4.82748294249177,2.5568418614566326,EPL,29
10216,Lewis Hall,24,1738,1,1.0664987824857235,1,2.070536158978939,21,20,3,0,D S,Newcastle United,1,1.0664987824857235,7.588303846307099,6.714399230666459,EPL,26
10348,Omari Hutchinson,24,1258,1,2.0330496449023485,3,3.533697225153446,23,25,0,0,M S,Nottingham Forest,1,2.0330496449023485,8.33417803607881,4.282545240595937,EPL,8
10552,Alejandro Garnacho,20,1144,1,3.784420285373926,4,4.106879755854607,28,26,2,0,F M S,Chelsea,1,3.784420285373926,11.788455862551928,5.74130079895258,EPL,11
10717,Rodrigo Muniz,14,576,1,2.7157680578529835,1,0.857906592078507,21,6,1,0,F S,Fulham,1,2.7157680578529835,3.321658819913864,1.074859045445919,EPL,1
10770,Soungoutou Magassa,20,972,1,0.6193040320649743,0,0.7463846588507295,7,5,4,0,M S,West Ham,1,0.6193040320649743,2.4097342267632484,1.522645689547062,EPL,23
11000,Matheus Nunes,27,2267,1,0.6754733501002192,4,2.3404364120215178,7,20,4,0,D S,Manchester City,1,0.6754733501002192,17.679684653878212,16.48322866857052,EPL,35
11269,Jack Hinshelwood,20,1185,1,1.8371975235641005,3,1.864618302322924,23,11,0,0,D M S,Brighton,1,1.8371975235641005,6.793852292001247,3.7441690415143967,EPL,10
11281,Michael Kayode,30,2651,1,0.6990420464426279,0,2.353793852031231,7,29,6,0,D,Brentford,1,0.6990420464426279,9.626566912978888,7.39154908247292,EPL,42
11310,Brajan Gruda,18,716,1,1.772459496743977,1,1.215459401719272,16,16,2,0,M S,Brighton,1,1.772459496743977,5.479941666126251,2.844237370416522,EPL,5
11357,Noni Madueke,20,925,1,1.75526375323534,1,2.5768766067922115,19,17,0,0,F M S,Arsenal,1,1.75526375323534,5.190278019756079,2.911966398358345,EPL,9
11384,João Gomes,29,2309,1,1.1228179344907403,1,1.3335457537323236,15,14,9,0,M S,Wolverhampton Wanderers,1,1.1228179344907403,5.210310701280832,4.104205869138241,EPL,57
11386,Lewis Miley,19,1110,1,1.3760087750852108,3,1.709223873913288,12,14,0,0,D M S,Newcastle United,1,1.3760087750852108,5.252447476610541,4.736966289579868,EPL,15
11710,Simon Adingra,14,665,1,0.3356043994426727,0,0.7323711905628443,6,7,2,0,F M S,Sunderland,1,0.3356043994426727,1.9754448235034945,1.0532179661095142,EPL,8
11728,Calvin Bassey,23,1893,1,1.1276503782719374,0,0.24030601978302,9,6,5,0,D S,Fulham,1,1.1276503782719374,4.940009605139494,4.855231299996376,EPL,20
11772,Yehor Yarmolyuk,31,2148,1,1.3501612106338143,2,1.237290543504059,15,13,7,0,M S,Brentford,1,1.3501612106338143,8.25762230437249,6.888900425285101,EPL,0
11936,Lorenzo Lucca,3,117,1,1.1281560063362122,0,0.0366450361907482,3,1,0,0,F S,Nottingham Forest,1,1.1281560063362122,1.1884786486625671,0.0603225957602262,EPL,0
12123,Murillo,23,2001,1,0.4774698419496417,0,0.299396033398807,10,8,4,0,D,Nottingham Forest,1,0.4774698419496417,6.209658229723573,5.900940697640181,EPL,23
12168,Alejandro Jiménez,27,1994,1,1.1376534849405289,0,1.6217392515391111,20,13,9,0,D M S,Bournemouth,1,1.1376534849405289,5.744645651429892,3.435214765369892,EPL,0
12410,Joshua King,25,1163,1,3.657898224890232,2,0.8125329213216901,24,12,3,0,F M S,Fulham,1,3.657898224890232,5.5848781876266,2.164589244872332,EPL,10
12535,Josh Acheampong,12,574,1,0.6539264097809792,0,0.137966588139534,3,2,1,0,D S,Chelsea,1,0.6539264097809792,2.1048905588686466,2.0332134179770947,EPL,0
12912,Lucas Bergvall,18,852,1,1.3768548872321844,2,0.2562577445060015,11,4,2,0,M S,Tottenham,1,1.3768548872321844,3.029301639646292,1.540505077689886,EPL,12
13022,André,28,2133,1,0.4342883825302124,0,1.0531610418111086,11,13,9,0,M S,Wolverhampton Wanderers,1,0.4342883825302124,4.836600948125124,4.201878063380718,EPL,30
13038,Justin Devenny,18,574,1,2.2452754601836205,0,0.3324787318706512,13,7,0,0,D F M S,Crystal Palace,0,1.4841066226363182,2.768477648496628,1.2208212092518806,EPL,8
13206,Matt O&#039;Riley,4,184,1,1.139720857143402,0,0.1495994953438639,4,4,0,0,M S,Brighton,0,0.3785520195960998,0.5305772870779037,0.1139591410756111,EPL,0
13220,Tom Edozie,1,1,1,0.0828200355172157,0,0.0,1,0,0,0,S,Wolverhampton Wanderers,1,0.0828200355172157,0.0828200355172157,0.0,EPL,0
13692,Rio Ngumoha,13,183,1,0.7472912780940533,0,1.288644049316645,6,9,0,0,M S,Liverpool,1,0.7472912780940533,2.428396943956613,0.4211447583511472,EPL,1
13726,Oliver Sonne,7,149,1,0.3753026779741049,0,0.0269181225448846,3,1,0,0,D S,Burnley,1,0.3753026779741049,0.5079874768853188,0.1973782777786255,EPL,1
13728,Josh Laurent,28,1547,1,1.0309471627697349,0,0.6366975167766213,14,11,7,1,D M S,Burnley,1,1.0309471627697349,2.942809929139912,1.4731506295502186,EPL,20
13730,Marcus Edwards,19,902,1,2.2043877076357603,3,2.2145643904805183,21,18,0,0,F M S,Burnley,1,2.2043877076357603,5.081658076494932,2.1965242326259613,EPL,5
13741,Jhon Arias,23,1140,1,3.293146742507816,0,0.8962265644222498,16,11,1,0,F M S,Wolverhampton Wanderers,1,3.293146742507816,4.877626428380609,1.3450943380594254,EPL,27
13872,Max Dowman,3,35,1,0.5427121035754681,0,0.0463365167379379,5,2,0,0,S,Arsenal,1,0.5427121035754681,0.5997425727546215,0.0564418919384479,EPL,2
14028,Stefanos Tzimas,9,111,1,0.6250067912042141,1,0.3843204230070114,4,6,0,0,F S,Brighton,1,0.6250067912042141,0.8074261322617531,0.0099379355087876,EPL,1
14030,Kevin,23,876,1,1.2298060497269034,1,1.2053345758467913,22,13,1,0,M S,Fulham,1,1.2298060497269034,4.520282581448555,2.6608860678970814,EPL,8
76,Fabian Schär,16,1096,0,0.9631823003292084,0,0.1626780582591891,17,4,1,0,D S,Newcastle United,0,0.9631823003292084,3.1928995680063963,3.059698922559619,EPL,9
181,Bernd Leno,31,2790,0,0.0,0,0.0,0,0,3,0,GK,Fulham,0,0.0,3.8215509615838528,3.8215509615838528,EPL,1
579,Nathan Aké,14,478,0,0.1967456415295601,0,0.6908719837665558,4,5,1,0,D S,Manchester City,0,0.1967456415295601,2.865237489342689,2.3756012991070747,EPL,6
585,Seamus Coleman,3,11,0,0.0,0,0.0,0,0,0,0,D S,Everton,0,0.0,0.0,0.0,EPL,0
586,John Stones,7,356,0,0.0,0,0.062762975692749,0,1,0,0,D S,Manchester City,0,0.0,2.0764190293848515,2.0136560536921024,EPL,0
603,Nathaniel Clyne,8,515,0,0.2701648138463497,1,0.6744996476918459,3,3,1,0,D S,Crystal Palace,0,0.2701648138463497,1.1092736274003985,0.8391088638454676,EPL,9
638,Kyle Walker,29,2557,0,0.0805505272001028,2,1.3149775136262178,3,10,8,0,D M,Burnley,0,0.0805505272001028,7.329028555192053,7.234818709082901,EPL,23
652,Kieran Trippier,18,1475,0,0.0958994552493095,1,1.778491968754679,2,27,3,0,D S,Newcastle United,0,0.0958994552493095,4.200428852811456,3.782136371359229,EPL,11
725,Ola Aina,15,1325,0,0.363598046824336,0,0.2826034892350435,11,7,3,0,D,Nottingham Forest,0,0.363598046824336,3.611458793282509,3.2317300122231245,EPL,17
741,Jordan Pickford,31,2790,0,0.0,0,0.0,0,0,2,0,GK,Everton,0,0.0,1.335163967683911,1.335163967683911,EPL,1
766,Jamaal Lascelles,2,8,0,0.0783025473356247,0,0.0,1,0,0,0,S,Newcastle United,0,0.0783025473356247,0.0,0.0,EPL,0
780,Karl Darlow,15,1350,0,0.0,0,0.0,0,0,1,0,GK,Leeds,0,0.0,1.2555173486471176,1.2555173486471176,EPL,0
825,Adam Smith,18,808,0,0.0,1,0.4841251596808433,0,5,3,0,D S,Bournemouth,0,0.0,3.423723451793194,2.949551371857524,EPL,10
843,James Ward-Prowse,11,730,0,0.1097419820725917,1,2.4711044430732727,2,17,1,0,M S,"Burnley,West Ham",0,0.1097419820725917,2.2451944146305323,2.1296533327549696,EPL,2
900,Adama Traoré,22,302,0,0.3997090458869934,0,0.4146889857947826,6,3,1,0,M S,"Fulham,West Ham",0,0.3997090458869934,1.34409773722291,0.5667514055967331,EPL,1
902,Sam Byram,1,4,0,0.0,0,0.0,0,0,0,0,S,Leeds,0,0.0,0.0,0.0,EPL,0
925,Patrick Roberts,1,23,0,0.0680162906646728,0,0.0,1,0,0,0,S,Sunderland,0,0.0680162906646728,0.1093991622328758,0.0413828715682029,EPL,0
978,Sam Johnstone,12,1080,0,0.0,0,0.0,0,0,0,0,GK,Wolverhampton Wanderers,0,0.0,0.3188386699184775,0.3188386699184775,EPL,1
987,Joseph Gomez,16,475,0,0.1439071781933307,2,1.2491662725806236,2,5,2,0,D S,Liverpool,0,0.1439071781933307,3.9057153090834618,2.719895675778389,EPL,0
1006,Luke Shaw,31,2659,0,0.3574412167072296,1,1.288225063122809,5,14,5,0,D,Manchester United,0,0.3574412167072296,9.375705714337528,8.95352755766362,EPL,34
1024,Tyrone Mings,13,954,0,0.9410608746111392,0,0.7093149498105049,7,5,0,0,D S,Aston Villa,0,0.9410608746111392,2.3480710349977016,2.036162167787552,EPL,2
1116,Gianluigi Donnarumma,27,2430,0,0.0,0,0.0,0,0,6,0,GK,Manchester City,0,0.0,6.138754788786173,6.138754788786173,EPL,0
1257,Alisson,25,2250,0,0.0,0,0.0,0,0,1,0,GK,Liverpool,0,0.0,3.937006933614612,3.937006933614612,EPL,0
1545,Emil Krafth,1,51,0,0.0,0,0.0,0,0,0,0,D,Newcastle United,0,0.0,0.0208761077374219,0.0208761077374219,EPL,0
1688,Andrew Robertson,19,743,0,0.355551328510046,0,1.2081243060529232,5,15,0,0,D S,Liverpool,0,0.355551328510046,3.5145103223621845,2.8594872755929828,EPL,9
1760,Arthur Masuaku,3,132,0,0.0784234628081321,0,0.058063443750143,1,1,1,0,D S,Sunderland,0,0.0784234628081321,0.1554462164640426,0.0973827689886093,EPL,2
1789,Lewis Cook,15,839,0,0.0596457971259951,1,0.3469301499426365,3,11,1,1,D M S,Bournemouth,0,0.0596457971259951,2.538989583030343,2.386723592877388,EPL,17
1823,Lucas Digne,26,1565,0,0.6427386775612831,4,2.0984102450311184,12,21,3,0,D S,Aston Villa,0,0.6427386775612831,4.505424594506621,3.747631346806884,EPL,21
2182,Jefferson Lerma,24,1222,0,1.3722144234925508,2,1.2902791313827038,14,10,6,0,D M S,Crystal Palace,0,1.3722144234925508,5.852634900249541,4.37577960640192,EPL,14
2254,Mateo Kovacic,1,2,0,0.0,0,0.0,0,0,0,0,S,Manchester City,0,0.0,0.3933921456336975,0.3933921456336975,EPL,0
2310,Alphonse Areola,20,1800,0,0.0,1,0.0221445709466934,0,1,0,0,GK,West Ham,0,0.0,0.4307949170470238,0.4307949170470238,EPL,0
2958,Oleksandr Zinchenko,5,347,0,0.0767069980502128,0,0.4507835283875465,4,5,0,0,D S,Nottingham Forest,0,0.0767069980502128,1.777435079216957,1.6373481005430222,EPL,6
3203,Issa Diop,10,593,0,0.0464335530996322,0,0.0,1,0,2,0,D S,Fulham,0,0.0464335530996322,0.9406789802014828,0.9406789802014828,EPL,2
3645,Olivier Boscagli,8,441,0,0.0207152105867862,1,0.0649362206459045,1,2,2,0,D S,Brighton,0,0.0207152105867862,2.073382332921028,2.035942927002907,EPL,5
3697,Odsonne Edouard,1,1,0,0.0,0,0.0,0,0,0,0,S,Crystal Palace,0,0.0,0.0,0.0,EPL,1
4401,Emiliano Martinez,27,2387,0,0.0,0,0.0628702864050865,0,1,2,0,GK,Aston Villa,0,0.0,3.176084224134684,3.113213937729597,EPL,0
4422,Ashley Barnes,6,24,0,0.1153883188962936,0,0.0,1,0,0,0,S,Burnley,0,0.1153883188962936,0.1153883188962936,0.0,EPL,0
5220,Kai Havertz,6,267,0,0.3747366666793823,1,0.2036216706037521,5,4,0,0,F M S,Arsenal,0,0.3747366666793823,0.9927634112536908,0.440110620111227,EPL,2
5221,Leon Bailey,9,326,0,0.3219494484364986,1,0.543377123773098,6,9,1,0,M S,Aston Villa,0,0.3219494484364986,1.0375553332269192,0.4393181279301643,EPL,4
5261,Kevin Danso,17,933,0,0.2679304629564285,0,0.0,4,0,4,0,D S,Tottenham,0,0.2679304629564285,1.2594128223136067,1.2594128223136067,EPL,9
5355,Jacob Bruun Larsen,23,965,0,1.3876315392553806,1,1.282695598900318,16,11,0,0,F M S,Burnley,0,1.3876315392553806,4.335738031193614,2.199708631262183,EPL,3
5544,Angus Gunn,1,38,0,0.0,0,0.0,0,0,0,0,S,Nottingham Forest,0,0.0,0.013105385005474,0.013105385005474,EPL,0
5552,Nick Pope,22,1972,0,0.1314873248338699,0,0.0,1,0,1,0,GK,Newcastle United,0,0.1314873248338699,1.0526566049084067,1.0526566049084067,EPL,1
5584,Aaron Wan-Bissaka,22,1915,0,0.0,2,1.067410096526146,0,17,4,0,D M S,West Ham,0,0.0,2.873407281935215,2.131659906357527,EPL,21
5590,Tosin Adarabioyo,15,731,0,0.0724174678325653,0,0.4159756898880005,2,1,2,0,D S,Chelsea,0,0.0724174678325653,3.1354086361825466,3.1354086361825466,EPL,6
5595,Daniel James,15,392,0,0.6141860373318195,0,0.448430385440588,10,8,0,0,F S,Leeds,0,0.6141860373318195,1.3244048692286017,0.2982506230473518,EPL,4
5598,Angel Gomes,7,291,0,0.0857110451906919,0,0.1432096771895885,3,3,1,0,M S,Wolverhampton Wanderers,0,0.0857110451906919,0.9629647694528104,0.8116740174591541,EPL,4
5603,Aaron Ramsdale,10,818,0,0.0,0,0.0710007473826408,0,1,1,0,GK S,Newcastle United,0,0.0,1.9670912493020296,1.896090494468808,EPL,0
5609,Yves Bissouma,8,468,0,0.2123817997053265,0,0.0,5,0,3,0,M S,Tottenham,0,0.2123817997053265,1.075252041220665,0.9329388849437236,EPL,11
5652,Walter Benítez,1,90,0,0.0,0,0.0,0,0,0,0,GK,Crystal Palace,0,0.0,0.0,0.0,EPL,0
5956,Youri Tielemans,18,1322,0,1.6127015110105276,4,2.655615543015301,17,27,0,0,M S,Aston Villa,0,1.6127015110105276,6.306048350408673,4.129221316426992,EPL,27
6048,Lewis Dunk,29,2560,0,0.9062938950955868,0,0.5267416425049305,19,6,10,0,D S,Brighton,0,0.9062938950955868,11.455692820250988,11.368314296007156,EPL,21
6049,Solly March,1,2,0,0.0,0,0.0,0,0,0,0,S,Brighton,0,0.0,0.0,0.0,EPL,0
6080,Victor Lindelöf,12,556,0,0.0162220187485218,1,0.5980998799204826,1,2,0,0,D S,Aston Villa,0,0.0162220187485218,1.9454200975596905,1.928704459220171,EPL,1
6098,Niclas Füllkrug,8,416,0,0.9830001182854176,0,0.4490955099463463,9,7,0,0,F S,West Ham,0,0.9830001182854176,0.9092727340757848,0.1229296624660492,EPL,1
6104,Will Hughes,27,1287,0,1.2812513932585716,0,1.772324912250042,17,19,7,0,M S,Crystal Palace,0,1.2812513932585716,5.9620810598135,4.349964182823896,EPL,15
6145,Daichi Kamada,20,1502,0,1.2673697154968977,0,1.5807847026735544,16,14,2,0,M S,Crystal Palace,0,1.2673697154968977,7.044115810655057,5.274650583975017,EPL,28
6157,Timothy Castagne,23,1219,0,0.8737675286829472,0,0.7936888812109828,9,10,3,0,D M S,Fulham,0,0.8737675286829472,4.278705584816635,3.384437747299671,EPL,16
6174,Nikola Milenkovic,31,2790,0,0.478016285225749,0,0.1230534315109252,14,1,6,0,D,Nottingham Forest,0,0.478016285225749,6.127189759165049,6.0873012393713,EPL,15
6221,Pau Torres,17,1395,0,0.67172946408391,0,0.006894074846059,7,1,0,0,D S,Aston Villa,0,0.67172946408391,3.598028164356947,3.5238032452762127,EPL,12
6314,Joachim Andersen,28,2471,0,1.4647207846865058,1,0.5110774431377649,12,5,7,0,D,Fulham,0,1.4647207846865058,7.972402673214674,7.782439921051264,EPL,19
6345,Jadon Sancho,19,750,0,0.7688718903809786,2,2.0520169995725155,10,21,0,0,M S,Aston Villa,0,0.7688718903809786,4.696002740412951,2.7462305538356304,EPL,2
6492,Reiss Nelson,7,49,0,0.8805743306875229,0,0.0,4,0,0,0,S,Brentford,0,0.8805743306875229,1.2727847546339035,0.8270842134952545,EPL,1
6532,Martin Dubravka,31,2790,0,0.0,0,0.0,0,0,1,0,GK,Burnley,0,0.0,2.624340130016208,2.624340130016208,EPL,1
6630,Joe Willock,20,694,0,0.947976479306817,1,1.3319695387035608,10,10,3,0,M S,Newcastle United,0,0.947976479306817,2.744854237884283,1.6844767220318315,EPL,15
6665,Curtis Jones,27,1322,0,1.7071548094972968,1,2.2852688562124968,19,19,1,0,M S,Liverpool,0,1.7071548094972968,7.7946715373545885,5.49084248393774,EPL,16
6674,Rayan Ait Nouri,13,789,0,0.3229123335331678,2,1.4492103587836027,6,8,2,0,D S,Manchester City,0,0.3229123335331678,6.18644074909389,5.762104917317629,EPL,0
6756,Dwight McNeil,18,956,0,1.1852928027510643,1,1.1757264733314514,17,12,1,0,F M S,Everton,0,1.1852928027510643,3.761727891862392,2.0566610246896744,EPL,12
6816,Jean-Clair Todibo,20,1711,0,0.6560113653540611,1,0.3799619134515524,2,5,4,1,D,West Ham,0,0.6560113653540611,1.641976846382022,1.4169618915766478,EPL,24
6852,Matt Doherty,10,732,0,0.0822684839367866,0,0.172796219587326,3,3,4,0,D,Wolverhampton Wanderers,0,0.0822684839367866,0.3009897619485855,0.1281935349106788,EPL,7
6885,Axel Disasi,7,630,0,1.0807171128690245,0,0.0239046476781368,5,1,0,0,D,West Ham,0,1.0807171128690245,2.0961198210716248,1.7937610372900965,EPL,3
6903,Matz Sels,24,2042,0,0.0,0,0.0,0,0,2,0,GK S,Nottingham Forest,0,0.0,2.006938616745174,2.006938616745174,EPL,1
6912,Pedro Porro,27,2185,0,0.6347001725807786,2,3.251460438594222,20,37,6,0,D M S,Tottenham,0,0.6347001725807786,7.960383411496878,7.080840848386288,EPL,34
6935,Naif Aguerd,2,180,0,0.0885777547955513,0,0.0,2,0,0,0,D,West Ham,0,0.0885777547955513,0.1381545960903167,0.1381545960903167,EPL,0
6986,Hamed Junior Traore,1,13,0,0.0,1,0.0955900996923446,0,1,0,0,S,Bournemouth,0,0.0,0.0955900996923446,0.0,EPL,0
7075,Borna Sosa,5,47,0,0.0,0,0.0568265840411186,0,1,0,0,S,Crystal Palace,0,0.0,0.3556321486830711,0.2988055646419525,EPL,0
7083,Christian Nørgaard,6,44,0,0.0487417466938495,0,0.0,1,0,0,0,S,Arsenal,0,0.0487417466938495,0.5345648117363453,0.4858230650424957,EPL,0
7240,Benoit Badiashile Mukinayi,8,478,0,0.0,0,0.0,0,0,2,0,D S,Chelsea,0,0.0,1.0458098985254765,1.0458098985254765,EPL,0
7268,Bafode Diakite,18,1276,0,0.0138677563518285,0,0.0845660716295242,1,2,1,0,D S,Bournemouth,0,0.0138677563518285,3.926532536745072,3.877728216350079,EPL,15
7298,Ben White,7,406,0,0.2704902347177267,1,1.1466932483017445,4,6,0,0,D S,Arsenal,0,0.2704902347177267,2.7815939486026764,1.907339196652174,EPL,7
7332,Max Kilman,21,1552,0,1.1671122973784804,0,0.2077075242996215,7,4,4,0,D S,West Ham,0,1.1671122973784804,1.233875660225749,1.128087779507041,EPL,8
7382,Dan Burn,23,1820,0,0.2732755225151777,2,0.3628865266218781,5,6,7,1,D S,Newcastle United,0,0.2732755225151777,2.6578308641910557,2.4936317279934883,EPL,21
7432,Reinildo,18,1432,0,0.1700047692283988,1,0.2502687163650989,4,4,7,1,D S,Sunderland,0,0.1700047692283988,2.238357089459896,2.04243890568614,EPL,0
7546,Harvey Elliott,5,110,0,0.2895753085613251,0,0.0938487127423286,5,1,0,0,M S,"Aston Villa,Liverpool",0,0.2895753085613251,0.7380336094647646,0.4125381279736757,EPL,0
7589,Wesley Fofana,19,1285,0,0.3722808212041855,1,0.658527560532093,6,3,4,1,D S,Chelsea,0,0.3722808212041855,6.894923221319914,6.864307593554258,EPL,11
7702,Dean Henderson,29,2610,0,0.0,0,0.0154756419360637,0,1,3,0,GK,Crystal Palace,0,0.0,2.713267244398594,2.713267244398594,EPL,0
7726,Ezri Konsa Ngoyo,30,2676,0,1.0740509293973446,0,0.6014871783554554,11,5,0,1,D,Aston Villa,0,1.0740509293973446,6.423796761780977,5.901269603520632,EPL,0
7791,Sebastiaan Bornauw,9,316,0,0.0,0,0.0,0,0,1,0,D S,Leeds,0,0.0,0.3977393805980682,0.3977393805980682,EPL,2
7904,Caoimhin Kelleher,30,2700,0,0.0,0,0.1064014490693807,0,2,1,0,GK,Brentford,0,0.0,5.053096795454621,4.946695353835821,EPL,0
7943,Igor Julio,4,94,0,0.0,0,0.0180993378162384,0,1,0,0,D S,West Ham,0,0.0,0.0698967278003692,0.0698967278003692,EPL,0
7958,Sandro Tonali,29,2082,0,1.2549977814778686,2,2.814313603565097,28,26,3,0,M S,Newcastle United,0,1.2549977814778686,7.900558363646269,6.1685956828296185,EPL,19
8000,Ilia Gruev,21,1287,0,0.6924904398620129,3,1.4936000779271126,6,11,3,0,M S,Leeds,0,0.6924904398620129,3.084871955215931,1.772110786288977,EPL,13
8056,Arnaud Kalimuendo Muinga,9,75,0,0.2510882914066314,0,0.0113487504422664,4,1,0,0,S,Nottingham Forest,0,0.2510882914066314,0.3131891824305057,0.0621008910238742,EPL,0
8267,Guido Rodríguez,6,159,0,0.0242491047829389,0,0.0,1,0,1,0,M S,West Ham,0,0.0242491047829389,0.3224498257040977,0.2982007190585136,EPL,13
8285,Sander Berge,31,2615,0,0.97884751111269,1,1.6486453162506225,9,16,5,0,M S,Fulham,0,0.97884751111269,9.249132715165617,7.789076700806618,EPL,37
8351,Ki-Jana Hoever,8,437,0,0.0092321364209055,0,0.3387711746618151,1,5,0,0,D S,Wolverhampton Wanderers,0,0.0092321364209055,1.378377165645361,1.0303738564252851,EPL,11
8401,Luca Netz,2,45,0,0.0,0,0.0,0,0,0,0,S,Nottingham Forest,0,0.0,1.1858215630054474,1.1858215630054474,EPL,0
8489,Jorge Cuenca,14,948,0,0.0508214943110942,0,0.5158752724528313,1,3,5,0,D S,Fulham,0,0.0508214943110942,2.2441382743418217,2.2441382743418217,EPL,10
8537,Dennis Cirkin,7,298,0,0.0663583949208259,0,0.0,1,0,1,0,D S,Sunderland,0,0.0663583949208259,0.5310255736112595,0.4646671786904335,EPL,5
8640,Adrien Truffert,31,2761,0,0.3995119482278824,3,3.5250327717512846,12,25,3,0,D,Bournemouth,0,0.3995119482278824,9.925155775621532,6.946512199938297,EPL,43
8717,Pascal Struijk,28,2431,0,2.5702172610908747,1,0.7705290960147977,25,11,4,0,D S,Leeds,0,2.5702172610908747,5.738697747699916,4.921546149998903,EPL,18
8720,Jack Harrison,11,232,0,0.4338683113455772,0,0.3380284607410431,6,1,0,0,F S,Leeds,0,0.4338683113455772,1.0663754409179091,0.3290564557537436,EPL,2
8786,Stefan Ortega Moreno,3,270,0,0.0,0,0.0,0,0,0,0,GK,Nottingham Forest,0,0.0,0.1292306631803512,0.1292306631803512,EPL,0
8808,Wataru Endo,8,162,0,0.0619611144065856,1,0.1389048248529434,1,1,1,0,D S,Liverpool,0,0.0619611144065856,0.9600183218717576,0.7591523677110672,EPL,3
8812,Sasa Kalajdzic,1,11,0,0.0,0,0.0,0,0,0,0,S,Wolverhampton Wanderers,0,0.0,0.0,0.0,EPL,0
8831,Iyenoma Destiny Udogie,14,833,0,0.171998587436974,1,1.002435365691781,3,9,3,0,D S,Tottenham,0,0.171998587436974,4.167482463642955,3.350278476253152,EPL,0
8858,Guglielmo Vicario,31,2790,0,0.0,0,0.0718652158975601,0,1,1,0,GK,Tottenham,0,0.0,3.511237784288824,3.4393725832924247,EPL,1
8920,Dilane Bakwa,10,332,0,0.6827503144741058,1,0.6963391155004501,8,7,1,0,M S,Nottingham Forest,0,0.6827503144741058,1.7611335255205631,0.9625563211739064,EPL,2
8940,Antonee Robinson,15,1038,0,0.1345994593575596,0,0.8575469851493835,2,16,3,0,D S,Fulham,0,0.1345994593575596,3.648710444569588,3.176415003836155,EPL,18
8942,Aaron Hickey,18,577,0,0.5347226746380329,0,0.6038424372673035,5,1,1,0,D S,Brentford,0,0.5347226746380329,2.583484144881368,2.135821277275681,EPL,6
8969,Florentino Luís,24,1684,0,0.9390051607042552,2,0.4540975745767355,9,9,4,0,M S,Burnley,0,0.9390051607042552,3.8170487862080336,3.16108260396868,EPL,40
9040,Conor Gallagher,9,612,0,0.9757537953555584,1,0.3875098433345556,5,7,0,0,M S,Tottenham,0,0.9757537953555584,2.1187988705933094,1.3750632815063,EPL,12
9077,James Trafford,3,270,0,0.0,0,0.0,0,0,0,0,GK,Manchester City,0,0.0,1.4181099254637957,1.4181099254637957,EPL,1
9098,Robert Sánchez,29,2524,0,0.0,1,0.8848487213253975,0,5,4,1,GK,Chelsea,0,0.0,9.29329732619226,8.408448604866862,EPL,0
9105,Radu Dragusin,8,511,0,0.2077605351805687,0,0.0,4,0,0,0,D S,Tottenham,0,0.2077605351805687,0.8118065074086189,0.8118065074086189,EPL,3
9272,Filip Jorgensen,3,265,0,0.0,0,0.0,0,0,0,0,GK S,Chelsea,0,0.0,1.2539185211062431,1.2539185211062431,EPL,0
9328,Jeremie Frimpong,15,743,0,0.4066029079258442,1,2.218979731202125,8,11,1,0,D M S,Liverpool,0,0.4066029079258442,3.866651948541403,2.555417919531465,EPL,8
9332,Dane Scarlett,2,4,0,0.0,0,0.0,0,0,0,0,S,Tottenham,0,0.0,0.0506130419671535,0.0506130419671535,EPL,0
9487,Maxime Estève,28,2412,0,0.4140876997262239,0,0.7021042061969638,9,6,0,0,D,Burnley,0,0.4140876997262239,3.750671290792525,3.6022567311301827,EPL,23
9512,Valentino Livramento,15,1157,0,0.1522857137024402,1,0.6162818782031536,3,10,1,0,D S,Newcastle United,0,0.1522857137024402,5.755311671644449,5.139229614287615,EPL,14
9524,Anthony Elanga,27,1202,0,1.3304177578538656,1,1.749520514160395,16,15,0,0,F M S,Newcastle United,0,1.3304177578538656,3.9168217182159424,1.5941640622913835,EPL,11
9554,Tim Iroegbunam,23,1116,0,0.3738285331055522,2,1.818956308066845,9,6,8,0,M S,Everton,0,0.3738285331055522,3.255840167403221,1.7759469598531723,EPL,36
9614,Marco Bizot,5,403,0,0.0,0,0.0,0,0,1,0,GK S,Aston Villa,0,0.0,1.0298098511993885,1.0298098511993885,EPL,0
9676,David Raya,31,2790,0,0.0,0,0.1493939720094204,0,3,1,0,GK,Arsenal,0,0.0,5.576761197298765,5.485769975930452,EPL,1
9677,Kristoffer Ajer,24,1626,0,1.053914662450552,1,0.9042857214808464,10,5,3,0,D S,Brentford,0,1.053914662450552,5.491811184212565,3.873572135344148,EPL,21
9678,Ethan Pinnock,4,330,0,0.0091950073838233,0,0.0,1,0,1,0,D,Brentford,0,0.0091950073838233,0.109051514416933,0.109051514416933,EPL,5
9679,Rico Henry,25,1315,0,0.1456592017784714,1,0.3161719217896461,5,4,2,0,D S,Brentford,0,0.1456592017784714,2.418498318642378,2.231708014383912,EPL,11
9681,Frank Onyeka,6,68,0,0.0,1,0.3706037104129791,0,1,0,0,S,Brentford,0,0.0,0.3706037104129791,0.3706037104129791,EPL,0
9693,Giorgi Mamardashvili,6,540,0,0.0,0,0.0,0,0,0,0,GK,Liverpool,0,0.0,1.904571609571576,1.904571609571576,EPL,0
9740,José Sá,19,1710,0,0.0,0,0.0831252336502075,0,1,2,0,GK,Wolverhampton Wanderers,0,0.0,0.6139764115214348,0.5308511778712273,EPL,0
9944,Gabriel Gudmundsson,29,2387,0,0.8777289493009448,0,2.4423023387789726,18,19,4,1,D M S,Leeds,0,0.8777289493009448,5.452674796804786,3.617291221395135,EPL,42
9958,Yerson Mosquera,22,1722,0,2.086806334555149,0,1.1498276190832255,21,10,10,0,D S,Wolverhampton Wanderers,0,2.086806334555149,4.769692251458764,2.943933306261897,EPL,31
10004,Romeo Lavia,8,197,0,0.228748932480812,0,0.0,1,0,0,0,M S,Chelsea,0,0.228748932480812,2.5109884925186634,2.5109884925186634,EPL,3
10024,Cristhian Mosquera,14,665,0,0.0,0,0.1646239385008812,0,3,2,0,D S,Arsenal,0,0.0,3.46585975587368,3.3756886199116707,EPL,16
10025,Lamare Bogarde,24,763,0,0.0,0,0.0411524251103401,0,2,5,0,D M S,Aston Villa,0,0.0,1.80983617156744,1.7686837539076803,EPL,14
10120,Conor Bradley,15,962,0,0.2198291672393679,1,1.1937107481062412,6,4,5,0,D S,Liverpool,0,0.2198291672393679,3.412436105310917,2.405481914058328,EPL,15
10126,James McAtee,10,155,0,0.0131533788517117,0,0.2934955358505249,1,3,1,0,M S,Nottingham Forest,0,0.0131533788517117,0.333125096745789,0.0396295608952641,EPL,3
10169,Diego Coppola,5,192,0,0.0,0,0.0,0,0,2,0,D S,Brighton,0,0.0,0.4860989674925804,0.4860989674925804,EPL,2
10205,Myles Peart-Harris,1,1,0,0.0,0,0.0,0,0,0,0,S,Brentford,0,0.0,0.0,0.0,EPL,0
10291,Vitalii Mykolenko,26,2333,0,0.2774586006999016,1,1.0163597259670496,9,18,5,0,D,Everton,0,0.2774586006999016,5.884970650076866,4.928219838067889,EPL,0
10292,Nathan Patterson,6,240,0,0.1701965481042862,0,0.0,1,0,0,0,D S,Everton,0,0.1701965481042862,0.7384375408291817,0.5682409927248955,EPL,4
10293,Toti,14,1063,0,0.4723467836156487,0,0.1083252504467964,4,5,2,1,D S,Wolverhampton Wanderers,0,0.4723467836156487,1.3968179700896144,1.2609899174422026,EPL,0
10527,Carlos Baleba,25,1319,0,0.388982773758471,0,0.0938934944570064,15,4,5,0,M S,Brighton,0,0.388982773758471,3.623184653930366,3.252468335442245,EPL,15
10542,Jamie Bynoe-Gittens,16,455,0,0.8924727980047464,2,0.978217288851738,10,9,0,0,M S,Chelsea,0,0.8924727980047464,2.936161085963249,1.3098940197378397,EPL,0
10564,Leny Yoro,28,1617,0,1.1060877703130243,0,0.1026026122272014,7,3,1,0,D S,Manchester United,0,1.1060877703130243,4.597984341904521,4.426149817183614,EPL,19
10586,Tyler Dibling,14,337,0,0.1377814710140228,0,0.2132043652236461,4,4,2,0,M S,Everton,0,0.1377814710140228,0.8644972424954176,0.634521609172225,EPL,3
10696,Noussair Mazraoui,15,619,0,0.1684903018176555,0,0.0761949084699153,4,2,3,0,D S,Manchester United,0,0.1684903018176555,4.013312056660652,3.870699256658554,EPL,8
10721,Sepp van den Berg,26,2304,0,3.0898983497172594,1,1.5365575067698956,20,5,1,0,D S,Brentford,0,3.0898983497172594,6.3269997369498014,4.76605380140245,EPL,6
10747,James Hill,22,1470,0,0.7558055985718966,3,1.115074584260583,8,8,2,0,D S,Bournemouth,0,0.7558055985718966,4.46410661470145,4.207849534228444,EPL,12
10756,Joe Worrall,11,478,0,0.0381001383066177,0,0.0,1,0,0,0,D S,Burnley,0,0.0381001383066177,0.5445791333913803,0.5064789950847626,EPL,2
10764,Djed Spence,24,1834,0,1.0807367134839296,0,1.8603137182071805,11,10,4,0,D S,Tottenham,0,1.0807367134839296,5.642359878867865,3.065219447016716,EPL,21
10802,Lisandro Martínez,14,889,0,0.0539020793512463,0,0.4361163191497326,4,4,0,0,D S,Manchester United,0,0.0539020793512463,5.109599675983191,5.016608331352472,EPL,7
10803,Tyrell Malacia,2,2,0,0.0,0,0.0,0,0,0,0,S,Manchester United,0,0.0,0.0522542111575603,0.0522542111575603,EPL,0
10822,Wilson Odobert,24,946,0,2.460178238339722,2,1.9524234533309937,21,20,0,0,F M S,Tottenham,0,2.460178238339722,5.9682222586125135,2.8834201879799366,EPL,8
10847,Rico Lewis,10,299,0,0.0737852826714515,1,1.4945278838276863,2,6,1,0,D S,Manchester City,0,0.0737852826714515,2.6490715742111206,1.2449853271245956,EPL,4
10856,Emmanuel Agbadou,14,1093,0,0.44676383305341,0,0.1717668529599905,10,4,1,1,D S,Wolverhampton Wanderers,0,0.44676383305341,1.6553496047854424,1.543709209188819,EPL,21
10864,Marcos Senesi,30,2668,0,1.7898515136912465,4,3.405091884545982,15,21,8,0,D,Bournemouth,0,1.7898515136912465,10.43881902936846,7.645365234464407,EPL,29
11003,Ryan Yates,16,365,0,0.3780274018645286,1,0.13348407484591,5,3,1,0,M S,Nottingham Forest,0,0.3780274018645286,1.7397975772619247,1.4824262000620363,EPL,8
11033,Kaden Rodney,1,1,0,0.0,0,0.0,0,0,0,0,S,Crystal Palace,0,0.0,0.0,0.0,EPL,0
11132,Ethan Nwaneri,6,154,0,0.3292111651971936,0,0.0484081842005252,6,1,0,0,S,Arsenal,0,0.3292111651971936,1.166222719475627,0.9847383946180344,EPL,0
11155,Wilfried Gnonto,16,361,0,0.3248312175273895,1,0.6911645606160164,8,5,3,0,F S,Leeds,0,0.3248312175273895,2.0139467380940914,1.0399735905230043,EPL,10
11167,Chadi Riad,6,314,0,0.1359153660014271,1,0.427691638469696,2,1,2,0,D S,Crystal Palace,0,0.1359153660014271,0.7873845249414444,0.7873845249414444,EPL,3
11174,Kobbie Mainoo,22,1083,0,0.1794009869918227,2,0.598043785430491,8,17,0,0,M S,Manchester United,0,0.1794009869918227,5.230776999145746,4.800305323675275,EPL,11
11231,Ben Doak,5,42,0,0.0851583629846572,1,0.4571621716022491,1,1,0,0,S,Bournemouth,0,0.0851583629846572,1.4128027111291883,0.8704821839928627,EPL,0
11243,Bashir Humphreys,15,1242,0,0.4447194803506136,0,0.6837383769452572,7,6,5,0,D S,Burnley,0,0.4447194803506136,2.706842956133187,2.4326283195987344,EPL,15
11253,Mamadou Sarr,2,91,0,0.5694634318351746,0,0.0,1,0,0,0,D S,Chelsea,0,0.5694634318351746,0.2305086031556129,0.2305086031556129,EPL,0
11297,Carlos Alcaraz,16,675,0,0.9294976545497776,1,1.21384940110147,18,9,3,0,M S,Everton,0,0.9294976545497776,2.604523872025311,1.3459198297932744,EPL,8
11331,Merlin Röhl,12,322,0,0.3806900344789028,0,0.2557048462331295,7,5,0,0,M S,Everton,0,0.3806900344789028,0.9362909588962792,0.392738439142704,EPL,10
11362,Facundo Buonanotte,3,67,0,0.044329535216093,0,0.1689806431531906,1,2,1,0,M S,"Chelsea,Leeds",0,0.044329535216093,0.2642164155840873,0.2198868803679943,EPL,0
11461,Romaine Mundle,14,370,0,0.673394400626421,0,0.0171345714479684,7,1,1,0,M S,Sunderland,0,0.673394400626421,1.284482665359974,0.6110882572829723,EPL,4
11633,Marc Guiu,9,233,0,2.4548350498080254,1,0.7587333768606186,12,3,1,0,F S,"Chelsea,Sunderland",0,2.4548350498080254,3.163074307143688,0.0594495087862014,EPL,0
11704,Hjalmar Ekdal,15,1185,0,0.5319462595507503,0,0.1554165836423635,5,3,0,0,D S,Burnley,0,0.5319462595507503,2.35501430183649,2.2430223636329174,EPL,13
11711,Bart Verbruggen,31,2790,0,0.0,0,0.076464258134365,0,1,3,0,GK,Brighton,0,0.0,6.240077810361981,6.240077810361981,EPL,1
11735,Sávio,17,542,0,2.454739084467292,1,0.6098880097270012,13,6,2,0,M S,Manchester City,0,2.454739084467292,4.15956312045455,2.1407860703766346,EPL,3
11763,Abduqodir Khusanov,15,881,0,0.1546813175082206,0,0.2001372054219246,2,2,2,0,D S,Manchester City,0,0.1546813175082206,3.599716942757368,3.484587173908949,EPL,0
11766,Manuel Ugarte,21,760,0,0.6452064188197255,0,0.1287948712706565,11,3,1,0,M S,Manchester United,0,0.6452064188197255,3.5583059154450893,2.860197020694613,EPL,27
11807,Ian Maatsen,24,1247,0,1.0339584182947874,0,1.8613278027623887,17,19,2,0,D S,Aston Villa,0,1.0339584182947874,3.976281203329563,2.910544075071812,EPL,27
11808,Andrey Santos,23,977,0,1.7154290862381458,0,0.6522208489477634,8,7,4,0,M S,Chelsea,0,1.7154290862381458,5.09560789167881,3.811923023313284,EPL,13
11824,Lucas Pires,15,1093,0,0.4762053117156029,0,1.3178928308188915,11,16,0,1,D S,Burnley,0,0.4762053117156029,2.931411426514387,1.985164844430983,EPL,0
11903,Oscar Bobb,16,775,0,1.1028964892029762,1,1.46145074442029,7,16,1,0,F M S,"Fulham,Manchester City",0,1.1028964892029762,4.574571404606104,3.090272132307291,EPL,5
12014,Jake O&#039;Brien,30,2563,0,0.5886748284101486,1,0.6192675000056624,9,13,2,1,D S,Everton,0,0.5886748284101486,5.009798191487789,4.286270923912525,EPL,0
12032,Djordje Petrovic,31,2790,0,0.0,0,0.0,0,0,2,0,GK,Bournemouth,0,0.0,2.2468280624598265,2.2468280624598265,EPL,0
12054,Altay Bayindir,6,540,0,0.0,0,0.2939172387123108,0,1,0,0,GK,Manchester United,0,0.0,1.0489089861512184,0.7549917474389076,EPL,0
12094,Mike Trésor,4,13,0,0.0,0,0.0,0,0,0,0,S,Burnley,0,0.0,0.0,0.0,EPL,0
12113,Jackson Tchatchoua,28,1682,0,0.1055051013827323,1,2.091843410395086,3,19,3,0,D S,Wolverhampton Wanderers,0,0.1055051013827323,5.862354715354741,4.054903162643313,EPL,14
12199,Alex Murphy,1,1,0,0.0,0,0.0,0,0,0,0,S,Newcastle United,0,0.0,0.0,0.0,EPL,0
12203,Treymaurice Nyoni,4,8,0,0.4788391590118408,0,0.0494166016578674,1,1,0,0,S,Liverpool,0,0.4788391590118408,0.6415212154388428,0.1132654696702957,EPL,0
12234,Tawanda Chirewa,2,20,0,0.0,0,0.0,0,0,0,0,S,Wolverhampton Wanderers,0,0.0,0.0,0.0,EPL,0
12272,Myles Lewis-Skelly,14,285,0,0.0696707516908645,0,0.1222897954285144,1,3,3,0,D S,Arsenal,0,0.0696707516908645,1.1322807930409908,0.9733922854065896,EPL,3
12358,Oliver Scarles,12,664,0,0.2387502118945121,0,0.9672641232609748,3,4,1,0,D S,West Ham,0,0.2387502118945121,1.5808512102812529,0.6791210677474737,EPL,18
12359,Callum Marshall,2,44,0,0.2289344072341919,0,0.0,1,0,0,0,S,West Ham,0,0.2289344072341919,0.0,0.0,EPL,0
12369,Lucas Perri,16,1440,0,0.0,0,0.0,0,0,2,0,GK,Leeds,0,0.0,2.474491350352764,2.474491350352764,EPL,0
12409,Adam Wharton,27,2217,0,0.9826451102271676,5,4.880828585475683,26,32,4,1,M S,Crystal Palace,0,0.9826451102271676,11.654135275632145,8.625732477754354,EPL,33
12474,George Earthy,1,7,0,0.0,0,0.0,0,0,0,0,S,West Ham,0,0.0,0.0,0.0,EPL,0
12573,Tyrique George,9,239,0,0.6463920399546623,0,0.0,5,0,2,0,M S,"Chelsea,Everton",0,0.6463920399546623,0.6020740419626236,0.4123904649168253,EPL,2
12595,Hákon Valdimarsson,1,90,0,0.0,0,0.0,0,0,0,0,GK,Brentford,0,0.0,0.2126694023609161,0.2126694023609161,EPL,0
12726,Christantus Uche,14,109,0,0.7797833420336246,0,0.0,6,0,0,0,S,Crystal Palace,0,0.7797833420336246,0.7532306127250195,0.0335573256015777,EPL,2
12757,Harrison Armstrong,11,496,0,0.4391051679849624,0,0.1213887110352516,5,4,0,0,M S,Everton,0,0.4391051679849624,1.5633678585290909,1.3058937191963196,EPL,10
12758,Mats Wieffer,21,1588,0,1.7678638622164726,3,2.8690227568149567,16,19,7,0,D S,Brighton,0,1.7678638622164726,9.24720836803317,7.390511912293732,EPL,37
12766,Jota Silva,1,7,0,0.0,0,0.0,0,0,0,0,S,Nottingham Forest,0,0.0,0.0,0.0,EPL,1
12774,Andy Irving,7,178,0,0.0,0,0.2021182812750339,0,3,0,0,M S,West Ham,0,0.0,0.1736587174236774,0.1385073959827423,EPL,4
12910,Mads Hermansen,11,990,0,0.0,0,0.0,0,0,0,0,GK,West Ham,0,0.0,1.1277148462831974,1.1277148462831974,EPL,0
13026,Luis Guilherme,5,118,0,0.0393501259386539,0,0.0517973899841308,1,1,0,0,F S,West Ham,0,0.0393501259386539,0.0911475159227848,0.0,EPL,1
13064,Lutsharel Geertruida,25,1389,0,0.6872561611235142,0,0.7576147364452481,8,7,1,0,D M S,Sunderland,0,0.6872561611235142,3.527359578758478,2.3528680820018053,EPL,20
13066,Ferdi Kadioglu,30,2515,0,1.3626644853502512,0,1.102859366685152,21,16,6,0,D M S,Brighton,0,1.3626644853502512,11.105179026722908,9.394517913460732,EPL,34
13068,Morato,15,935,0,1.401793820783496,0,0.0138153219595551,4,1,4,0,D S,Nottingham Forest,0,1.401793820783496,2.6422858498990536,2.0910839401185517,EPL,16
13080,Ayden Heaven,14,653,0,0.2150531085208058,1,0.365470789372921,3,2,2,0,D S,Manchester United,0,0.2150531085208058,3.3284167740494013,2.874162146821618,EPL,9
13091,Jaydee Canvot,13,704,0,0.7780758589506149,0,0.0618828004226088,3,2,2,0,D S,Crystal Palace,0,0.7780758589506149,1.534210211597383,1.5240573734045029,EPL,13
13150,Jack Fletcher,3,97,0,0.0373862497508525,0,0.1148756481707096,1,2,0,0,S,Manchester United,0,0.0373862497508525,0.2627697400748729,0.1478940844535827,EPL,1
13156,Pedro Lima,3,3,0,0.0,0,0.0,0,0,0,0,S,Wolverhampton Wanderers,0,0.0,0.0,0.0,EPL,0
13200,Fernando López,9,211,0,0.2181545086205005,1,0.5119961202144623,5,3,1,0,M S,Wolverhampton Wanderers,0,0.2181545086205005,0.8440351467579603,0.2290974706411361,EPL,0
13224,Callum Olusesi,1,12,0,0.0,0,0.0,0,0,0,0,S,Tottenham,0,0.0,0.0,0.0,EPL,0
13242,Ben Winterburn,1,3,0,0.0,0,0.0,0,0,0,0,S,Bournemouth,0,0.0,0.0,0.0,EPL,0
13247,Ezra Mayers,6,96,0,0.1098941266536712,0,0.1163404732942581,1,2,0,0,S,West Ham,0,0.1098941266536712,0.391190942376852,0.1649563424289226,EPL,0
13262,Jonah Kusi-Asare,5,19,0,0.0,0,0.081977978348732,0,1,1,0,S,Fulham,0,0.0,0.081977978348732,0.0,EPL,0
13298,Max Alleyne,2,138,0,0.3813819289207458,0,0.0321632847189903,2,1,0,0,D,Manchester City,0,0.3813819289207458,0.3675581216812134,0.3675581216812134,EPL,3
13306,Zach Abbott,2,117,0,0.0,0,0.0,0,0,0,0,D S,Nottingham Forest,0,0.0,0.0799943655729293,0.0799943655729293,EPL,2
13310,Jamaldeen Jimoh,1,5,0,0.0,0,0.0,0,0,0,0,S,Aston Villa,0,0.0,0.3433566093444824,0.3433566093444824,EPL,0
13387,Romain Esse,4,29,0,0.0,0,0.0,0,0,0,0,S,Crystal Palace,0,0.0,0.0,0.0,EPL,1
13392,Andrés García,4,32,0,0.0,0,0.0,0,0,0,0,S,Aston Villa,0,0.0,0.4362176060676574,0.4362176060676574,EPL,1
13399,Joe Knight,1,1,0,0.0,0,0.0,0,0,0,0,S,Brighton,0,0.0,0.0,0.0,EPL,0
13467,Tyler Fredricson,1,1,0,0.0,0,0.0,0,0,0,0,S,Manchester United,0,0.0,0.0,0.0,EPL,0
13474,Julio Soler,3,27,0,0.0,0,0.0,0,0,0,0,S,Bournemouth,0,0.0,0.0643863454461097,0.0643863454461097,EPL,0
13584,Harry Howell,3,91,0,0.0,0,0.0,0,0,0,0,M S,Brighton,0,0.0,0.0,0.0,EPL,0
13712,Robin Roefs,28,2520,0,0.0,0,0.7053439579904079,0,4,3,0,GK,Sunderland,0,0.0,2.958572026342153,2.253228049725294,EPL,0
13713,Trai Hume,31,2589,0,2.160374043509364,1,1.2568716146051884,28,17,8,0,D M S,Sunderland,0,2.160374043509364,5.844017383642495,3.0809726994484663,EPL,41
13714,Jenson Seelt,2,135,0,0.0,0,0.0,0,0,0,0,D S,Sunderland,0,0.0,0.3046077191829681,0.3046077191829681,EPL,0
13716,Noah Sadiki,26,2308,0,0.568687099032104,0,0.4226047042757272,13,10,7,0,M,Sunderland,0,0.568687099032104,4.770186554640532,4.182178211398423,EPL,21
13719,Chris Rigg,13,569,0,0.5475022308528423,0,0.6095620132982731,8,7,0,0,M S,Sunderland,0,0.5475022308528423,1.3889448270201683,0.398035816848278,EPL,8
13720,Dan Neil,3,13,0,0.0,0,0.0,0,0,0,0,S,Sunderland,0,0.0,0.0,0.0,EPL,0
13723,El Hadji Malick Diouf,25,2094,0,0.4509089142084121,5,2.4308966314420104,13,15,4,0,D M S,West Ham,0,0.4509089142084121,4.472936221398413,3.058775870129466,EPL,14
13724,Freddie Potts,20,1131,0,0.2126328870654106,1,1.2075103465467691,3,8,1,0,M S,West Ham,0,0.2126328870654106,2.454887980595231,1.5549293383955956,EPL,18
13727,Quilindschy Hartman,17,1511,0,0.132399677298963,4,2.343407635577023,7,19,1,0,D,Burnley,0,0.132399677298963,4.401549935340881,3.927649743855,EPL,22
13740,David Møller Wolfe,18,842,0,0.0825581811368465,2,1.2312744036316872,3,7,1,0,D S,Wolverhampton Wanderers,0,0.0825581811368465,1.6957409083843231,1.2027955185621977,EPL,5
13776,Jorrel Hato,16,625,0,0.3383092209696769,0,0.6700731590390205,4,7,4,0,D S,Chelsea,0,0.3383092209696769,4.59147522225976,4.236204672604799,EPL,11
13779,Jair,3,212,0,0.1381586492061615,0,0.0,2,0,0,0,D S,Nottingham Forest,0,0.1381586492061615,0.2314481381326913,0.0932894963771104,EPL,0
13780,Antoni Milambo,1,50,0,0.0,0,0.0,0,0,0,0,M,Brentford,0,0.0,0.0437612235546112,0.0437612235546112,EPL,1
13835,Joël Piroe,13,190,0,0.9712987393140792,0,0.0858056545257568,11,1,0,0,F S,Leeds,0,0.9712987393140792,1.119105262681842,0.2169358264654874,EPL,1
13870,Bradley Burrowes,1,12,0,0.0,0,0.0,0,0,0,0,S,Aston Villa,0,0.0,0.0,0.0,EPL,0
14017,John Victor,5,440,0,0.0,0,0.0,0,0,1,0,GK,Nottingham Forest,0,0.0,0.8475470691919327,0.8475470691919327,EPL,0
14027,Veljko Milosavljevic,7,363,0,0.357437402009964,0,0.0670101419091224,1,1,0,0,D S,Bournemouth,0,0.357437402009964,0.4575175084173679,0.3905073590576648,EPL,4
14029,Tom Watson,6,44,0,0.0247048325836658,0,0.0,1,0,1,0,S,Brighton,0,0.0247048325836658,0.0247048325836658,0.0,EPL,1
14055,Divine Mukasa,2,21,0,0.0,0,0.211731594055891,0,2,0,0,S,Manchester City,0,0.0,0.7216724120080471,0.5099408626556396,EPL,0
14056,Senne Lammens,25,2250,0,0.0,0,0.0,0,0,0,0,GK,Manchester United,0,0.0,2.9597633462399244,2.9597633462399244,EPL,1
14099,Luke O&#039;Nien,8,218,0,0.0,0,0.0,0,0,1,1,D S,Sunderland,0,0.0,0.135126382112503,0.135126382112503,EPL,0
14127,Nehemiah Oriola,1,1,0,0.0,0,0.0,0,0,0,0,S,Brighton,0,0.0,0.0,0.0,EPL,0
14134,Jun&#039;ai Byfield,1,1,0,0.0,0,0.0,0,0,0,0,S,Tottenham,0,0.0,0.0,0.0,EPL,0
14176,James Rowswell,1,1,0,0.0,0,0.0,0,0,0,0,S,Tottenham,0,0.0,0.0,0.0,EPL,0
14193,George Hemmings,2,19,0,0.0193882789462804,0,0.0,1,0,0,0,S,Aston Villa,0,0.0193882789462804,0.3816603980958462,0.3622721172869205,EPL,0
14198,Shea Lacey,2,6,0,0.0593010261654853,0,0.0,3,0,0,0,S,Manchester United,0,0.0593010261654853,0.1093531921505928,0.0500521622598171,EPL,0
14217,Romelle Donovan,4,23,0,0.1047036871314048,0,0.0320337601006031,3,1,0,0,S,Brentford,0,0.1047036871314048,0.1047036871314048,0.0,EPL,0
14219,Mohamadou Kanté,8,20,0,0.1030743010342121,0,0.1098941266536712,2,1,1,0,S,West Ham,0,0.1030743010342121,0.3219527713954448,0.1089843437075614,EPL,3
14263,Joél Drakes-Thomas,2,2,0,0.0,0,0.0,0,0,0,0,S,Crystal Palace,0,0.0,0.3753929138183594,0.3753929138183594,EPL,1
14266,Bendito Mantato,1,14,0,0.0,0,0.0364780984818935,0,1,0,0,S,Manchester United,0,0.0,0.1237963810563087,0.1237963810563087,EPL,0
14272,Tyler Fletcher,1,1,0,0.0,0,0.0,0,0,0,0,S,Manchester United,0,0.0,0.0,0.0,EPL,0
14281,Jaydon Banel,1,7,0,0.0,0,0.0,0,0,0,0,S,Burnley,0,0.0,0.0,0.0,EPL,0
14290,Pablo,7,422,0,0.7078680619597435,0,0.3314105980098247,6,5,0,0,F M S,West Ham,0,0.7078680619597435,1.3367059007287023,0.3108449596911669,EPL,6
14374,Alex Tóth,4,69,0,0.0995914712548255,0,0.2503544464707374,1,3,1,0,M S,Bournemouth,0,0.0995914712548255,1.12132428586483,0.77137840539217,EPL,0
14410,Souza,4,136,0,0.0115449018776416,0,0.2023620158433914,1,3,1,0,D M S,Tottenham,0,0.0115449018776416,0.5580052882432938,0.3744830936193466,EPL,0
14424,Nilson Angulo,5,261,0,0.558087632060051,0,0.0354292374104261,3,2,0,0,M S,Sunderland,0,0.558087632060051,0.4823193401098251,0.1152174398303031,EPL,5
14425,Melker Ellborg,3,270,0,0.0,0,0.0,0,0,0,0,GK,Sunderland,0,0.0,0.1012968495488166,0.1012968495488166,EPL,0
14446,Alysson Edward,3,34,0,0.052795436233282,0,0.0,1,0,0,0,S,Aston Villa,0,0.052795436233282,0.1039408203214407,0.0511453840881586,EPL,0
14460,Djiamgone Jocelin Ta Bi,1,38,0,0.0,0,0.0,0,0,0,0,M,Sunderland,0,0.0,0.0,0.0,EPL,0
647,Harry Kane,26,2083,31,26.705479028634727,5,6.530971290543675,108,36,1,0,F M S,Bayern Munich,21,19.127711947076023,30.932297751307487,9.018504187464714,Bundesliga,12
10804,Deniz Undav,23,1737,18,16.30695114657283,5,3.665377866476774,100,25,4,0,F M S,VfB Stuttgart,18,16.30695114657283,24.50975149869919,6.974813592620194,Bundesliga,10
10408,Luis Díaz,25,2087,15,13.144643872976305,11,8.126589147374034,71,56,5,1,M S,Bayern Munich,15,13.144643872976305,29.76693857461214,11.230646977201104,Bundesliga,13
3738,Serhou Guirassy,26,1859,13,15.727250542491674,1,1.762090252712369,67,17,2,0,F S,Borussia Dortmund,12,13.453920509666204,14.852337025105951,3.1846891287714243,Bundesliga,1
7422,Christoph Baumgartner,26,2183,12,13.94309102743864,6,2.803140627220273,62,30,6,0,M S,RasenBallsport Leipzig,12,13.18531434237957,16.37586272135377,4.957664797082543,Bundesliga,27
9948,Michael Olise,25,1978,11,9.842565534636378,17,15.43462716601789,84,71,5,0,M S,Bayern Munich,11,9.842565534636378,34.401524141430855,14.889369398355484,Bundesliga,11
13013,Haris Tabakovic,26,1974,11,12.005434792488812,2,1.4862475600093603,53,14,2,0,F S,Borussia M.Gladbach,11,10.489881377667189,9.03933529369533,1.81103496812284,Bundesliga,4
82,Nadiem Amiri,20,1667,10,7.3520552739501,2,4.181111939251423,39,47,6,0,F M S,Mainz 05,3,2.047618556767702,7.012902742251754,4.205031407997012,Bundesliga,16
956,Andrej Kramaric,27,1750,10,9.46609241142869,5,4.075718277134001,52,31,1,0,F M S,Hoffenheim,7,7.192762468010187,14.59313951060176,6.431316334754229,Bundesliga,4
13561,Yan Diomande,26,1893,10,6.414470110088587,6,7.325402310118079,42,44,2,0,F M S,RasenBallsport Leipzig,10,6.414470110088587,22.857635393738747,11.30620857141912,Bundesliga,13
13911,Said El Mala,27,1381,10,8.394995929673314,3,1.855044599622488,53,13,2,0,F M S,FC Cologne,10,8.394995929673314,10.84583965688944,2.514886926859617,Bundesliga,9
1236,Patrik Schick,21,1482,9,11.81377076730132,3,2.882771613076329,47,11,2,0,F S,Bayer Leverkusen,7,10.29821739718318,13.087981395423412,2.8244318766519427,Bundesliga,2
6496,Ermedin Demirovic,18,1181,9,6.367287680506706,2,1.6134076975286007,29,12,4,0,F S,VfB Stuttgart,8,5.609511002898216,9.1836109906435,2.9532078467309475,Bundesliga,8
7108,Jonathan Burkardt,15,998,9,9.662737272679806,0,0.295681282877922,31,7,1,0,F S,Eintracht Frankfurt,7,8.147183857858181,9.543572641909122,2.3836829252541065,Bundesliga,1
993,Serge Gnabry,20,1213,8,6.14539984986186,6,5.150685242377222,47,22,1,0,M S,Bayern Munich,8,6.14539984986186,15.701274052262306,7.598203910514712,Bundesliga,8
8137,Maximilian Beier,25,1564,8,7.629877120256424,4,3.201244338415563,44,19,2,0,D F M S,Borussia Dortmund,8,7.629877120256424,12.496751675382257,2.7742457818239927,Bundesliga,11
10113,Fisnik Asllani,26,1871,8,7.574554221704602,5,4.250370090827346,57,27,1,0,F M S,Hoffenheim,8,7.574554221704602,15.740491546690464,4.972055591642857,Bundesliga,4
12953,Igor Matanovic,24,1087,8,7.90627596154809,1,1.0842203553766012,42,11,0,0,F S,Freiburg,7,6.390722554177046,7.644539416767657,1.3203405179083347,Bundesliga,8
13062,Mohammed Amoura,24,1622,8,8.184730482287705,3,3.822716798633337,50,23,2,0,F M S,Wolfsburg,7,7.426953804679215,11.92917887493968,3.297846110537648,Bundesliga,0
4340,Grischa Prömel,27,1445,7,4.974605724215508,2,1.997825236991048,38,15,2,0,M S,Hoffenheim,7,4.974605724215508,9.76051814109087,3.2591479644179344,Bundesliga,15
5266,Vincenzo Grifo,27,1371,7,5.334495235234499,1,4.24383395537734,26,32,0,0,M S,Freiburg,3,2.303468931466341,9.258244100958107,4.866692245006561,Bundesliga,4
8407,Tim Lemperle,22,1444,7,6.828041722998023,2,2.271415861323476,39,21,1,0,F M S,Hoffenheim,6,6.070265015587211,10.045698391273618,2.4928201250731945,Bundesliga,12
9718,Jamie Leweling,25,1848,7,3.726155199110508,6,4.18502963334322,40,34,4,0,D M S,VfB Stuttgart,7,3.726155199110508,12.51847655698657,5.960362803190947,Bundesliga,9
10734,Jens Stage,24,2079,7,4.65173052996397,2,3.2642425801604986,46,23,5,0,M,Werder Bremen,7,4.65173052996397,10.807626351714134,5.418086346238852,Bundesliga,27
13852,Rômulo,23,1776,7,11.962001759558916,4,3.3973602056503296,46,21,3,0,F M S,RasenBallsport Leipzig,7,11.20422502234578,18.422886285930872,5.681653819978237,Bundesliga,13
261,Julian Brandt,22,1214,6,4.301542589440942,3,3.8335540425032377,26,24,0,0,F M S,Borussia Dortmund,6,4.301542589440942,10.28575406037271,3.744640402495861,Bundesliga,6
8869,Ragnar Ache,26,1526,6,8.633323587477207,3,2.6330892387777567,45,24,2,0,F S,FC Cologne,6,8.633323587477207,10.352406281977892,2.146874693222344,Bundesliga,8
10732,Jakub Kaminski,27,2413,6,4.549526661634445,3,5.297951964661479,44,45,3,0,D F M,FC Cologne,6,4.549526661634445,13.736923042684792,7.620445821434259,Bundesliga,25
10772,Karim Adeyemi,25,1174,6,4.678508400917053,3,2.954679423943162,30,14,4,0,F M S,Borussia Dortmund,6,4.678508400917053,10.900213494896889,4.0952072106301785,Bundesliga,3
11866,Álex Grimaldo,22,1909,6,5.003955053165555,6,6.751289527863264,40,48,5,0,D,Bayer Leverkusen,4,3.488401787355542,14.335732370615004,10.464854683727026,Bundesliga,17
12954,Can Uzun,15,825,6,2.734463332220912,3,2.259539982303977,27,13,2,0,M S,Eintracht Frankfurt,5,1.9766866397112608,6.394031405448914,2.5789587572216988,Bundesliga,7
5251,Rani Khedira,26,2314,5,2.099703524261713,0,1.6217375006526709,19,12,6,0,M,Union Berlin,5,2.099703524261713,5.818729408085346,2.871936582028866,Bundesliga,34
7749,Rayan Philippe,23,1082,5,5.102377101778984,0,1.16421427577734,32,13,2,0,F M S,Hamburger SV,5,4.344600394368172,5.604484042152762,1.1225422136485577,Bundesliga,11
9689,Albert Sambi Lokonga,21,1369,5,1.4439084362238646,0,1.1509323380887508,15,20,2,0,M S,Hamburger SV,5,1.4439084362238646,4.757381323724985,2.960865944623947,Bundesliga,10
9860,Malik Tillman,22,1559,5,4.389549918472767,1,3.4058956503868103,31,25,1,0,M S,Bayer Leverkusen,5,4.389549918472767,11.549183495342731,4.958263322710991,Bundesliga,28
10585,Justin Njinmah,26,1461,5,5.167566480115056,0,0.9386439435184002,45,13,1,0,D F M S,Werder Bremen,5,5.167566480115056,7.86517034843564,1.7768997689709067,Bundesliga,11
11007,Fábio Vieira,22,1622,5,3.959945078007877,5,3.5006919782608747,43,24,2,2,F M S,Hamburger SV,4,3.202168340794742,10.218529917299747,4.73674239218235,Bundesliga,5
11227,Dzenan Pejcinovic,23,976,5,5.151660994626582,0,0.5161480233073235,31,5,1,0,F S,Wolfsburg,5,5.151660994626582,5.157396291382611,0.6786755882203579,Bundesliga,7
11861,Stefan Schimmer,21,622,5,4.855158105492592,1,1.6511298958212135,28,12,1,0,F S,FC Heidenheim,5,4.855158105492592,7.322742756456137,1.3862062525004148,Bundesliga,3
12983,Danel Sinani,24,1671,5,5.188192814588547,3,2.758677993901074,43,35,3,0,F M S,St. Pauli,2,2.914862781763077,7.712893862277269,4.596233991906047,Bundesliga,14
13725,Luka Vuskovic,24,2160,5,4.477153269574046,0,0.4103483697399497,27,9,5,0,D,Hamburger SV,4,3.719376591965556,6.783518546260893,5.165573049336672,Bundesliga,14
13856,Christian Kofane,24,983,5,6.5611046105623245,3,1.7720793914049864,36,14,3,0,F M S,Bayer Leverkusen,5,6.5611046105623245,9.194656517356634,1.70118435844779,Bundesliga,6
13857,Ernest Poku,25,1437,5,3.642260760068893,4,2.573573093861341,26,26,0,0,D M S,Bayer Leverkusen,5,3.642260760068893,9.9954643137753,4.292972728610039,Bundesliga,9
13866,Ilyas Ansah,26,1629,5,3.181765249930322,1,1.3081056289374828,26,14,1,0,F M S,Union Berlin,5,3.181765249930322,5.631823955103755,2.7064782455563545,Bundesliga,5
419,Maximilian Mittelstädt,25,1714,4,3.5066699385643005,4,4.706905458122492,23,31,3,0,D M S,VfB Stuttgart,1,1.2333398889750242,12.510084882378578,8.897435875609517,Bundesliga,35
1427,Kevin Diks,24,2047,4,4.072658812627196,0,0.5254909005016088,19,5,5,0,D S,Borussia M.Gladbach,0,1.041552037000656,6.571843113750219,5.804844781756401,Bundesliga,28
3349,Ramy Bensebaini,17,1205,4,2.589087848551572,0,0.2659463137388229,12,7,5,0,D S,Borussia Dortmund,2,1.0735344933345914,5.8444758877158165,5.624816719442606,Bundesliga,10
5256,Oliver Burke,22,1105,4,4.221441814675927,1,1.6330705657601357,24,15,2,0,F M S,Union Berlin,4,4.221441814675927,6.712230738252401,1.7077562175691128,Bundesliga,3
5611,Martin Terrier,18,667,4,3.201124083250761,1,1.0998335517942903,17,10,1,0,F M S,Bayer Leverkusen,4,3.201124083250761,6.173402037471533,2.4726594015955925,Bundesliga,4
5752,Alexis Claude Maurice,23,1708,4,4.77810719050467,4,2.284228654578328,59,22,3,0,F M S,Augsburg,3,4.020330527797341,7.9957299660891294,3.406515871174633,Bundesliga,0
6449,Chris Führich,26,1229,4,2.2353497818112373,5,6.051124539226294,26,32,1,0,F M S,VfB Stuttgart,4,2.2353497818112373,12.785244680941103,7.507918886840343,Bundesliga,7
7376,Ozan Kabak,18,1101,4,3.35003406368196,0,0.2488305177539587,25,5,2,0,D S,Hoffenheim,4,3.35003406368196,5.847608778625727,3.915127955377102,Bundesliga,13
7485,Nico Schlotterbeck,21,1890,4,3.2422886332497,1,0.8571173064410686,30,8,6,0,D,Borussia Dortmund,4,3.2422886332497,8.670204410329461,7.792038986459374,Bundesliga,29
8056,Arnaud Kalimuendo Muinga,12,851,4,3.2228638529777527,1,0.916760504245758,20,8,3,0,F M S,Eintracht Frankfurt,4,3.2228638529777527,5.448864001780748,1.5858601685613394,Bundesliga,0
8317,Edmond Tapsoba,22,1949,4,3.2409368911758065,2,1.2413615845143795,23,8,5,0,D,Bayer Leverkusen,4,3.2409368911758065,11.48995815217495,10.226117978803812,Bundesliga,9
8791,Ritsu Doan,27,2141,4,3.722829412668944,5,6.130740121006966,34,35,4,0,D F M S,Eintracht Frankfurt,4,3.722829412668944,12.099948732182384,5.847979994490743,Bundesliga,19
8846,Paul Nebel,23,1492,4,3.7080252841115,1,3.831310987472534,22,31,2,2,M S,Mainz 05,4,3.7080252841115,9.10936351493001,2.384308371692896,Bundesliga,26
8989,Ansgar Knauff,21,1000,4,3.357334606349468,1,2.6085463538765907,27,16,2,0,F M S,Eintracht Frankfurt,4,3.357334606349468,8.341013899073005,3.146936694160104,Bundesliga,8
9783,Jae-Sung Lee,25,2123,4,3.882744339294732,2,3.3260836768895388,29,22,3,0,F M,Mainz 05,4,3.882744339294732,9.573881927877665,3.64221465587616,Bundesliga,0
10048,Nicolas Jackson,17,564,4,4.589569272473455,0,1.1904625538736582,19,13,1,1,F S,Bayern Munich,4,4.589569272473455,6.659919060766697,1.4742796020582318,Bundesliga,1
10367,Tiago Tomás,20,797,4,4.151520639657974,2,1.1570146046578884,30,10,3,0,M S,VfB Stuttgart,4,4.151520639657974,6.499056272208691,1.9894289504736664,Bundesliga,5
10725,Danilho Doekhi,27,2430,4,3.4665292482823133,0,0.5331808412447572,32,7,4,0,D,Union Berlin,4,3.4665292482823133,3.3032110892236237,2.423039708286524,Bundesliga,26
10860,Derry Scherhant,24,812,4,2.4991315146908164,1,1.3546028044074774,29,15,2,0,M S,Freiburg,4,2.4991315146908164,3.60648394562304,0.8625973518937826,Bundesliga,6
11354,Yuito Suzuki,22,1453,4,4.058217540383339,2,2.019381599500776,35,23,3,0,M S,Freiburg,4,4.058217540383339,7.84773363173008,2.738165073096752,Bundesliga,11
11856,Marvin Pieringer,20,1119,4,3.822233524173498,0,1.239474929869175,21,11,2,0,F S,FC Heidenheim,3,3.0644568763673306,4.193513309583068,1.335693085566163,Bundesliga,12
12038,Fabian Rieder,25,1757,4,2.863989037461579,3,3.827953058294952,28,27,2,0,D F M S,Augsburg,3,2.1062123784795403,8.28574412688613,4.387357402592897,Bundesliga,14
13122,Nathaniel Brown,26,2038,4,2.050333686172962,4,2.790567673742771,17,23,3,0,D M S,Eintracht Frankfurt,4,2.050333686172962,8.448343191295862,4.691898191347718,Bundesliga,44
13573,Lennart Karl,23,1103,4,6.147140823304653,3,2.523889074102044,37,20,0,0,M S,Bayern Munich,4,6.147140823304653,15.979419127106668,8.498176818713546,Bundesliga,13
13860,Wouter Burger,24,1970,4,3.3539092391729355,5,5.161827463656664,27,38,4,1,M,Hoffenheim,4,3.3539092391729355,11.51703012548387,5.667037846520543,Bundesliga,37
13885,Andréas Hountondji,14,655,4,2.7965804650448263,0,0.1788578573614359,13,4,1,0,F M S,St. Pauli,4,2.038803847040981,1.5341206658631563,0.0164687484502792,Bundesliga,0
13925,Ransford Königsdörffer,27,1917,4,6.969476473517716,0,0.9887055531144142,53,16,1,0,F M S,Hamburger SV,4,6.211699803359807,8.718933971598744,2.222293060272932,Bundesliga,1
171,Michael Gregoritsch,11,476,3,2.423559652641416,1,0.5865047797560692,12,3,2,0,F S,Augsburg,2,1.6657829750329256,1.799043171107769,0.8107494488358498,Bundesliga,4
294,Gian-Luca Waldschmidt,18,490,3,3.754639696329832,3,2.132720997557044,15,10,0,0,F M S,FC Cologne,2,2.9968630336225037,5.533328037708998,0.9902751883491874,Bundesliga,0
604,Emre Can,9,627,3,2.363978619687259,0,0.0,5,0,3,0,D S,Borussia Dortmund,0,0.0906485868617892,2.4536785297095776,2.376001711934805,Bundesliga,8
3455,Raphael Guerreiro,13,475,3,1.8377615213394165,2,1.3961872719228268,6,12,0,0,M S,Bayern Munich,3,1.8377615213394165,5.155072430148721,2.7022351268678904,Bundesliga,7
5969,Jean-Luc Dompe,20,1132,3,2.179867002181709,0,4.045239001512528,25,33,0,0,F M S,Hamburger SV,2,1.4220903245732188,5.373646780848503,1.3945018351078031,Bundesliga,5
6109,Konrad Laimer,22,1611,3,2.7632063534110785,5,3.489721359685064,15,32,5,0,D S,Bayern Munich,3,2.7632063534110785,17.79735006392002,13.433406848460436,Bundesliga,19
6273,Robin Koch,25,2210,3,1.8568208049982784,1,0.2771376315504312,13,7,1,1,D,Eintracht Frankfurt,3,1.8568208049982784,5.897779583930969,5.612404551357031,Bundesliga,18
6415,Nikolas Nartey,23,986,3,3.905818996950984,2,2.8492082208395004,20,20,2,0,F M S,VfB Stuttgart,3,3.905818996950984,11.16905465722084,4.902019476518035,Bundesliga,11
6974,Mattias Svanberg,20,708,3,2.22151755169034,1,0.8542640991508961,17,6,3,1,M S,Wolfsburg,3,2.22151755169034,3.885388806462288,2.010549733415246,Bundesliga,7
7267,Woo-Yeong Jeong,25,1067,3,1.81123030744493,1,0.4271412957459688,20,6,0,0,F M S,Union Berlin,3,1.81123030744493,3.1957295127213,1.3487168215215206,Bundesliga,0
7879,Marius Bülter,25,1199,3,3.308103835210204,3,3.928639968857169,34,21,3,0,F M S,FC Cologne,3,3.308103835210204,8.80309285596013,3.500779764726758,Bundesliga,2
8205,Jan Thielmann,20,1342,3,1.800755564123392,1,0.5248632412403822,21,7,4,0,D F M S,FC Cologne,3,1.800755564123392,6.261431286111474,4.388483611866832,Bundesliga,10
9724,David Raum,26,2310,3,2.2789241075515747,6,10.028936307877302,21,85,6,0,D,RasenBallsport Leipzig,2,1.5211474299430847,18.329550264403224,14.668708203360438,Bundesliga,33
9730,Patrick Wimmer,19,1230,3,2.470255134627223,3,0.6412104349583387,15,7,4,0,M S,Wolfsburg,3,2.470255134627223,4.851628598757088,2.551765176467597,Bundesliga,14
10187,Jarell Quansah,23,1873,3,2.6048063188791275,0,0.8263874910771847,12,10,8,0,D S,Bayer Leverkusen,3,2.6048063188791275,10.654054580256345,8.294211925938725,Bundesliga,19
10288,Anton Kade,21,1124,3,3.717436632141471,0,1.847305104136467,27,17,3,0,D F M S,Augsburg,3,3.717436632141471,6.042658671736717,1.1897010244429111,Bundesliga,9
10830,Jean Négoce,24,1249,3,1.96841003280133,4,3.887545902282,25,29,1,0,F M S,Eintracht Frankfurt,3,1.96841003280133,8.240172732621431,3.8003403916954994,Bundesliga,0
11310,Brajan Gruda,7,513,3,2.330075822770596,2,2.194702887907624,13,11,0,0,F M S,RasenBallsport Leipzig,3,2.330075822770596,5.737944930791855,2.804532065987587,Bundesliga,5
11547,Aleksandar Pavlovic,21,1320,3,1.4776572212576866,1,1.6352257747203112,9,17,2,0,M S,Bayern Munich,3,1.4776572212576866,13.980819545686243,12.387917660176754,Bundesliga,15
11840,Jovan Milosevic,8,282,3,2.097077786922455,0,0.0217002630233764,9,1,2,0,F S,Werder Bremen,3,2.097077786922455,2.319039773195982,0.3580754548311233,Bundesliga,1
12904,Samuel Mbangula,21,1052,3,1.7021509390324354,2,1.0369327440857887,15,14,0,0,F M S,Werder Bremen,3,1.7021509390324354,3.985795632004738,1.633827354758978,Bundesliga,10
12924,Marco Grüll,27,1840,3,3.741651838645339,1,1.9588886834681036,39,31,4,0,F M S,Werder Bremen,3,3.741651838645339,8.33744572289288,4.507334179244936,Bundesliga,15
12928,Alexander Prass,25,1068,3,1.576729103922844,2,2.087306270375848,16,16,2,0,D M S,Hoffenheim,3,1.576729103922844,6.251558413729072,3.255636526271701,Bundesliga,20
12934,Shuto Machino,26,848,3,3.627608820796013,0,1.0321348253637552,22,13,1,0,F M S,Borussia M.Gladbach,3,3.627608820796013,5.762555840425193,1.4732951689511538,Bundesliga,4
13020,Bilal El Khannouss,19,1355,3,1.7664454439654946,3,4.051339050754905,31,38,5,0,F M S,VfB Stuttgart,3,1.7664454439654946,8.602418798953295,4.456511421129108,Bundesliga,19
13102,Johan Manzambi,21,1678,3,2.494462659582496,2,2.413593184202909,38,14,4,2,M S,Freiburg,3,2.494462659582496,8.882357757538557,5.880071246996522,Bundesliga,11
13191,Assan Ouédraogo,12,632,3,2.1908827032893896,3,2.719928711652756,18,8,0,0,F M S,RasenBallsport Leipzig,3,2.1908827032893896,5.883934244513512,4.069046929478645,Bundesliga,6
13429,Julian Niehues,20,1184,3,2.0830443892627954,0,0.5979146659374237,17,3,1,0,M S,FC Heidenheim,3,2.0830443892627954,4.0256714932620525,2.652438759803772,Bundesliga,7
13919,Jens Castrop,22,1273,3,2.8599687963724136,0,1.064191222190857,21,11,1,1,D M S,Borussia M.Gladbach,3,2.8599687963724136,6.167559903115034,3.249094160273671,Bundesliga,0
13966,Martijn Kaars,22,1010,3,3.0093431510031223,0,0.3168056672438979,20,6,1,0,F S,St. Pauli,2,2.251566458493471,3.6772115575149655,1.5073957182466984,Bundesliga,2
40,Stefan Bell,18,1044,2,1.840271808207035,1,1.202451154589653,12,5,4,0,D S,Mainz 05,2,1.840271808207035,3.578166848048568,1.6757325250655413,Bundesliga,6
106,Waldemar Anton,25,2250,2,1.7578401621431112,0,0.3702468695119023,13,7,3,0,D,Borussia Dortmund,2,1.7578401621431112,9.843486608937384,9.44188735820353,Bundesliga,26
125,Maximilian Eggestein,27,2430,2,2.962645312771201,0,1.3430568277835846,39,17,3,0,M,Freiburg,2,2.962645312771201,9.23664217069745,6.955349329859018,Bundesliga,31
183,Jonathan Tah,22,1769,2,0.6638064542785287,1,0.5882400423288345,8,5,5,0,D S,Bayern Munich,2,0.6638064542785287,10.196120142936708,9.800469651818275,Bundesliga,14
205,Mahmoud Dahoud,13,636,2,0.7575652450323105,2,0.2612789999693632,15,6,0,0,F M S,Eintracht Frankfurt,2,0.7575652450323105,3.110726645216346,2.3935306295752525,Bundesliga,7
223,Joshua Kimmich,23,1807,2,2.076781475916505,6,6.348497848957777,21,42,3,0,M S,Bayern Munich,2,2.076781475916505,23.34153637290001,18.21745666861534,Bundesliga,19
249,Danny da Costa,27,2194,2,2.261965313926339,3,2.796853451989591,11,15,3,0,D M S,Mainz 05,2,2.261965313926339,7.457683717831969,4.900165302678943,Bundesliga,18
315,Matthias Ginter,26,2340,2,1.3093623463064432,2,1.9443113096058369,14,11,1,0,D,Freiburg,2,1.3093623463064432,9.979276545345783,8.243233535438776,Bundesliga,10
320,Jonas Hofmann,21,963,2,2.150341484695673,2,2.079986561089754,21,14,2,0,D M S,Bayer Leverkusen,2,2.150341484695673,9.066188763827084,5.761964716017246,Bundesliga,10
335,Leon Goretzka,24,1451,2,2.353755332529545,1,1.8932939628139136,19,15,4,0,M S,Bayern Munich,2,2.353755332529545,13.112620640546083,11.110760741867123,Bundesliga,13
646,Christian Eriksen,24,1856,2,3.304249671287834,6,4.582408298738301,29,42,4,0,M S,Wolfsburg,0,1.7886963868513703,10.134429961442947,6.675356751307845,Bundesliga,16
1055,Aleix García,27,2209,2,1.9553318116813896,6,4.195254620164633,25,36,5,0,M S,Bayer Leverkusen,2,1.9553318116813896,16.903100869618356,14.467403962276876,Bundesliga,15
1139,Silvan Widmer,21,1534,2,2.5333029814064503,0,1.160655178129673,17,5,5,0,D M S,Mainz 05,2,2.5333029814064503,4.90959233418107,2.4450011122971773,Bundesliga,24
5263,Lukas Kübler,16,1234,2,2.631019704043865,1,0.9086428210139276,18,8,2,0,D S,Freiburg,2,2.631019704043865,3.8300196044147015,2.666198441758752,Bundesliga,21
5344,Hauke Wahl,23,2026,2,0.4574668547138572,0,0.1426217406988144,8,4,1,0,D,St. Pauli,2,0.4574668547138572,2.4793136790394783,2.341800257563591,Bundesliga,30
6445,Elvis Rexhbecaj,24,1060,2,0.5392126142978668,0,0.7069284673780203,11,9,3,0,D M S,Augsburg,2,0.5392126142978668,2.577535273507237,1.4284834694117308,Bundesliga,8
6638,Linton Maina,17,742,2,1.1009976360946894,0,0.6857833713293076,17,9,0,0,D F M S,FC Cologne,2,1.1009976360946894,2.690309803001582,1.1747163273394108,Bundesliga,5
7264,Han-Noah Massengo,27,2190,2,1.6341153755784037,1,1.5851978715509176,17,15,2,0,M S,Augsburg,2,1.6341153755784037,8.249792477115989,5.23050051368773,Bundesliga,16
7783,Xaver Schlager,21,1394,2,1.5761990547180176,1,1.9832140021026132,17,16,4,0,M S,RasenBallsport Leipzig,2,1.5761990547180176,16.34738727286458,13.547544222325088,Bundesliga,17
9053,Eric Martel,26,2132,2,0.9473221227526664,2,1.9853009302169085,15,13,8,1,D M S,FC Cologne,2,0.9473221227526664,7.117660757154226,5.850712459534407,Bundesliga,26
9069,Romano Schmid,27,2389,2,6.263214188627899,7,9.03415323421359,45,67,4,0,F M,Werder Bremen,0,3.9898841558024287,14.63365488499403,5.387586049735546,Bundesliga,23
9202,Felix Nmecha,27,2105,2,3.1790058817714453,3,1.8235643226653335,31,20,0,0,M S,Borussia Dortmund,2,2.4212291445583105,11.36469117552042,8.601041283458471,Bundesliga,21
9350,Armindo Sieb,16,417,2,2.710621727630496,0,0.4868416097015142,14,6,1,0,F S,Mainz 05,2,2.710621727630496,3.415336035192013,0.2890808992087841,Bundesliga,4
9356,Carney Chukwuemeka,22,658,2,2.3645795173943043,0,0.5800747573375702,15,10,1,0,F M S,Borussia Dortmund,2,2.3645795173943043,5.099784528836608,2.639731476083398,Bundesliga,14
9458,Josip Stanisic,19,1424,2,1.0486250892281532,3,3.0791625920683146,6,16,1,0,D S,Bayern Munich,2,1.0486250892281532,13.527330776676536,12.376127546653152,Bundesliga,18
9745,Dimitris Giannoulis,21,1515,2,0.9338894300162792,3,2.85985136218369,9,24,7,0,D S,Augsburg,2,0.9338894300162792,5.022789401002228,1.9280032012611628,Bundesliga,17
9931,Lovro Majer,24,1310,2,3.343825296498835,3,2.536715382710099,23,19,5,0,M S,Wolfsburg,2,3.343825296498835,7.285135135054588,2.498764231801033,Bundesliga,16
10497,Yannick Engelhardt,24,1903,2,1.9230567580088973,2,0.8667716421186924,17,12,5,0,M S,Borussia M.Gladbach,2,1.9230567580088973,7.320203838869929,5.515777496621013,Bundesliga,0
10750,Rasmus Kristensen,19,1438,2,1.104231894016266,0,1.3801484052091837,14,8,4,0,D S,Eintracht Frankfurt,2,1.104231894016266,6.180345602333546,5.220411524176598,Bundesliga,32
10792,Farès Chaïbi,21,1483,2,2.546945698559284,8,3.59283416159451,25,30,1,0,M S,Eintracht Frankfurt,2,2.546945698559284,9.058579701930285,4.613888774067164,Bundesliga,15
10863,Aaron Zehnter,17,1219,2,0.9841702813282608,0,1.0538889579474926,8,16,0,0,D S,Wolfsburg,2,0.9841702813282608,4.588461766019464,2.7301728054881096,Bundesliga,9
11484,Ibrahim Maza,21,1245,2,3.173876902088523,3,3.4117477741092443,34,17,2,0,M S,Bayer Leverkusen,2,3.173876902088523,11.653399527072906,6.524905726313591,Bundesliga,18
11604,Mert Kömür,23,1305,2,4.025537796318531,3,2.399864561855793,36,20,1,0,F M S,Augsburg,2,4.025537796318531,6.303477674722672,1.625898408703506,Bundesliga,11
11845,Phillip Tietz,22,1188,2,7.221839111298323,1,0.6170294163748622,36,11,4,0,F S,"Augsburg,Mainz 05",2,6.464062374085188,8.39907692372799,2.594537304714322,Bundesliga,2
12418,Rodrigo Ribeiro,7,435,2,3.2194636054337025,0,0.0266821533441543,16,1,1,0,F S,Augsburg,2,3.2194636054337025,4.207624942064285,1.1601885706186297,Bundesliga,1
12470,Max Moerstedt,18,325,2,1.1926478147506714,0,0.6729935109615326,5,2,2,0,F S,Hoffenheim,2,1.1926478147506714,3.105569936335087,1.239928625524044,Bundesliga,3
12915,Philipp Sander,23,1848,2,1.2663257094100118,0,0.6709498930722475,22,9,1,0,D M S,Borussia M.Gladbach,2,1.2663257094100118,6.836616162210703,5.873200532048941,Bundesliga,35
12920,Leopold Querfeld,26,2340,2,3.5371375679969788,0,2.038518369197845,27,17,7,0,D,Union Berlin,0,1.2638074904680252,3.7661242466419935,2.9132401049137115,Bundesliga,24
12941,Antonio Nusa,24,1638,2,4.746032314375043,2,4.122364494949579,51,27,0,0,F M S,RasenBallsport Leipzig,2,4.746032314375043,15.092744512483478,7.474190210923552,Bundesliga,9
12975,Eric Smith,24,2114,2,0.7296511139720678,2,0.6738198194652796,11,15,4,1,D M,St. Pauli,2,0.7296511139720678,5.829213287681341,5.670428125187755,Bundesliga,19
12987,Luca Kerber,14,627,2,1.526185255497694,0,0.1521664950996637,9,2,3,0,M S,FC Heidenheim,2,1.526185255497694,1.823819350451231,0.5324585903435946,Bundesliga,9
12988,Sirlord Conteh,15,585,2,3.1821698397397995,1,0.6179677061736584,10,9,1,0,F M S,FC Heidenheim,2,3.1821698397397995,3.3415900003165007,0.6492735873907804,Bundesliga,7
13063,Konstantinos Koulierakis,23,1936,2,2.3602450247853994,0,1.18343158159405,21,9,4,0,D S,Wolfsburg,2,2.3602450247853994,5.754943210631609,5.158930380828679,Bundesliga,18
13424,Daniel Svensson,27,2094,2,1.877221655100584,2,3.25033020041883,9,30,0,0,D M S,Borussia Dortmund,2,1.877221655100584,9.486682849004865,6.300626324489713,Bundesliga,22
13427,Bazoumana Touré,23,1815,2,3.9713587826117873,7,5.457951230928302,32,33,2,0,D F M S,Hoffenheim,2,3.9713587826117873,12.809976994991302,5.002916518598795,Bundesliga,14
13428,Marin Ljubicic,2,11,2,1.5059347748756409,0,0.0,2,0,0,0,S,Union Berlin,2,1.5059347748756409,0.6139925122261047,0.0,Bundesliga,0
13850,Johan Bakayoko,16,727,2,1.7686516754329205,0,0.9762161877006292,18,9,1,0,F M S,RasenBallsport Leipzig,2,1.7686516754329205,5.2099549770355225,2.665532149374485,Bundesliga,3
13865,Robin Fellhauer,27,2242,2,1.530571130104363,1,1.7153491228818891,23,24,2,0,D M S,Augsburg,2,1.530571130104363,5.948544017970562,3.2606198266148567,Bundesliga,39
14023,Conrad Harder,24,748,2,3.6867622919380665,3,2.3702129013836384,36,12,3,0,F S,RasenBallsport Leipzig,2,3.6867622919380665,6.351670732721686,1.0768270324915648,Bundesliga,5
14024,Adam Daghim,21,1035,2,1.3791019059717655,2,2.478199388831854,18,13,1,0,M S,Wolfsburg,2,1.3791019059717655,6.910180971026421,3.261505153030157,Bundesliga,17
14197,Ricky-Jade Jones,8,332,2,2.837136209011078,0,0.7764502624049783,11,6,1,0,F S,St. Pauli,2,2.837136209011078,3.750943087041378,0.1761478222906589,Bundesliga,0
14331,Ayoube Amaimouni-Echghouyab,11,309,2,0.3625597096979618,1,0.1398266432806849,8,3,1,0,D F S,Eintracht Frankfurt,2,0.3625597096979618,0.6153577864170074,0.3333114311099052,Bundesliga,0
140,Yannick Gerhardt,15,1028,1,1.067916914820671,0,0.3802003711462021,10,6,1,0,D M S,Wolfsburg,1,1.067916914820671,1.8272739574313164,1.1075187865644691,Bundesliga,8
153,Maximilian Arnold,22,1817,1,0.3515035742893815,4,4.224334646016359,12,28,5,0,M S,Wolfsburg,1,0.3515035742893815,4.70371038839221,3.9037557328119874,Bundesliga,15
269,Dominik Kohr,22,1869,1,1.2369884476065636,0,1.5210218001157043,9,7,6,2,D,Mainz 05,1,1.2369884476065636,4.5667958334088326,3.8598065450787535,Bundesliga,30
435,Benjamin Henrichs,10,183,1,0.1952432431280613,0,0.0504147335886955,4,2,0,0,D S,RasenBallsport Leipzig,1,0.1952432431280613,1.8096438646316528,1.6132799834012983,Bundesliga,4
1678,Michy Batshuayi,6,123,1,1.0145394168794155,0,0.186081625521183,5,2,0,0,F S,Eintracht Frankfurt,0,0.2567627318203449,0.4821904711425304,0.1719956696033477,Bundesliga,1
2253,Lucas Vázquez,9,398,1,0.8392858803272247,2,1.971153700724244,3,8,2,0,D S,Bayer Leverkusen,1,0.8392858803272247,4.848973982036114,2.155413649976253,Bundesliga,4
2693,Marius Wolf,22,658,1,1.6266599986702204,0,1.3738523349165916,11,9,2,0,D F M S,Augsburg,1,1.6266599986702204,2.1624850630760197,0.8382682455703616,Bundesliga,6
3314,Franck Honorat,21,1582,1,0.8210283555090427,6,5.946426074951887,15,38,0,0,F M S,Borussia M.Gladbach,1,0.8210283555090427,7.701582111418247,2.7271360754966736,Bundesliga,9
5231,Florian Kainz,13,227,1,0.9068572148680688,1,0.2552168741822243,7,7,1,0,M S,FC Cologne,1,0.9068572148680688,1.876890242099762,1.0054945424199104,Bundesliga,2
5243,Dayotchanculle Upamecano,22,1674,1,0.8303499147295952,1,1.3939428478479383,8,10,4,0,D S,Bayern Munich,1,0.8303499147295952,13.132847853004932,12.643675580620766,Bundesliga,0
5248,Marcel Sabitzer,20,1342,1,1.0127577241510153,2,1.8258654698729515,17,11,2,0,M S,Borussia Dortmund,1,1.0127577241510153,5.283114574849606,3.1518436409533024,Bundesliga,14
5250,Yussuf Poulsen,12,263,1,0.6910383813083172,0,0.2802915424108505,7,2,4,0,F S,Hamburger SV,1,0.6910383813083172,1.4643554873764515,0.6537210661917925,Bundesliga,2
5257,Willi Orban,27,2412,1,3.093075371347368,0,0.5514681693166494,19,7,4,0,D,RasenBallsport Leipzig,1,3.093075371347368,12.53390447795391,12.07521975785494,Bundesliga,22
5340,Marco Friedl,25,2215,1,0.729124104604125,0,0.2931987326592207,8,5,7,0,D,Werder Bremen,1,0.729124104604125,5.02375541254878,4.785262692719698,Bundesliga,19
5347,Jonas Föhrenbach,20,1703,1,0.5712428074330091,1,2.2328514009714127,5,21,3,0,D M S,FC Heidenheim,1,0.5712428074330091,3.447601630352437,2.3118790751323104,Bundesliga,18
6436,Stanley N&#039;Soki,12,764,1,0.1332546882331371,2,0.1735758632421493,3,3,2,0,D S,Union Berlin,1,0.1332546882331371,1.034647397696972,0.944381147623062,Bundesliga,0
6475,Lucas Höler,26,1545,1,3.1133110281080008,1,1.4874993041157722,20,18,1,0,F M S,Freiburg,1,3.1133110281080008,5.7961414735764265,1.919432666152716,Bundesliga,7
6626,Joshua Vagnoman,22,1426,1,3.556872447952628,3,2.121924228966236,19,16,3,0,D M S,VfB Stuttgart,1,3.556872447952628,7.548987561836839,3.170874636620283,Bundesliga,0
6708,Bote Baku,25,1992,1,2.007764134556055,3,4.053299985826016,23,28,3,0,D S,RasenBallsport Leipzig,1,2.007764134556055,14.907915484160185,12.487966116517782,Bundesliga,0
7058,Kevin Stöger,22,944,1,1.6927101276814938,1,1.754521551541984,15,21,2,0,M S,Borussia M.Gladbach,1,0.9349334500730038,3.7097388301044703,2.481654465198517,Bundesliga,15
7410,Andras Schafer,21,989,1,1.257767677307129,0,0.203364759683609,20,3,2,1,M S,Union Berlin,1,1.257767677307129,3.09367448836565,1.8487412575632332,Bundesliga,18
7742,Valentin Gendrey,8,38,1,0.3482030779123306,1,0.72549694404006,2,3,0,0,S,Hoffenheim,1,0.3482030779123306,1.073700025677681,0.0,Bundesliga,0
7743,Pereira Lage,25,1801,1,4.181170877069235,2,1.5604182817041874,37,23,2,0,F M S,St. Pauli,1,4.181170877069235,6.675267271697521,2.0927343666553497,Bundesliga,0
7877,Robert Andrich,26,2036,1,0.5138549096882343,0,0.4580801269039511,5,11,4,1,D M S,Bayer Leverkusen,1,0.5138549096882343,12.00214808434248,11.715732850134373,Bundesliga,25
7882,Sheraldo Becker,7,421,1,1.5014495998620987,2,2.4878090284764767,11,10,1,0,F S,Mainz 05,1,1.5014495998620987,4.932289648801088,0.9962721690535544,Bundesliga,1
7934,Andreas Skov Olsen,8,365,1,0.1957429936155676,0,0.8937978446483612,7,7,1,0,M S,Wolfsburg,1,0.1957429936155676,2.4187796115875244,1.530781688168645,Bundesliga,1
7940,Denis Vavro,10,548,1,1.2191346790641546,0,0.0753465816378593,6,2,1,0,D S,Wolfsburg,1,1.2191346790641546,0.2066112784668803,0.089572655968368,Bundesliga,4
8418,Jamal Musiala,8,278,1,1.7908645644783974,2,0.4844855815172195,13,7,1,0,M S,Bayern Munich,0,1.033087857067585,2.66810505092144,1.3348834216594696,Bundesliga,2
8643,Chrislain Matsima,14,1260,1,0.5306734442710876,1,0.5844853427261114,6,4,5,0,D,Augsburg,1,0.5306734442710876,2.1105283880606294,2.0164342606440187,Bundesliga,9
8778,Fabio Silva,21,596,1,1.6806797478348017,5,2.636190138757229,19,16,3,0,F M S,Borussia Dortmund,1,1.6806797478348017,5.390630522742868,1.6947760060429573,Bundesliga,2
8807,Silas Wamangituka,8,346,1,2.3329260647296906,0,0.1923276670277118,8,3,1,0,F S,Mainz 05,1,2.3329260647296906,2.63218654692173,0.1207570396363735,Bundesliga,0
8965,Vladimir Coufal,27,2428,1,0.7647872250527143,6,5.344187235459685,21,45,3,0,D M,Hoffenheim,1,0.7647872250527143,12.15022513270378,8.990775540471077,Bundesliga,30
9201,Eren Sami Dinkci,16,879,1,1.3884208630770445,1,0.4658433906733989,15,5,2,0,F M S,"FC Heidenheim,Freiburg",1,1.3884208630770445,2.652494329959154,1.2531107775866983,Bundesliga,0
9326,Robert Glatzel,14,267,1,1.2580250706523657,1,0.7814078666269779,9,3,0,0,F S,Hamburger SV,1,1.2580250706523657,2.0547417607158422,0.0496193803846836,Bundesliga,0
9511,Castello Lukeba,22,1896,1,0.8890010062605143,0,0.2401187624782323,8,6,2,0,D S,RasenBallsport Leipzig,1,0.8890010062605143,12.402395429089664,12.224210474640133,Bundesliga,11
9674,Joe Scally,25,2002,1,2.498599768616259,3,1.30091636441648,13,13,6,0,D S,Borussia M.Gladbach,1,2.498599768616259,7.913735701702535,5.557001842185855,Bundesliga,21
9711,Patrick Osterhage,20,1190,1,1.2812672033905983,0,0.3329730369150638,7,6,4,0,M S,Freiburg,1,1.2812672033905983,3.087803818285465,1.5657243579626083,Bundesliga,7
9715,Hiroki Ito,11,493,1,1.4641361720860004,2,0.598396485671401,9,4,0,0,D S,Bayern Munich,1,1.4641361720860004,2.817162588238716,2.013196974992752,Bundesliga,0
9725,Angelo Stiller,27,2144,1,2.377443220466376,5,5.556971753947437,9,45,1,0,M S,VfB Stuttgart,1,1.619666513055563,15.144239265471697,11.388369385153055,Bundesliga,15
9943,Moritz Jenz,19,1703,1,0.6638292074203491,0,0.068161042407155,5,2,6,1,D,Wolfsburg,1,0.6638292074203491,2.901952396146953,2.833791353739798,Bundesliga,22
9986,Kristijan Jakic,22,1497,1,0.7176310932263732,1,1.2415047977119684,16,12,4,0,D M S,Augsburg,1,0.7176310932263732,4.077458721585572,3.0106421457603574,Bundesliga,23
9999,Arthur Theate,20,1795,1,1.0566146345809102,0,0.4315696712583303,11,10,8,0,D,Eintracht Frankfurt,1,1.0566146345809102,8.698229543864727,7.826025143265724,Bundesliga,18
10248,Arijon Ibrahimovic,25,1854,1,4.984565822407603,2,3.958481499925256,41,44,1,0,D F M S,FC Heidenheim,0,4.2267891597002745,8.005256064236164,2.3165931636467576,Bundesliga,15
10550,Tom Rothe,14,570,1,1.2419252768158913,0,0.5258037000894547,11,4,1,1,D S,Union Berlin,1,1.2419252768158913,0.723926804959774,0.3344860449433326,Bundesliga,10
10728,Oscar Fraulo,4,30,1,0.7350285053253174,0,0.0,1,0,0,0,S,Borussia M.Gladbach,1,0.7350285053253174,0.8669984638690948,0.1319699585437774,Bundesliga,0
10926,Tim Skarke,17,476,1,0.829885913990438,0,0.2926500663161278,12,6,0,0,F M S,Union Berlin,1,0.829885913990438,1.7876719189807773,0.7343789041042328,Bundesliga,4
10946,Yan Couto,17,982,1,0.5621986016631126,2,2.849770877510309,8,17,4,0,D M S,Borussia Dortmund,1,0.5621986016631126,6.485835496336222,4.392777647823095,Bundesliga,15
10986,Kim Min-Jae,19,1123,1,0.5455472841858864,1,0.3288537859916687,2,1,1,0,D S,Bayern Munich,1,0.5455472841858864,10.813809096813202,10.484955318272114,Bundesliga,12
11314,Keke Maximilian Topp,20,617,1,2.021150179207325,1,0.873332935385406,25,9,4,0,F S,Werder Bremen,1,2.021150179207325,4.603332705795765,2.0922563280910254,Bundesliga,0
11847,Grant-Leon Ranos,8,89,1,0.5348599851131439,0,0.08121008425951,4,1,1,0,S,Borussia M.Gladbach,1,0.5348599851131439,0.5956991165876389,0.0572183914482593,Bundesliga,0
11853,Patrick Mainka,27,2430,1,2.29714304022491,1,1.0566893704235554,27,8,2,0,D,FC Heidenheim,1,2.29714304022491,6.301876925863326,5.457654708065093,Bundesliga,26
11855,Adrian Beck,20,763,1,0.9175612106919288,1,1.2311366312205791,10,14,1,0,M S,FC Heidenheim,1,0.9175612106919288,3.989356901496649,3.012880688533187,Bundesliga,15
11865,Jan Schöppner,25,1746,1,0.9587472081184388,1,1.8314158990979197,19,8,5,0,M S,FC Heidenheim,1,0.9587472081184388,4.486651607789099,2.665476377122104,Bundesliga,11
11868,Arthur,16,1059,1,1.1891322792507708,3,1.0827199164777994,10,11,2,0,D S,Bayer Leverkusen,1,1.1891322792507708,6.28209662437439,5.07703934982419,Bundesliga,11
11911,Hugo Larsson,20,1421,1,0.8406409472227097,2,0.8672693930566311,8,13,0,0,M S,Eintracht Frankfurt,1,0.8406409472227097,3.881683796644211,2.7764838561415672,Bundesliga,8
11981,Benedict Hollerbach,14,903,1,2.9790893960744143,2,1.8817622810602188,22,4,0,0,F M S,Mainz 05,1,2.9790893960744143,4.888501934707165,1.3094587735831738,Bundesliga,8
11982,Jan-Niklas Beste,21,1363,1,2.8002357818186283,2,2.845423709601164,21,28,5,0,M S,Freiburg,1,2.8002357818186283,8.582496248185635,4.706234388053417,Bundesliga,17
12028,Olivier Deman,9,621,1,0.3698077350854873,1,0.7792684435844421,7,12,2,0,D S,Werder Bremen,1,0.3698077350854873,2.325518563389778,1.810931533575058,Bundesliga,11
12053,Mikkel Kaufmann,14,508,1,1.3755719233304262,1,1.2740651369094849,11,4,2,0,F S,FC Heidenheim,1,1.3755719233304262,1.907257506623864,0.1608265489339828,Bundesliga,2
12069,Junior Adamu,9,456,1,1.7867614552378654,1,1.2455768771469593,8,5,1,0,F S,Freiburg,1,1.7867614552378654,2.3196257650852203,0.8252495266497135,Bundesliga,6
12421,Andrej Ilic,25,1701,1,8.067950701341033,7,3.764614572748542,48,25,5,0,F S,Union Berlin,1,7.310174023732543,10.438457621261476,1.5294109163805842,Bundesliga,2
12430,Nnamdi Collins,23,1490,1,0.6856478173285723,2,0.4561577998101711,3,3,4,0,D S,Eintracht Frankfurt,1,0.6856478173285723,6.877490270882845,6.092026978731155,Bundesliga,38
12918,Kaishu Sano,27,2430,1,1.0115436129271984,1,3.023523787036538,16,19,1,0,M,Mainz 05,1,1.0115436129271984,10.65598265826702,8.05164896696806,Bundesliga,28
12922,Samuel Essende,14,361,1,1.4566263109445572,0,0.4276743633672595,17,4,2,0,F S,Augsburg,1,1.4566263109445572,1.6914420491084456,0.1369437035173177,Bundesliga,2
12976,Philipp Treu,23,1812,1,0.8802391327917576,2,1.3309212382882831,15,18,2,0,D M S,Freiburg,1,0.8802391327917576,6.32280401699245,4.545838242396712,Bundesliga,22
12981,Manolis Saliakas,15,1028,1,0.4634962249547243,3,0.8794334591366351,14,11,2,0,D M S,St. Pauli,1,0.4634962249547243,2.775693520903588,1.7787759266793728,Bundesliga,18
12984,Adam Dzwigala,16,1093,1,0.1291565764695406,1,0.2130086086690426,3,5,5,0,D S,St. Pauli,1,0.1291565764695406,1.844244061037898,1.750420754775405,Bundesliga,0
12986,Léo Scienza,2,180,1,0.1424524337053299,0,1.3223831057548523,4,3,0,0,M,FC Heidenheim,1,0.1424524337053299,1.1770203709602356,0.7020066827535629,Bundesliga,2
13078,Chema Andres,19,935,1,0.9713077396154404,0,0.3122939420863986,10,9,3,0,M S,VfB Stuttgart,1,0.9713077396154404,5.909252254292369,5.283854175359011,Bundesliga,0
13093,Derrick Köhn,25,1705,1,1.8774147238582373,1,2.0926236361265182,22,19,4,1,D S,Union Berlin,0,1.1196380238980057,3.19101198296994,2.2163941226899624,Bundesliga,20
13101,Arthur Chaves,10,681,1,0.3211237601935863,0,0.1139893094077706,4,3,1,0,D S,"Augsburg,Hoffenheim",1,0.3211237601935863,1.1235231794416904,0.9962287992238998,Bundesliga,5
13149,Noahkai Banks,22,1720,1,1.230864397250116,1,0.9259122600778936,9,7,8,0,D S,Augsburg,1,1.230864397250116,4.67238808516413,3.652678309008479,Bundesliga,25
13291,Patrice Covic,13,267,1,1.1091214641928673,0,0.8966681715101004,5,3,1,0,M S,Werder Bremen,1,1.1091214641928673,2.5978967901319265,1.170353090390563,Bundesliga,3
13323,Budu Zivzivadze,13,674,1,2.59592367708683,0,0.1346346363425254,14,3,1,1,F S,FC Heidenheim,1,2.59592367708683,2.7037614956498146,0.2541569769382477,Bundesliga,5
13325,James Sands,24,1957,1,0.8688814658671618,0,0.9661839380860328,16,10,4,0,M S,St. Pauli,1,0.8688814658671618,4.826324421912432,3.583524534478784,Bundesliga,23
13414,Hennes Behrens,9,729,1,0.1402696371078491,2,2.103117713704705,5,11,0,0,D S,FC Heidenheim,1,0.1402696371078491,2.9912758991122246,2.1110653430223465,Bundesliga,0
13442,Tidiam Gomis,15,284,1,0.6109884418547153,0,0.0914764404296875,9,2,0,0,F S,RasenBallsport Leipzig,1,0.6109884418547153,1.1899214703589678,0.7072353083640337,Bundesliga,2
13460,Aaron Anselmino,6,368,1,0.054409060627222,0,0.0,1,0,0,0,D S,Borussia Dortmund,1,0.054409060627222,1.099787350744009,1.099787350744009,Bundesliga,8
13496,Karim Coulibaly,22,1769,1,1.1301267184317112,0,0.1730191968381405,6,6,3,1,D S,Werder Bremen,1,1.1301267184317112,3.641913333907723,3.427487688139081,Bundesliga,0
13862,Adam Kölle,6,73,1,1.0184025764465332,0,0.0353274457156658,3,1,1,0,S,FC Heidenheim,1,1.0184025764465332,0.1584107019007206,0.0353274457156658,Bundesliga,1
13883,Joel Chima Fujita,26,2230,1,1.3325191996991634,3,4.26363256201148,27,29,4,0,F M S,St. Pauli,1,1.3325191996991634,8.591051971539855,3.8309862297028303,Bundesliga,0
13884,Louis Oppie,20,1439,1,1.0752846989780664,0,1.1091719791293144,14,9,0,0,D M S,St. Pauli,1,1.0752846989780664,3.992391472682357,2.004594499245286,Bundesliga,17
13910,Ísak Bergmann Jóhannesson,25,1456,1,1.2030022330582142,2,1.84418791346252,10,23,4,0,M S,FC Cologne,1,1.2030022330582142,6.36981089040637,4.487286699935794,Bundesliga,0
13923,Nicolás Capaldo,20,1566,1,1.8536334233358505,1,1.182098973542452,16,11,6,0,D M S,Hamburger SV,1,1.8536334233358505,4.72983792424202,2.2836542204022408,Bundesliga,33
13973,Albian Hajdari,23,1863,1,1.7636657785624266,1,0.7322525791823864,13,5,8,0,D S,Hoffenheim,1,1.7636657785624266,6.618586350232363,5.906044330447912,Bundesliga,32
13974,Isaac Schmidt,16,538,1,0.5034690070897341,0,0.4690739968791604,4,9,2,0,D S,Werder Bremen,1,0.5034690070897341,3.0589442923665047,2.2656495086848736,Bundesliga,7
14123,Wael Mohya,10,269,1,0.7601378746330738,0,0.0889873281121254,6,2,0,0,M S,Borussia M.Gladbach,1,0.7601378746330738,1.0346321389079094,0.7862291000783443,Bundesliga,3
14126,Montrell Culbreath,5,278,1,1.1998304352164268,0,0.1780222058296203,3,3,0,0,D S,Bayer Leverkusen,1,1.1998304352164268,2.167762748897076,0.8420728370547295,Bundesliga,7
14187,Kacper Potulski,11,764,1,1.5141763016581535,0,0.6171241998672485,9,2,3,0,D S,Mainz 05,1,1.5141763016581535,0.9754866026341916,0.790895925834775,Bundesliga,9
14329,Younes Ebnoutalib,2,109,1,0.4411657452583313,0,0.1448395550251007,3,2,0,0,F,Eintracht Frankfurt,1,0.4411657452583313,0.6283156871795654,0.093784675002098,Bundesliga,0
14371,Kento Shiogai,8,267,1,1.8243667632341385,0,0.0636069849133491,8,1,1,0,M S,Wolfsburg,1,1.8243667632341385,2.2157814912498,0.3914147317409515,Bundesliga,4
14420,Luca Reggiani,5,245,1,0.0958272162824869,0,0.0403863340616226,2,2,1,0,D S,Borussia Dortmund,1,0.0958272162824869,0.7582250311970711,0.7026598080992699,Bundesliga,7
14423,Philip Otele,7,442,1,0.7998729050159454,1,0.961767042055726,5,9,2,0,F M S,Hamburger SV,1,0.7998729050159454,1.667354330420494,0.1144269704818725,Bundesliga,2
65,Timo Werner,3,11,0,0.0,0,0.0,0,0,0,0,S,RasenBallsport Leipzig,0,0.0,0.0475450567901134,0.0475450567901134,Bundesliga,0
73,Oliver Baumann,27,2430,0,0.0,0,0.0,0,0,1,0,GK,Hoffenheim,0,0.0,4.596327889710665,4.596327889710665,Bundesliga,0
75,Niklas Süle,9,445,0,0.0335541702806949,1,0.2960160970687866,2,2,3,0,D S,Borussia Dortmund,0,0.0335541702806949,2.3257176280021667,2.232322722673416,Bundesliga,4
126,Michael Zetterer,15,1346,0,0.0,0,0.0,0,0,1,0,GK S,Eintracht Frankfurt,0,0.0,2.7340714037418365,2.7340714037418365,Bundesliga,0
129,Dominique Heintz,8,380,0,0.0,0,0.0753370970487594,0,1,0,0,D S,FC Cologne,0,0.0,0.7893091775476933,0.7139720823615789,Bundesliga,1
188,Kevin Kampl,3,3,0,0.0,0,0.0,0,0,0,0,S,RasenBallsport Leipzig,0,0.0,0.0,0.0,Bundesliga,0
212,Nico Elvedi,27,2428,0,0.3239464024081826,0,0.2325419466942548,8,8,2,0,D,Borussia M.Gladbach,0,0.3239464024081826,6.026164872571826,5.755428014323115,Bundesliga,28
217,Manuel Neuer,19,1627,0,0.0,0,0.0,0,0,0,0,GK,Bayern Munich,0,0.0,6.513114988803864,6.513114988803864,Bundesliga,0
231,Sven Ulreich,1,90,0,0.0,0,0.0,0,0,1,0,GK,Bayern Munich,0,0.0,0.4750842452049255,0.4750842452049255,Bundesliga,0
239,Pascal Groß,11,619,0,0.8347828388214111,1,1.3404343351721764,8,11,0,0,M S,Borussia Dortmund,0,0.8347828388214111,4.495197154581547,3.2702609561383724,Bundesliga,11
262,Leonardo Bittencourt,13,401,0,0.155447338707745,1,0.8143045287579298,5,4,3,0,M S,Werder Bremen,0,0.155447338707745,2.1974161099642515,1.9851831942796707,Bundesliga,5
326,Pascal Stenzel,2,114,0,0.1592021947726607,0,0.0,3,0,2,0,D,VfB Stuttgart,0,0.1592021947726607,0.2664077952504158,0.1181570217013359,Bundesliga,0
370,Marvin Friedrich,6,144,0,0.0,0,0.0,0,0,0,0,D S,Borussia M.Gladbach,0,0.0,0.1700651422142982,0.1700651422142982,Bundesliga,3
418,Niklas Stark,12,653,0,0.5795709788799286,0,0.0,3,0,4,2,D S,Werder Bremen,0,0.5795709788799286,0.4512885939329862,0.4041371922940016,Bundesliga,10
422,Mario Götze,18,763,0,0.4346178546547889,0,2.1469478961080317,5,12,1,0,M S,Eintracht Frankfurt,0,0.4346178546547889,3.6924081183969975,2.432892058044672,Bundesliga,6
449,Robin Zentner,9,788,0,0.0,0,0.0,0,0,2,1,GK,Mainz 05,0,0.0,0.6503688618540764,0.6503688618540764,Bundesliga,0
2611,Philipp Lienhart,13,947,0,0.8052568137645721,0,0.1208541914820671,5,3,2,1,D S,Freiburg,0,0.8052568137645721,4.152366174384952,4.122757060453296,Bundesliga,8
2639,Alexander Nübel,27,2430,0,0.0,1,0.2837728001177311,0,3,0,0,GK,VfB Stuttgart,0,0.0,5.396515307947993,5.302169723436236,Bundesliga,0
2665,Jeffrey Gouweleeuw,5,364,0,0.10657917894423,0,0.1510195862501859,2,2,2,0,D S,Augsburg,0,0.10657917894423,0.3490478117018938,0.3490478117018938,Bundesliga,6
3347,Ellyes Skhiri,18,1076,0,0.5164884962141514,0,0.2419943269342184,5,5,0,1,D M S,Eintracht Frankfurt,0,0.5164884962141514,4.771680435165763,4.401418544352055,Bundesliga,3
4243,Christian Günter,19,1157,0,0.3666337914764881,3,2.128081800416112,8,17,2,0,D S,Freiburg,0,0.3666337914764881,5.624909469857812,3.812652127817273,Bundesliga,9
4250,Nicolas Höfler,7,57,0,0.0748036932200193,0,0.0,2,0,0,0,S,Freiburg,0,0.0748036932200193,0.3612342774868011,0.3612342774868011,Bundesliga,1
4271,Janik Haberer,24,1418,0,0.6165919480845332,1,1.308494921773672,11,18,8,0,D M S,Union Berlin,0,0.6165919480845332,2.0733109889552,1.087029348127544,Bundesliga,15
4312,Marnon Busch,23,1402,0,0.3956727841868996,3,1.7606047042645514,6,13,3,0,D M S,FC Heidenheim,0,0.3956727841868996,3.0972212073393166,1.8563145250082016,Bundesliga,18
4313,Janis Blaswich,10,838,0,0.0,0,0.0981956124305725,0,2,0,0,GK S,Bayer Leverkusen,0,0.0,0.9886754415929316,0.8904798291623592,Bundesliga,0
4376,Marvin Schwäbe,27,2430,0,0.0,0,0.3641906082630157,0,1,1,0,GK,FC Cologne,0,0.0,5.096298299729824,4.732107661664486,Bundesliga,1
5217,Anthony Jung,10,473,0,0.036658052355051,0,0.2152542881667614,1,3,2,0,D S,Freiburg,0,0.036658052355051,1.2904653549194336,1.1594009175896645,Bundesliga,0
5225,Bakery Jatta,11,705,0,0.6220819428563118,1,0.230380680412054,6,4,0,0,D M S,Hamburger SV,0,0.6220819428563118,2.010330952703953,1.249783547595143,Bundesliga,6
5238,Jordan Torunarigha,18,1428,0,0.0844378508627414,0,0.069170206785202,3,1,1,0,D S,Hamburger SV,0,0.0844378508627414,1.4299375382252038,1.4122208920307455,Bundesliga,15
5241,Péter Gulácsi,22,1918,0,0.0,0,0.0,0,0,1,0,GK,RasenBallsport Leipzig,0,0.0,5.763753607869148,5.763753607869148,Bundesliga,0
5245,Bernardo,22,1870,0,0.2989596705883741,0,0.2751814089715481,7,6,7,0,D S,Hoffenheim,0,0.2989596705883741,5.965865254402161,5.750224683433771,Bundesliga,33
5283,Daniel Heuer Fernandes,27,2430,0,0.1280906349420547,0,0.0,1,0,3,0,GK,Hamburger SV,0,0.1280906349420547,4.0083357989788055,4.0083357989788055,Bundesliga,0
5288,Gregor Kobel,27,2430,0,0.0,0,0.0,0,0,2,0,GK,Borussia Dortmund,0,0.0,4.768605660647154,4.768605660647154,Bundesliga,0
5294,Salih Özcan,7,19,0,0.1352226883172989,0,0.0,1,0,0,0,S,Borussia Dortmund,0,0.1352226883172989,0.6293506138026714,0.4941279254853725,Bundesliga,0
5298,Arne Maier,1,1,0,0.0,0,0.0,0,0,0,0,S,Augsburg,0,0.0,0.0,0.0,Bundesliga,1
5329,Stefan Posch,9,810,0,0.2169254040345549,0,0.2621008791029453,5,4,4,0,D,Mainz 05,0,0.2169254040345549,1.8194190301001072,1.5640542097389698,Bundesliga,12
5346,Jonas Meffert,4,134,0,0.0,0,0.127674862742424,0,2,0,0,M S,Hamburger SV,0,0.0,0.3951718807220459,0.2674970142543316,Bundesliga,3
5358,Lukas Klostermann,4,4,0,0.0434345714747905,0,0.0341086499392986,1,1,0,0,S,RasenBallsport Leipzig,0,0.0434345714747905,0.1144037880003452,0.036860566586256,Bundesliga,0
5684,Arnaud Nordin,13,468,0,0.7219278290867805,0,0.140843529254198,13,2,0,0,D F M S,Mainz 05,0,0.7219278290867805,1.0664126202464104,0.3882246594876051,Bundesliga,6
6103,Dan-Axel Zagadou,2,168,0,0.2628228142857551,0,0.0886286199092865,5,1,0,0,D,VfB Stuttgart,0,0.2628228142857551,0.2737665325403213,0.0841297376900911,Bundesliga,4
6142,Tim Kleindienst,2,2,0,0.0,0,0.0,0,0,0,0,S,Borussia M.Gladbach,0,0.0,0.0,0.0,Bundesliga,0
6271,Ihlas Bebou,15,126,0,0.6424789670854807,0,0.9731176495552064,5,2,1,0,S,Hoffenheim,0,0.6424789670854807,2.42434592731297,0.8316981624811888,Bundesliga,1
6321,Moritz Nicolas,27,2430,0,0.0,0,0.3480205573141575,0,2,0,0,GK,Borussia M.Gladbach,0,0.0,3.7282900158315897,3.3802694622427225,Bundesliga,1
6327,Kevin Akpoguma,5,31,0,0.0,0,0.0,0,0,0,1,D S,Hoffenheim,0,0.0,0.0843718722462654,0.0843718722462654,Bundesliga,1
6351,Robin Hack,4,247,0,0.4066634960472584,0,0.7818083986639977,8,10,0,0,M S,Borussia M.Gladbach,0,0.4066634960472584,1.0721221566200256,0.2032607682049274,Bundesliga,1
6380,Anthony Caci,4,323,0,0.2283672168850898,0,0.3791453465819359,5,6,1,0,D,Mainz 05,0,0.2283672168850898,1.42956180870533,0.973144143819809,Bundesliga,3
6403,Timo Hübers,8,681,0,0.0,0,0.0,0,0,0,0,D,FC Cologne,0,0.0,2.0205610003322363,2.0205610003322363,Bundesliga,9
6411,Niklas Dorsch,25,1771,0,0.5254327058792114,0,1.6366286631673574,13,18,2,0,M S,FC Heidenheim,0,0.5254327058792114,6.245655342005193,5.894549321383238,Bundesliga,25
6596,Finn Dahmen,27,2430,0,0.6633901596069336,0,0.2268968354910612,1,3,1,0,GK,Augsburg,0,0.6633901596069336,3.63882608152926,3.4119292199611664,Bundesliga,0
7047,Mark Flekken,18,1592,0,0.0,0,0.0720671415328979,0,1,1,0,GK,Bayer Leverkusen,0,0.0,3.433258520439267,3.361191378906369,Bundesliga,0
7048,Frederik Rönnow,26,2340,0,0.0,0,0.0186647586524486,0,1,2,0,GK,Union Berlin,0,0.0,1.6819409560412169,1.6632761973887682,Bundesliga,0
7065,Florian Neuhaus,16,921,0,1.392402342054993,1,0.917197622358799,22,7,0,0,F M S,Borussia M.Gladbach,0,1.392402342054993,4.670724060386419,3.209874842315912,Bundesliga,7
7106,Philipp Mwene,22,1531,0,0.8796208277344704,1,1.0451624803245068,6,12,4,0,D S,Mainz 05,0,0.8796208277344704,5.172565691173077,4.3848534524440765,Bundesliga,0
7320,Amos Pieper,12,963,0,0.3870185147970915,0,0.0697134993970394,8,2,3,0,D,Werder Bremen,0,0.3870185147970915,1.5727646313607693,1.5390255972743034,Bundesliga,17
7345,Alphonso Davies,8,354,0,0.1038190051913261,1,0.2539216466248035,2,4,1,0,D S,Bayern Munich,0,0.1038190051913261,3.30828352086246,3.1293214708566666,Bundesliga,6
7401,Keven Schlotterbeck,22,1923,0,1.3001904971897602,1,1.029070470482111,12,12,4,1,D S,Augsburg,0,0.5424138195812702,5.173715379089117,4.747527653351426,Bundesliga,22
7511,Sacha Boey,9,458,0,0.3924324251711368,0,0.1832207404077053,6,4,1,0,D S,Bayern Munich,0,0.3924324251711368,2.850109562277794,2.335632123053074,Bundesliga,4
7809,Mads Pedersen,6,156,0,0.1134156677871942,0,0.0967171750962734,2,3,0,0,D S,Augsburg,0,0.1134156677871942,0.8111366927623749,0.6741721704602242,Bundesliga,2
7867,Robert Skov,3,236,0,0.0324681997299194,0,0.0800095424056053,1,1,0,0,D,Union Berlin,0,0.0324681997299194,0.3229803517460823,0.2905121520161629,Bundesliga,5
7875,Christopher Trimmel,24,1567,0,0.0431830435991287,2,3.1233262978494167,3,38,7,0,D S,Union Berlin,0,0.0431830435991287,3.633880938403309,2.849818958900869,Bundesliga,21
7937,Julian Chabot,21,1799,0,1.4299173662438989,0,0.1932004112750291,16,4,3,0,D S,VfB Stuttgart,0,1.4299173662438989,9.347059693187475,9.1091342382133,Bundesliga,12
7997,Julian Ryerson,24,1679,0,0.5529551077634096,12,8.319585617631674,9,45,6,0,D S,Borussia Dortmund,0,0.5529551077634096,9.77523253671825,7.238319417461753,Bundesliga,17
8017,Alex Kral,17,291,0,0.3362903296947479,0,0.272127328440547,6,4,1,0,M S,Union Berlin,0,0.3362903296947479,0.6789985951036215,0.2309590633958578,Bundesliga,4
8092,Tom Krauß,22,1546,0,0.3744152411818504,1,1.093264289200306,8,12,4,0,D M S,FC Cologne,0,0.3744152411818504,6.330594230443239,5.306030459702015,Bundesliga,37
8117,Nick Woltemade,1,90,0,0.0,0,0.3476715981960296,0,1,0,0,M,VfB Stuttgart,0,0.0,0.5924015045166016,0.2447298914194107,Bundesliga,12
8191,Giovanni Reyna,13,384,0,0.2386414017528295,0,0.724905208684504,5,6,1,0,M S,Borussia M.Gladbach,0,0.2386414017528295,1.977822589688003,1.166794586926699,Bundesliga,0
8206,Yannik Keitel,4,164,0,0.0,0,0.0,0,0,2,0,D S,Augsburg,0,0.0,0.5297181829810143,0.5297181829810143,Bundesliga,3
8325,Exequiel Palacios,11,457,0,0.2229026071727275,0,0.1910003423690796,6,4,2,0,M S,Bayer Leverkusen,0,0.2229026071727275,2.5106899235397577,2.278820032253861,Bundesliga,6
8396,Jessic Ngankam,3,50,0,0.0,0,0.0,0,0,0,0,S,Eintracht Frankfurt,0,0.0,0.0,0.0,Bundesliga,0
8401,Luca Netz,15,937,0,0.0383716374635696,2,2.432344384491444,2,10,1,0,D S,Borussia M.Gladbach,0,0.0383716374635696,3.802498570643365,3.305356069467962,Bundesliga,0
8405,Immanuel Pherai,6,19,0,0.0289674550294876,0,0.0,1,0,0,1,S,Hamburger SV,0,0.0289674550294876,0.1531147733330726,0.1531147733330726,Bundesliga,1
8456,Nathan Tella,12,493,0,1.1608178075402975,2,1.6359559632837772,10,12,2,0,D M S,Bayer Leverkusen,0,1.1608178075402975,3.235127680003643,0.5849340185523033,Bundesliga,3
8665,Loic Bade,19,1382,0,0.923286280594766,0,0.1378594860434532,9,2,5,0,D S,Bayer Leverkusen,0,0.923286280594766,7.993081346154213,7.930074080824852,Bundesliga,16
8700,Xavi Simons,1,90,0,0.0,0,0.029227266088128,0,1,0,0,M,RasenBallsport Leipzig,0,0.0,0.2565662562847137,0.2565662562847137,Bundesliga,19
8804,Felix Agu,9,611,0,0.0819280599243938,0,0.3944707084447145,2,6,1,0,D M S,Werder Bremen,0,0.0819280599243938,1.1533972900360825,0.8871688898652792,Bundesliga,12
8826,Rocco Reitz,25,2146,0,1.8065397748723624,2,2.503136751241982,35,22,7,1,M,Borussia M.Gladbach,0,1.8065397748723624,9.293184140697122,6.28275747038424,Bundesliga,31
8854,Tim Siersleben,14,1084,0,0.6296908538788557,0,0.1155702322721481,5,2,2,0,D S,FC Heidenheim,0,0.6296908538788557,1.3642809763550758,1.074270966462791,Bundesliga,16
8878,Atakan Karazor,25,1654,0,1.0594271700829268,0,1.5590059328824282,7,11,4,0,M S,VfB Stuttgart,0,1.0594271700829268,10.799059011042118,8.36313146725297,Bundesliga,22
8973,Lorenz Assignon,19,857,0,0.6411505760625005,0,0.5154435653239489,11,5,3,1,D S,VfB Stuttgart,0,0.6411505760625005,3.2539084274321795,2.352604605257511,Bundesliga,13
9015,Cenk Özkacar,18,1156,0,0.6907666455954313,0,0.1719601862132549,7,4,2,0,D S,FC Cologne,0,0.6907666455954313,2.0242808368057013,1.969139872118831,Bundesliga,17
9182,Sepe Elye Wahi,10,309,0,1.0327077973634005,1,0.5964227598160505,7,4,1,0,F S,Eintracht Frankfurt,0,1.0327077973634005,1.7842910178005695,0.2781498059630394,Bundesliga,0
9233,Joakim Maehle,9,596,0,0.3043676987290382,1,1.3480726834386587,7,7,0,0,D M S,Wolfsburg,0,0.3043676987290382,2.59268703404814,1.5903781428933144,Bundesliga,0
9491,Warmed Omari,13,987,0,0.0486505161970853,0,0.2393268104642629,2,5,0,0,D S,Hamburger SV,0,0.0486505161970853,1.7894023898988962,1.5185905955731869,Bundesliga,7
9537,William Mikelbrencis,21,1034,0,1.2233750810846686,4,1.9678985960781572,10,11,3,0,D S,Hamburger SV,0,1.2233750810846686,3.716486796736717,0.5772120356559753,Bundesliga,17
9629,El Chadaille Bitshiabu,7,343,0,0.0850628614425659,0,0.0289005115628242,1,1,0,0,D S,RasenBallsport Leipzig,0,0.0850628614425659,1.0037321671843529,1.0037321671843529,Bundesliga,2
9692,Karl Hein,2,180,0,0.0,0,0.0,0,0,0,0,GK,Werder Bremen,0,0.0,0.270400308072567,0.270400308072567,Bundesliga,0
9703,Maxim Leitsch,3,158,0,0.0245072413235902,0,0.0,1,0,0,0,D S,Mainz 05,0,0.0245072413235902,0.3597921729087829,0.3597921729087829,Bundesliga,1
9731,Guilherme Ramos,8,31,0,0.1210436820983886,0,0.0,1,0,0,0,S,Hamburger SV,0,0.1210436820983886,0.1867151726037264,0.1867151726037264,Bundesliga,0
9752,Jesper Lindstrom,10,296,0,0.914139188826084,0,0.3260833658277988,8,3,2,0,M S,Wolfsburg,0,0.914139188826084,1.942648047581315,0.7649932485073805,Bundesliga,0
9753,Diant Ramaj,26,2340,0,0.0,0,0.0,0,0,1,0,GK,FC Heidenheim,0,0.0,3.2400561589747667,3.2400561589747667,Bundesliga,0
9766,Ismaël Gharbi,5,70,0,0.2259623706340789,0,0.0321240313351154,3,1,0,0,S,Augsburg,0,0.2259623706340789,0.1278797946870327,0.0604740791022777,Bundesliga,1
9776,Taichi Hara,2,21,0,0.2931467592716217,0,0.0,1,0,0,0,S,St. Pauli,0,0.2931467592716217,0.2931467592716217,0.0,Bundesliga,0
9786,Ben Bobzien,1,3,0,0.0,0,0.0,0,0,0,0,S,Mainz 05,0,0.0,0.2946255207061767,0.2946255207061767,Bundesliga,2
9861,Jonas Urbig,9,713,0,0.0,0,0.1030491515994072,0,1,0,0,GK S,Bayern Munich,0,0.0,3.284905537962913,3.284905537962913,Bundesliga,0
9911,Piero Hincapié,1,90,0,0.5172572731971741,0,0.0,2,0,0,0,D,Bayer Leverkusen,0,0.5172572731971741,0.1158374845981597,0.056226696819067,Bundesliga,21
10071,Lennard Maloney,17,422,0,0.4786199890077114,0,0.0430457219481468,3,1,1,0,D M S,Mainz 05,0,0.4786199890077114,0.2473606681451201,0.2375268414616584,Bundesliga,8
10160,Noah Atubolu,27,2430,0,0.0,0,0.3081289026886225,0,2,0,0,GK,Freiburg,0,0.0,4.942452516406775,4.634323621168733,Bundesliga,0
10289,Tom Bischof,22,922,0,0.963580884039402,3,1.929701518267393,21,17,2,0,D M S,Bayern Munich,0,0.963580884039402,7.971562337130308,5.814716551452875,Bundesliga,12
10300,Jeanuël Belocian,15,913,0,0.4021025225520134,1,0.4648522362112999,3,4,1,0,D S,"Bayer Leverkusen,Wolfsburg",0,0.4021025225520134,2.8548538759350777,2.1044916957616806,Bundesliga,2
10394,Jonas Wind,10,393,0,1.22400176897645,0,0.2623850591480732,8,5,1,0,F S,Wolfsburg,0,1.22400176897645,1.465350951999426,0.3416633196175098,Bundesliga,0
10395,Kevin Paredes,5,145,0,0.0639815423637628,0,0.0430809929966926,2,1,1,0,M S,Wolfsburg,0,0.0639815423637628,0.6420955136418343,0.535032982006669,Bundesliga,3
10423,Lasse Rieß,4,290,0,0.0,0,0.0,0,0,0,0,GK S,Mainz 05,0,0.0,0.0500621423125267,0.0500621423125267,Bundesliga,0
10595,Umut Tohumcu,5,120,0,0.0893327984958887,0,0.0,2,0,2,0,M S,Hoffenheim,0,0.0893327984958887,0.231160482391715,0.2098498176783323,Bundesliga,1
10724,Diogo Leite,16,1387,0,0.7088444493710995,0,0.2034413367509842,9,3,2,0,D,Union Berlin,0,0.7088444493710995,2.30602696351707,2.183158976957202,Bundesliga,10
10730,Muhammed Damar,13,241,0,1.7655513063073158,0,0.9979460574686528,12,11,0,0,F M S,Hoffenheim,0,1.7655513063073158,3.105889745056629,0.7359195481985807,Bundesliga,3
10771,Ben Seghir,7,186,0,0.0776483565568924,0,1.20674866437912,4,5,2,0,M S,Bayer Leverkusen,0,0.0776483565568924,1.4110177885740995,0.2302619591355323,Bundesliga,0
10774,Adam Hlozek,3,16,0,0.4251236915588379,0,0.0,1,0,0,0,S,Hoffenheim,0,0.4251236915588379,0.4251236915588379,0.0,Bundesliga,0
10832,Loïs Openda,2,54,0,0.1550452373921871,0,0.0519096367061138,3,1,0,0,F S,RasenBallsport Leipzig,0,0.1550452373921871,0.5808013305068016,0.5808013305068016,Bundesliga,0
10862,Tim Oermann,2,12,0,0.0,0,0.0605628974735736,0,1,0,0,S,Bayer Leverkusen,0,0.0,0.0,0.0,Bundesliga,1
10872,Vinicius Souza,17,1193,0,0.0561358081176877,0,0.0782224265858531,4,4,3,0,M S,Wolfsburg,0,0.0561358081176877,2.6091981641948223,2.504140531644225,Bundesliga,21
11031,Kilian Fischer,11,801,0,0.0871237516403198,0,0.4677412435412407,2,3,0,0,D S,Wolfsburg,0,0.0871237516403198,1.9711496345698836,1.804927940480411,Bundesliga,13
11062,Badredine Bouanani,12,439,0,0.8921055234968662,0,0.5685664489865303,13,5,1,0,F M S,VfB Stuttgart,0,0.8921055234968662,3.8350113332271576,2.715110842138529,Bundesliga,3
11073,Fabio Chiarodia,10,403,0,0.3638808913528919,0,0.0,3,0,0,0,D S,Borussia M.Gladbach,0,0.3638808913528919,1.7323399242013693,1.7016564197838306,Bundesliga,6
11074,Denis Huseinbasic,14,659,0,0.2053355174139142,0,0.2871539294719696,6,4,1,0,M S,FC Cologne,0,0.2053355174139142,1.702679993584752,1.3066352140158417,Bundesliga,9
11143,Nelson Weiper,18,466,0,2.695963144302368,0,0.3726081997156143,12,6,0,0,F S,Mainz 05,0,2.695963144302368,1.84169814363122,0.2630641795694828,Bundesliga,2
11157,Sael Kumbedi,19,1448,0,0.0726029379293322,5,2.332907471805811,3,13,2,0,D S,Wolfsburg,0,0.0726029379293322,4.799266061745584,3.606355568394065,Bundesliga,25
11236,Aljoscha Kemlein,25,1609,0,0.8880526106804609,1,1.003186633810401,12,11,3,0,M S,Union Berlin,0,0.8880526106804609,4.669844100251794,3.2993398141115904,Bundesliga,21
11309,Andreas Hanche-Olsen,13,843,0,0.2357495911419391,1,0.709290836006403,6,3,3,0,D S,Mainz 05,0,0.2357495911419391,2.0370114482939243,1.2583506405353546,Bundesliga,5
11311,Aurélio Buta,4,131,0,0.0293444767594337,0,0.0767484679818153,1,1,1,0,D S,Eintracht Frankfurt,0,0.0293444767594337,0.2225238606333732,0.1457753926515579,Bundesliga,5
11331,Merlin Röhl,2,52,0,0.0,0,0.0,0,0,0,0,S,Freiburg,0,0.0,0.5478483885526657,0.5478483885526657,Bundesliga,10
11333,Josip Juranovic,7,195,0,0.0785263301804661,0,0.840107649564743,3,9,1,0,D S,Union Berlin,0,0.0785263301804661,0.3713396675884723,0.2180956080555915,Bundesliga,3
11411,Damion Downs,9,509,0,0.4918728657066822,0,0.7069971961900592,7,7,0,0,F S,Hamburger SV,0,0.4918728657066822,1.3340397626161575,0.1351697221398353,Bundesliga,2
11699,Ameen Al Dakhil,8,368,0,0.062562808394432,0,0.0814990736544132,1,2,1,0,D S,VfB Stuttgart,0,0.062562808394432,0.7323282063007355,0.717394694685936,Bundesliga,0
11835,Senne Lynen,24,2136,0,0.6801605997607112,0,1.0300580952316525,17,9,4,0,D M,Werder Bremen,0,0.6801605997607112,7.067757832817733,5.762676070444286,Bundesliga,19
11850,Cédric Zesiger,20,1168,0,0.9712917171418668,0,0.4311107024550438,8,6,3,0,D S,Augsburg,0,0.9712917171418668,3.162953583523631,2.8209314327687025,Bundesliga,16
11851,Václav Cerny,2,40,0,0.07103131711483,0,0.0,1,0,0,0,S,Wolfsburg,0,0.07103131711483,0.0934526398777961,0.0224213246256113,Bundesliga,0
11859,Omar Traoré,24,1387,0,0.5020455876365304,2,1.4571367260068655,10,13,2,0,D S,FC Heidenheim,0,0.5020455876365304,3.7315220003947616,3.1695292480289936,Bundesliga,10
11864,Benedikt Gimber,20,1447,0,0.4965052902698517,0,0.2124537825584411,4,1,6,0,D S,FC Heidenheim,0,0.4965052902698517,2.2927268696948886,2.2330755470320582,Bundesliga,18
11867,Victor Boniface,11,309,0,0.908873425796628,2,1.0533378049731257,16,7,1,0,F S,Werder Bremen,0,0.908873425796628,2.354151902720332,0.713976114988327,Bundesliga,1
11871,Nicolas Seiwald,27,2307,0,1.405506957322359,2,1.3713903669267893,16,12,1,0,D M S,RasenBallsport Leipzig,0,1.405506957322359,13.773153614252806,11.996307911351323,Bundesliga,32
11892,Leart Paqarada,1,6,0,0.0,0,0.0,0,0,0,0,D,FC Heidenheim,0,0.0,0.0,0.0,Bundesliga,0
11894,Max Finkgrafe,7,124,0,0.0908171087503433,0,0.0296374764293432,1,1,0,0,D S,RasenBallsport Leipzig,0,0.0908171087503433,1.4116878863424065,1.320870777592063,Bundesliga,5
11917,Mathias Honsak,22,1021,0,1.6635888684540987,0,1.288321679458022,25,8,1,0,F M S,FC Heidenheim,0,1.6635888684540987,4.32429688423872,1.9004238694906237,Bundesliga,10
11975,Leonidas Stergiou,4,144,0,0.0463435985147953,0,0.0,1,0,0,0,D S,"FC Heidenheim,VfB Stuttgart",0,0.0463435985147953,0.4933373257517814,0.4469937309622764,Bundesliga,1
11991,Lukas Ullrich,19,1121,0,0.68691461160779,0,0.8623805642127991,9,13,2,0,D M S,Borussia M.Gladbach,0,0.68691461160779,4.477926705032587,3.2683533616364,Bundesliga,13
12013,Skelly Alvero,2,23,0,0.0,0,0.0,0,0,0,0,S,Werder Bremen,0,0.0,0.0728349313139915,0.0728349313139915,Bundesliga,0
12023,Thomas Keller,4,193,0,0.054272930137813,0,0.0,2,0,1,0,D S,FC Heidenheim,0,0.054272930137813,0.123614870943129,0.1129664648324251,Bundesliga,1
12029,Daniel Batz,15,1350,0,0.0,0,0.0,0,0,1,0,GK,Mainz 05,0,0.0,1.9571021646261213,1.9571021646261213,Bundesliga,0
12070,Jordy Makengo,16,1029,0,0.0,0,0.2509158328175545,0,4,1,0,D S,Freiburg,0,0.0,2.357088742777705,2.3194643314927816,Bundesliga,9
12075,Kauã Santos,13,1084,0,0.0,0,0.0,0,0,0,0,GK,Eintracht Frankfurt,0,0.0,2.191868357360363,2.191868357360363,Bundesliga,1
12250,Elias Baum,4,56,0,0.0,0,0.022907193750143,0,1,0,0,S,Eintracht Frankfurt,0,0.0,0.193947222083807,0.1710400320589542,Bundesliga,0
12314,Yannick Eduardo,1,1,0,0.0,0,0.0,0,0,0,0,S,Hoffenheim,0,0.0,0.0,0.0,Bundesliga,0
12360,Julián Malatini,11,508,0,0.0284452866762876,0,0.1550656594336033,2,2,3,0,D S,Werder Bremen,0,0.0284452866762876,1.295384829863906,1.235657211393118,Bundesliga,6
12431,Isak Hansen-Aaröen,1,1,0,0.0,0,0.0,0,0,0,0,S,Werder Bremen,0,0.0,0.0,0.0,Bundesliga,0
12494,Frank Feller,1,90,0,0.0,0,0.0,0,0,0,0,GK,FC Heidenheim,0,0.0,0.383578896522522,0.383578896522522,Bundesliga,0
12626,Max Rosenfelder,12,476,0,0.0172707736492156,0,0.0,1,0,0,0,D S,Freiburg,0,0.0172707736492156,0.7206106707453728,0.7206106707453728,Bundesliga,5
12761,Yukinari Sugawara,25,2101,0,1.5922868372872472,4,1.4128375388681889,28,13,1,0,D S,Werder Bremen,0,1.5922868372872472,6.418943191878498,4.7029669201001525,Bundesliga,17
12775,Kosta Nedeljkovic,5,251,0,0.0,0,0.0,0,0,0,0,D S,RasenBallsport Leipzig,0,0.0,0.3027626611292362,0.3027626611292362,Bundesliga,1
12919,Nikolas Veratschnig,17,433,0,0.1227049706503748,1,0.7393891476094723,3,3,2,0,D S,Mainz 05,0,0.1227049706503748,0.8617614125832915,0.0570301599800586,Bundesliga,6
12925,Mio Backhaus,25,2250,0,0.0,0,0.0,0,0,0,0,GK,Werder Bremen,0,0.0,2.539883342571557,2.539883342571557,Bundesliga,0
12926,Bruno Ogbus,11,804,0,0.7863243324682117,0,0.0,5,0,0,0,D S,Freiburg,0,0.7863243324682117,3.11776390299201,2.7915532253682613,Bundesliga,0
12927,Ramon Hendriks,24,1429,0,0.0636026225984096,2,0.5049298442900181,3,4,2,0,D S,VfB Stuttgart,0,0.0636026225984096,6.018527753651142,5.909861542284489,Bundesliga,10
12937,Nicolai Remberg,26,2340,0,1.0259372480213642,1,1.0003389939665794,15,7,10,0,D M,Hamburger SV,0,1.0259372480213642,7.344692289829254,5.944644819945097,Bundesliga,23
12942,Maarten Vandevoordt,6,512,0,0.0,0,0.0,0,0,0,0,GK S,RasenBallsport Leipzig,0,0.0,0.7559635043144226,0.7559635043144226,Bundesliga,0
12952,Oscar Højlund,19,723,0,0.2450113650411367,1,0.354011982679367,2,5,1,1,M S,Eintracht Frankfurt,0,0.2450113650411367,1.8972623981535437,1.6230248976498842,Bundesliga,15
12955,Aurèle Amenda,17,1040,0,0.9006360769271851,0,0.152156762778759,5,3,3,0,D S,Eintracht Frankfurt,0,0.9006360769271851,3.090333316475153,3.0407135225832462,Bundesliga,7
12964,Kamil Grabara,27,2430,0,0.0364092700183391,0,0.0404902063310146,1,3,1,0,GK,Wolfsburg,0,0.0364092700183391,3.0090479450300336,2.9685577377676964,Bundesliga,1
12965,Bence Dárdai,1,31,0,0.0,0,0.0124272247776389,0,1,0,0,S,Wolfsburg,0,0.0,0.0124272247776389,0.0,Bundesliga,1
12973,Nikola Vasilj,27,2430,0,0.0,0,0.0,0,0,0,0,GK,St. Pauli,0,0.0,2.399264710023999,2.399264710023999,Bundesliga,1
12974,Karol Mets,18,1488,0,0.0831479835323989,0,0.0834137536585331,3,2,2,0,D S,St. Pauli,0,0.0831479835323989,2.1780153661966324,2.158357386477292,Bundesliga,20
12977,Lars Ritzka,16,693,0,0.1028408929705619,0,0.3833515252918005,2,3,1,0,D M S,St. Pauli,0,0.1028408929705619,0.8643607990816236,0.7202026313170791,Bundesliga,19
12978,Jackson Irvine,18,1081,0,0.8047675210982561,0,0.5216774139553308,15,6,0,0,M S,St. Pauli,0,0.8047675210982561,2.410374443978071,1.458227675408125,Bundesliga,9
12979,Connor Metcalfe,18,261,0,0.5893149962648749,1,0.4835287239402532,11,4,1,0,F S,St. Pauli,0,0.5893149962648749,1.4395505851134658,0.3987192567437887,Bundesliga,6
12980,Elias Saad,10,518,0,0.3716530837118625,0,0.6210179030895233,6,12,1,0,F M S,Augsburg,0,0.3716530837118625,1.412656469270587,0.5558570027351379,Bundesliga,8
12982,Oladapo Afolayan,7,135,0,0.526158856227994,0,0.0837487746030092,4,2,1,0,M S,St. Pauli,0,0.526158856227994,0.7736875526607037,0.1637799143791198,Bundesliga,0
13012,Robin Hranác,25,2094,0,1.8047191724181173,0,0.1279042270034551,7,3,4,0,D S,Hoffenheim,0,1.8047191724181173,6.88438175059855,6.88438175059855,Bundesliga,14
13017,Filippo Mané,4,142,0,0.0,0,0.0,0,0,0,1,D S,Borussia Dortmund,0,0.0,0.6807209551334381,0.6807209551334381,Bundesliga,0
13131,Cole Campbell,3,24,0,0.1280488818883896,0,0.1461582034826278,1,1,0,0,S,"Borussia Dortmund,Hoffenheim",0,0.1280488818883896,0.3452533185482025,0.0710462406277656,Bundesliga,0
13185,Jahmai Simpson-Pusey,6,413,0,0.2724513038992882,0,0.0372226200997829,5,1,0,1,D S,FC Cologne,0,0.2724513038992882,0.9611054342240096,0.9238828103989364,Bundesliga,4
13215,Axel Tape,6,214,0,0.1425793543457985,0,0.0,3,0,1,0,D S,Bayer Leverkusen,0,0.1425793543457985,0.692778505384922,0.5725748687982559,Bundesliga,1
13262,Jonah Kusi-Asare,1,1,0,0.0,0,0.0,0,0,0,0,S,Bayern Munich,0,0.0,0.0,0.0,Bundesliga,0
13326,Abdoulie Ceesay,15,174,0,0.4285229761153459,0,0.0707461684942245,4,1,2,0,S,St. Pauli,0,0.4285229761153459,0.7228618133813143,0.2432233467698097,Bundesliga,0
13416,Luka Djuric,1,5,0,0.0,0,0.0,0,0,0,0,S,Hoffenheim,0,0.0,0.0583806261420249,0.0583806261420249,Bundesliga,0
13421,Wisdom Mike,4,18,0,0.1048471331596374,0,0.0,2,0,0,0,S,Bayern Munich,0,0.1048471331596374,0.3597072288393974,0.25486009567976,Bundesliga,0
13422,Mick Schmetgens,2,34,0,0.0,0,0.0,0,0,0,0,S,Werder Bremen,0,0.0,0.2390525937080383,0.2390525937080383,Bundesliga,0
13425,Luca Jaquez,9,654,0,0.1130495006218552,1,0.4413405451923609,2,5,1,0,D S,VfB Stuttgart,0,0.1130495006218552,2.294644184410572,1.839685682207346,Bundesliga,5
13426,Finn Jeltsch,20,1361,0,0.1950984485447406,1,0.1018767990171909,3,5,3,0,D S,VfB Stuttgart,0,0.1950984485447406,5.135810740292072,4.978483520448208,Bundesliga,12
13505,Alejo Sarco,5,106,0,0.3592372722923755,0,0.2505437489598989,3,2,0,0,S,"Bayer Leverkusen,Borussia M.Gladbach",0,0.3592372722923755,0.8486710991710424,0.2895685136318207,Bundesliga,0
13621,Charles Herrmann,1,1,0,0.0,1,0.3786399960517883,0,1,0,0,S,Borussia M.Gladbach,0,0.0,0.0,0.0,Bundesliga,0
13634,Jan Bürger,7,247,0,0.0601265747100114,0,0.1284901462495327,2,2,0,0,D S,Wolfsburg,0,0.0601265747100114,1.0541414730250835,0.9940148964524268,Bundesliga,3
13649,Claudio Echeverri,6,112,0,0.113501064479351,0,0.040528729557991,1,1,0,0,M S,Bayer Leverkusen,0,0.113501064479351,0.2705470249056816,0.1570459604263305,Bundesliga,5
13714,Jenson Seelt,9,681,0,0.1075635813176631,0,0.0,2,0,0,0,D S,Wolfsburg,0,0.1075635813176631,1.855355310253799,1.855355310253799,Bundesliga,0
13851,Ezechiel Banzuzi,23,489,0,1.164729591459036,1,0.353797547519207,14,7,3,0,M S,RasenBallsport Leipzig,0,1.164729591459036,2.960775936022401,1.8351374585181477,Bundesliga,10
13859,Koki Machida,1,45,0,0.0,0,0.0,0,0,1,0,D,Hoffenheim,0,0.0,0.0450697056949138,0.0450697056949138,Bundesliga,0
13861,Leon Avdullahu,26,2294,0,0.4837837256491184,1,1.0303920581936836,12,17,4,0,M,Hoffenheim,0,0.4837837256491184,10.885265188291667,9.695862764492633,Bundesliga,26
13863,Yannik Wagner,4,31,0,0.0242794156074523,0,0.2785300724208355,1,3,0,0,S,FC Heidenheim,0,0.0242794156074523,0.265305258333683,0.0799528881907463,Bundesliga,0
13864,Cyriaque Irié,7,241,0,0.3124686852097511,0,0.1298124156892299,6,4,3,0,M S,Freiburg,0,0.3124686852097511,1.076256550848484,0.7877949215471745,Bundesliga,5
13867,Matheo Raab,1,90,0,0.0,0,0.0,0,0,0,0,GK,Union Berlin,0,0.0,0.0,0.0,Bundesliga,0
13868,Lazar Jovanovic,3,23,0,0.0999414473772049,0,0.0953161157667636,1,2,0,0,S,VfB Stuttgart,0,0.0999414473772049,0.1952575594186782,0.0,Bundesliga,0
13882,Arkadiusz Pyrka,24,1966,0,0.8837132304906845,1,1.689801904372871,15,20,3,0,D M S,St. Pauli,0,0.8837132304906845,5.742249680683017,4.169613065198064,Bundesliga,15
13887,Jobe Bellingham,25,1195,0,0.7233882173895836,1,0.5675880257040262,14,5,1,1,M S,Borussia Dortmund,0,0.7233882173895836,6.224336672574282,5.292860314249992,Bundesliga,15
13907,Joël Schmied,13,964,0,0.2117387726902961,0,0.1458053737878799,3,2,4,0,D S,FC Cologne,0,0.2117387726902961,2.395489513874054,2.298329332843423,Bundesliga,9
13908,Sebastian Sebulonsen,24,1900,0,1.2105810660868883,0,2.117011910304427,24,16,5,0,D S,FC Cologne,0,1.2105810660868883,9.021623577922584,6.7851466201245785,Bundesliga,19
13909,Kristoffer Lund,26,1819,0,0.6222306974232197,1,1.1736940667033195,19,15,2,0,D M S,FC Cologne,0,0.6222306974232197,7.13637388497591,6.017567157745361,Bundesliga,22
13912,Jusuf Gazibegovic,1,17,0,0.0,0,0.0,0,0,0,0,S,FC Cologne,0,0.0,0.044752363115549,0.044752363115549,Bundesliga,0
13913,Rav van den Berg,13,1048,0,0.107068583369255,1,0.4956986010074615,1,1,0,1,D S,FC Cologne,0,0.107068583369255,2.101330554112792,2.101330554112792,Bundesliga,7
13920,Daniel Elfadli,19,1175,0,0.6049705110490322,0,0.1704634763300418,4,2,4,1,D S,Hamburger SV,0,0.6049705110490322,1.874638892710209,1.6594158932566645,Bundesliga,12
13921,Giorgi Gocholeishvili,20,841,0,0.9689812874421476,1,0.6386436335742474,13,9,1,1,D S,Hamburger SV,0,0.9689812874421476,3.036925822496414,1.6474941913038492,Bundesliga,13
13922,Miro Muheim,26,2273,0,1.2573005352169275,4,3.148286895826459,21,37,6,0,D M S,Hamburger SV,0,1.2573005352169275,5.8079098872840405,4.546348409727216,Bundesliga,33
13924,Emir Sahiti,2,124,0,0.0,0,0.0135703915730118,0,1,0,0,F,Hamburger SV,0,0.0,0.0135703915730118,0.0,Bundesliga,0
13926,Alexander Røssing-Lelesiit,11,319,0,0.0890325643122196,1,0.7265190482139587,2,5,1,1,F M S,Hamburger SV,0,0.0890325643122196,0.8746454827487469,0.0590938683599233,Bundesliga,2
13927,Aboubaka Soumahoro,4,140,0,0.0,0,0.0205673892050981,0,1,1,0,D S,Hamburger SV,0,0.0,0.0691862553358078,0.0691862553358078,Bundesliga,0
13928,Otto Stange,4,64,0,0.2251847386360168,0,0.0,3,0,0,0,S,Hamburger SV,0,0.2251847386360168,0.2251847386360168,0.0603034421801567,Bundesliga,2
13972,Andrija Maksimovic,8,77,0,0.0663988795131445,0,0.3666895739734173,2,3,0,0,S,RasenBallsport Leipzig,0,0.0663988795131445,0.4284807443618774,0.4025103766471147,Bundesliga,0
13981,Aiman Dardari,3,21,0,0.0560666285455226,0,0.0,1,0,1,0,S,Augsburg,0,0.0560666285455226,0.0560666285455226,0.0,Bundesliga,0
13995,Sota Kawasaki,8,219,0,0.04572444409132,0,0.0,1,0,1,0,D S,Mainz 05,0,0.04572444409132,0.2289929389953613,0.1832684949040413,Bundesliga,4
14008,Ezequiél Fernández,17,938,0,0.5077801253646612,0,0.7186369858682156,10,7,2,1,M S,Bayer Leverkusen,0,0.5077801253646612,7.227951504290104,6.639220612123609,Bundesliga,16
14022,William Bøving,7,192,0,0.0132987955585122,1,0.5319959297776222,1,3,1,0,M S,Mainz 05,0,0.0132987955585122,0.3725819587707519,0.3725819587707519,Bundesliga,1
14025,Alessio Castro-Montes,8,426,0,0.1609742334112525,3,1.7731760889291763,3,16,2,0,D S,FC Cologne,0,0.1609742334112525,3.5512535572052,2.1033997014164925,Bundesliga,13
14036,Fabio Baldé,13,316,0,0.4062047265470028,1,1.222242034971714,5,4,0,0,F S,Hamburger SV,0,0.4062047265470028,1.8987588100135329,0.4424620047211647,Bundesliga,6
14058,Cameron Puertas,22,1388,0,1.6473787911236286,1,2.0845256857573986,27,19,4,0,F M S,Werder Bremen,0,1.6473787911236286,5.389071647077799,3.7838003989309072,Bundesliga,30
14071,Cassiano Kiala,1,1,0,0.0,0,0.0,0,0,0,0,S,Bayern Munich,0,0.0,0.4981572926044464,0.4981572926044464,Bundesliga,0
14096,Tobias Weigel,1,1,0,0.0,0,0.0,0,0,0,0,S,FC Heidenheim,0,0.0,0.0353274457156658,0.0353274457156658,Bundesliga,0
14109,Dmytro Bogdanov,1,1,0,0.0,0,0.0,0,0,0,0,S,Union Berlin,0,0.0,0.0,0.0,Bundesliga,0
14121,Jan Urbich,3,28,0,0.0,0,0.0271963588893413,0,1,0,0,S,Borussia M.Gladbach,0,0.0,0.1319699585437774,0.1047735959291458,Bundesliga,0
14130,David Santos,2,25,0,0.0303500760346651,0,0.0,1,0,0,0,S,Bayern Munich,0,0.0303500760346651,1.1598855257034302,1.1598855257034302,Bundesliga,0
14164,Fabio Moreno Fell,2,80,0,0.0517515055835247,0,0.0,1,0,0,0,F S,Mainz 05,0,0.0517515055835247,0.0,0.0,Bundesliga,0
14174,Pharell Hensel,5,68,0,0.0186023861169815,0,0.0,1,0,0,0,M S,Wolfsburg,0,0.0186023861169815,0.0186023861169815,0.0,Bundesliga,1
14177,Livan Burcu,12,426,0,1.660453036427498,0,0.3302257983013987,12,7,3,0,F M S,Union Berlin,0,1.660453036427498,1.799374021589756,0.7617004662752151,Bundesliga,6
14223,Samba Konate,1,1,0,0.0413617305457592,0,0.0,1,0,0,0,S,RasenBallsport Leipzig,0,0.0413617305457592,0.0,0.0,Bundesliga,0
14237,Cenny Neumann,2,74,0,0.0,0,0.0,0,0,0,0,D S,FC Cologne,0,0.0,0.8872855305671692,0.8872855305671692,Bundesliga,1
14252,Tim Schnitzer,1,1,0,0.0,0,0.0,0,0,0,0,S,Augsburg,0,0.0,0.0,0.0,Bundesliga,0
14253,Fynn Schenten,7,86,0,0.0301627833396196,0,0.361863225698471,1,1,0,0,F S,FC Cologne,0,0.0301627833396196,0.3920260090380907,0.361863225698471,Bundesliga,0
14267,Felipe Chávez,6,39,0,0.0982970297336578,0,0.1114266514778137,3,1,0,0,S,"Bayern Munich,FC Cologne",0,0.0982970297336578,0.271440964192152,0.1731439344584942,Bundesliga,0
14279,Kota Takai,6,326,0,0.4108753725886345,0,0.03324531391263,3,2,1,0,D S,Borussia M.Gladbach,0,0.4108753725886345,1.190738558769226,0.8015755638480186,Bundesliga,4
14337,Youssoupha Niang,6,157,0,0.3172231260687113,0,0.0589203611016273,5,2,0,0,M S,FC Cologne,0,0.3172231260687113,0.3568132370710373,0.0,Bundesliga,1
14338,Jeremy Arévalo,6,20,0,0.1582863703370094,1,0.0620802752673625,3,1,0,0,S,VfB Stuttgart,0,0.1582863703370094,0.349437266588211,0.1290706247091293,Bundesliga,0
14345,Tomoya Ando,9,723,0,0.0705435499548912,1,0.7882622890174389,3,4,2,0,D S,St. Pauli,0,0.0705435499548912,1.9859961718320849,1.9710234180092807,Bundesliga,11
14390,Mathias Rasmussen,6,368,0,0.2917548231780529,0,0.0676176957786083,5,2,0,0,M S,St. Pauli,0,0.2917548231780529,1.1714573539793491,0.9486524127423764,Bundesliga,1
14415,Love Arrhov,3,9,0,0.0,0,0.0,0,0,1,0,S,Eintracht Frankfurt,0,0.0,0.0,0.0,Bundesliga,0
14419,Jonas Adjetey,4,134,0,0.0873863417655229,0,0.0,3,0,1,0,D S,Wolfsburg,0,0.0873863417655229,0.2091567032039165,0.1757383421063423,Bundesliga,1
14421,Samuele Inácio,1,8,0,0.050873190164566,0,0.0,1,0,0,0,S,Borussia Dortmund,0,0.050873190164566,0.0,0.0,Bundesliga,0
14428,Hugo Bolin,7,271,0,0.2482743971049785,0,0.3456222452223301,5,6,0,0,M S,Borussia M.Gladbach,0,0.2482743971049785,0.9535484053194524,0.5212449878454208,Bundesliga,0
14451,Christian Conteh,5,329,0,0.1334600299596786,0,0.7754741311073303,3,4,0,0,F M S,FC Heidenheim,0,0.1334600299596786,1.62885944545269,0.7199252676218748,Bundesliga,1
14455,Uchenna Ogundu,2,7,0,0.0,0,0.0,0,0,0,0,S,Augsburg,0,0.0,0.0,0.0,Bundesliga,0
14481,Salim Musah,2,7,0,0.0194937847554683,0,0.0,1,0,0,0,S,Werder Bremen,0,0.0194937847554683,0.0194937847554683,0.0,Bundesliga,0
14505,Maycon Douglas Cardozo,2,31,0,0.0,0,0.0,0,0,0,0,S,Bayern Munich,0,0.0,0.6299315690994263,0.6299315690994263,Bundesliga,0
14542,Erblin Osmani,1,2,0,0.0,0,0.0,0,0,0,0,S,Bayern Munich,0,0.0,0.0,0.0,Bundesliga,0
7006,Lautaro Martínez,25,1928,14,14.574753515422344,4,5.348652716726065,83,32,3,0,F S,Inter,14,14.574753515422344,23.09404458105564,8.480899337679148,Serie_A,10
12030,Tasos Douvikas,30,1660,11,11.37899062037468,1,2.118466302752495,48,21,0,0,F S,Como,10,10.617691785097122,13.913204768672584,2.92992062587291,Serie_A,0
1053,Keinan Davis,26,1852,10,8.636157177388668,3,3.548540685325861,43,26,5,0,F S,Udinese,6,5.590961940586567,10.611365295946598,3.3418733328580856,Serie_A,5
11055,Rasmus Højlund,26,2203,10,11.548492453992369,2,2.123066196218133,46,24,1,0,F S,Napoli,9,10.787193559110165,16.322421494871378,4.245595874264836,Serie_A,1
11541,Nico Paz,29,2406,10,8.010856898501515,6,5.414033085107803,103,43,5,0,F M S,Como,10,6.488259287551045,17.113628851249814,8.222951026633382,Serie_A,0
11942,Kenan Yildiz,29,2436,10,8.150473667308688,6,9.363422144204378,87,67,2,0,F M S,Juventus,9,6.627875966951251,18.86074423789978,8.048690945841372,Serie_A,0
7193,Rafael Leão,22,1500,9,8.16054668277502,2,3.5112781152129173,49,16,3,0,F S,AC Milan,7,6.637949008494616,12.4420768879354,3.336006063967943,Serie_A,1
189,Hakan Calhanoglu,19,1427,8,5.023795718327165,2,3.23459910787642,45,37,6,0,M S,Inter,4,1.2173016089946032,9.304421849548817,7.680542379617691,Serie_A,14
1102,Giovanni Simeone,24,1610,8,7.367947561666369,0,1.6219617892056704,55,14,1,0,F S,Torino,8,7.367947561666369,9.974267909303308,1.2897837720811367,Serie_A,6
1304,Moise Kean,25,1965,8,15.358143091201782,1,0.0630031991750001,97,3,4,0,F S,Fiorentina,6,13.835545480251312,11.748437013477089,0.8457555938512087,Serie_A,4
2662,Christian Pulisic,23,1294,8,8.624336488544941,3,4.145702579990029,45,32,0,0,F S,AC Milan,8,7.863037668168545,13.325145484879611,4.363326681777835,Serie_A,6
6253,Gianluca Scamacca,20,1146,8,8.21346314623952,1,1.2116308640688658,51,13,2,0,F S,Atalanta,6,6.69086555019021,9.991942696273329,3.702565290033817,Serie_A,4
12008,Nikola Krstovic,26,1235,8,11.797820337116718,4,2.526851708069444,74,20,2,0,F S,Atalanta,8,11.797820337116718,13.939691588282583,1.880105473101139,Serie_A,7
13446,Mateo Pellegrino,30,2498,8,9.063418463803828,1,1.8778591537848115,64,18,4,0,F S,Parma Calcio 1913,7,8.30211962852627,10.242640032432972,2.046395217999816,Serie_A,9
1612,Domenico Berardi,20,1607,7,6.265835636295378,4,3.63171011954546,29,30,2,0,F M S,Sassuolo,5,3.9819391751661897,9.931644685566424,5.4015752375125885,Serie_A,17
4895,Andrea Pinamonti,28,2161,7,9.09957323782146,3,1.7828310579061508,58,17,1,1,F S,Sassuolo,7,8.338274462148547,9.669769749045372,1.649898748844862,Serie_A,4
5560,Scott McTominay,25,2078,7,7.822556588798761,3,1.6346898712217808,72,17,1,0,M S,Napoli,7,7.822556588798761,11.039844609797,6.3872065898031,Serie_A,11
5992,Marcus Thuram,23,1491,7,8.905336204916239,3,2.8599590118974447,58,23,2,0,F S,Inter,7,8.905336204916239,11.624424368143082,3.853282615542412,Serie_A,12
6160,Riccardo Orsolini,28,1727,7,8.167930148541927,1,1.4237860459834335,68,20,2,0,F M S,Bologna,4,4.361436076462269,9.214019415900111,4.787280863150954,Serie_A,11
6276,Nikola Vlasic,29,2372,7,6.090377021580935,3,3.5366510041058064,41,41,7,0,F M S,Torino,3,3.045181719586253,12.040684964507818,6.672727506607771,Serie_A,32
9749,Donyell Malen,10,814,7,7.696999326348305,0,0.1079391464591026,43,2,1,0,F,Roma,5,6.174401611089706,6.1206493973732,0.7795609571039677,Serie_A,2
12367,Gift Orban,25,1869,7,11.338334465399384,2,2.4920359356328845,75,20,4,1,F S,Verona,5,9.815736809745433,14.298707263544202,2.4057970326393843,Serie_A,3
12528,Santiago Castro,27,1805,7,6.325287845917046,2,2.550250258296728,49,23,2,0,F S,Bologna,7,6.325287845917046,8.279981362633407,1.0331338224932551,Serie_A,8
1324,Federico Dimarco,28,2232,6,6.17091453447938,13,12.869389854371548,57,76,3,0,D S,Inter,6,6.17091453447938,24.249477203935385,12.27273265272379,Serie_A,30
2019,Federico Bonazzoli,27,1879,6,5.429390802513808,1,1.396913530305028,52,11,3,0,F S,Cremonese,5,4.6680919523350894,7.790138625074178,3.5177687611430883,Serie_A,9
3821,Rolando Mandragora,28,2035,6,4.301707404665649,2,2.665821686387062,55,30,6,0,M S,Fiorentina,5,3.540408588014543,7.46061141602695,4.071726698428392,Serie_A,20
8478,Lorenzo Colombo,30,1862,6,7.368872446939349,1,1.0184938702732325,54,14,2,0,F S,Genoa,6,6.607573611661792,8.382712367922068,2.300190344452858,Serie_A,9
9965,Matìas Soulè Malvano,25,1730,6,3.746946400031448,4,3.127205935306847,42,34,1,0,F M S,Roma,6,3.746946400031448,12.326865322887896,7.434165934100747,Serie_A,0
13934,Martin Baturina,21,1025,6,1.2057878719642758,3,4.641571141779423,15,39,0,0,F M S,Como,6,1.2057878719642758,7.916314536705613,5.055790718644857,Serie_A,9
13939,Stefano Moreo,29,1733,6,5.1282090321183205,1,2.4053711500018835,41,17,2,0,F M S,Pisa,4,3.605611391365528,6.822768652811647,2.597881158813834,Serie_A,9
14003,Francesco Pio Esposito,28,1176,6,9.031466560438275,3,1.7571197301149368,49,16,1,0,F S,Inter,6,9.031466560438275,12.514062132686377,3.596131581813097,Serie_A,0
755,Jamie Vardy,25,1841,5,5.615955943241715,2,2.123625386506319,26,15,4,0,F S,Cremonese,5,5.615955943241715,9.06626520678401,2.1653536148369312,Serie_A,9
1386,Piotr Zielinski,27,1625,5,1.858990939334035,1,3.7745457980781794,23,25,1,0,M S,Inter,4,1.097692111507058,10.918945254758,8.77305668592453,Serie_A,11
3291,Adrien Rabiot,21,1826,5,2.971478920429945,4,3.5993717405945063,31,21,4,1,M S,AC Milan,5,2.971478920429945,12.070909524336455,7.858124624937773,Serie_A,21
3300,Christopher Nkunku,24,1006,5,7.36657902598381,3,1.3828837107867002,20,12,0,0,F S,AC Milan,2,5.082682520151138,7.579765725880861,2.032486654818058,Serie_A,2
6686,Nicolo Zaniolo,26,1800,5,4.975429467856884,5,3.9507206892594695,55,38,7,0,F M S,Udinese,5,4.975429467856884,8.59375081025064,2.38329104334116,Serie_A,16
6697,Armand Lauriente,30,1979,5,2.9380979351699352,7,6.013098190538585,53,40,3,0,F S,Sassuolo,5,2.9380979351699352,9.953929413110018,4.554137174040079,Serie_A,8
7005,Jens Odgaard,22,1256,5,2.528832908719778,1,0.9043180122971536,32,13,1,0,M S,Bologna,5,2.528832908719778,5.526493085548282,2.8977933563292027,Serie_A,10
7947,Ruslan Malinovskiy,28,2013,5,4.033029636368156,3,4.157237398438156,45,33,9,0,M S,Genoa,2,1.7491331584751606,9.025963889434934,6.196560280397534,Serie_A,0
8636,Jonathan Christian David,28,1425,5,10.766088856384158,4,3.841157153248787,35,29,0,0,F S,Juventus,5,10.0047900211066,12.78084343392402,3.383688331581652,Serie_A,0
10237,Leo Østigard,24,2091,5,2.6975211296230555,1,0.8162232171744108,18,8,6,0,D,Genoa,5,2.6975211296230555,5.029696233570576,3.9896371103823194,Serie_A,0
10366,Albert Gudmundsson,26,1900,5,4.715699024498463,4,3.0427952855825424,33,25,3,0,F M S,Fiorentina,2,2.4318025521934032,8.918277898803353,5.4492568569257855,Serie_A,0
11380,Vitinha,28,1729,5,5.485856178216636,1,1.7020186968147757,51,13,4,0,F M S,Genoa,5,5.485856178216636,7.668202647008002,2.445215370506048,Serie_A,23
12784,Ange-Yoan Bonny,25,791,5,3.919695874676109,3,1.7661503348499537,19,13,0,0,F S,Inter,5,3.919695874676109,7.342726945877075,1.964557122439146,Serie_A,7
13069,Ismaël Koné,27,2213,5,3.5827317852526903,0,1.5349277285858989,17,19,2,1,M S,Sassuolo,5,3.5827317852526903,9.993000933434814,6.672313391696662,Serie_A,11
447,Kevin De Bruyne,11,714,4,3.17898016422987,0,1.9610744323581455,22,21,1,0,M S,Napoli,1,0.895083692856133,4.83470930159092,3.177943386137485,Serie_A,3
4291,Marc-Oliver Kempf,27,1753,4,3.0902431923896074,0,1.0288458317518234,16,6,2,0,D S,Como,4,3.0902431923896074,7.450568827800453,7.417930232360959,Serie_A,7
5360,Weston McKennie,29,2230,4,6.504627022892237,4,3.9983751866966486,37,36,4,0,D M S,Juventus,4,6.504627022892237,16.56287595629692,8.779238130897284,Serie_A,17
6434,Franck Zambo,14,1031,4,2.296694092452526,1,1.443358019925654,19,11,1,0,M S,Napoli,4,2.296694092452526,4.176476215943694,2.3730354364961386,Serie_A,0
7700,Che Adams,27,1578,4,4.902902293950319,2,3.1129307067021728,44,23,0,0,F S,Torino,4,4.902902293950319,10.170350536704063,3.4350445717573166,Serie_A,7
7969,Sebastiano Esposito,28,2076,4,3.307618696242571,5,4.623595635872334,38,50,5,0,F M S,Cagliari,4,3.307618696242571,7.435685284435749,2.7432167138904333,Serie_A,26
8642,Strahinja Pavlovic,26,2156,4,2.883064480498433,1,0.6053832489997149,19,11,2,0,D S,AC Milan,4,2.883064480498433,9.616552660241725,7.913585478439927,Serie_A,18
9993,Jurgen Ekkelenkamp,26,1842,4,3.8247833866626015,1,1.9580792859196663,26,21,1,0,M S,Udinese,4,3.8247833866626015,7.788795376196504,2.538570100441575,Serie_A,21
10433,Cesare Casadei,26,1614,4,3.514064121991396,0,1.530711562372744,29,14,5,0,M S,Torino,4,3.514064121991396,8.266241680830717,5.968889268115163,Serie_A,12
11951,Gustav Isaksen,24,1368,4,4.171031994745135,1,0.7046932000666857,40,14,0,0,F S,Lazio,4,4.171031994745135,6.408259498886764,2.377318107523024,Serie_A,7
13891,Wesley,26,2130,4,2.3235203810036182,0,4.544415947049856,22,27,5,1,D M S,Roma,4,2.3235203810036182,12.162292331457138,6.631311375647783,Serie_A,0
13930,Semih Kiliçsoy,21,969,4,2.0539160827174783,0,0.3908173693343997,17,11,1,0,F S,Cagliari,4,2.0539160827174783,2.991133206523955,1.0485907513648272,Serie_A,0
64,Filip Kostic,17,453,3,0.6743299197405577,1,0.6833733469247818,9,10,0,0,D M S,Juventus,3,0.6743299197405577,3.385763455182314,2.3905558809638023,Serie_A,10
687,Pedro,22,672,3,2.0113909943029284,1,1.4536928432062268,16,13,3,0,F M S,Lazio,1,0.4887933759018779,1.9396352507174013,1.3503799587488174,Serie_A,5
688,Ruben Loftus-Cheek,23,1020,3,4.139354669488967,1,1.0285563003271818,29,9,1,0,F M S,AC Milan,3,4.139354669488967,7.100506212562323,4.202634723857045,Serie_A,6
1134,Mario Pasalic,25,1630,3,2.666647605597973,3,5.107633359730244,16,32,2,0,M S,Atalanta,3,2.666647605597973,12.942077733576298,8.330346431583166,Serie_A,17
1148,Duván Zapata,24,915,3,4.024979934096336,1,1.7380946185439825,28,9,0,0,F S,Torino,3,3.26368111371994,4.69031498581171,0.3858338948339224,Serie_A,2
1206,Danilo Cataldi,25,1855,3,2.712070008739829,3,2.011864816769957,26,21,5,0,M S,Lazio,1,1.1894723707810044,5.3693296536803246,4.115512701682746,Serie_A,22
1471,Lorenzo Pellegrini,22,1370,3,4.584868604317308,2,2.9400330521166325,29,28,2,0,F M S,Roma,1,3.062270922586322,6.5955265164375305,4.02942069247365,Serie_A,4
1500,Leonardo Spinazzola,26,1587,3,1.102365605533123,3,2.125557797960937,19,25,2,0,D M S,Napoli,3,1.102365605533123,8.628886869177222,6.1476859068498015,Serie_A,8
1725,Christian Kabasele,23,1730,3,1.6248655952513218,0,0.0634109750390052,8,1,4,0,D S,Udinese,3,1.6248655952513218,2.147670271806419,2.033634861931205,Serie_A,8
1958,Mattia Zaccagni,23,1956,3,4.754504917189479,0,2.2661079093813896,30,28,6,1,F M,Lazio,3,4.754504917189479,8.204574503004551,3.4636176051571965,Serie_A,19
3334,Lassana Coulibaly,25,2058,3,2.226172022521496,1,0.9191248584538698,20,16,3,0,M S,Lecce,3,2.226172022521496,5.539181645959616,3.806600016541779,Serie_A,24
3544,Jeremie Boga,7,264,3,2.7499061580747366,0,0.9870952237397432,14,8,0,0,F M S,Juventus,3,2.7499061580747366,4.560694513842464,1.0568772368133068,Serie_A,2
6618,Oumar Solet,27,2242,3,2.592456222511828,1,1.4178581573069096,25,13,1,0,D S,Udinese,2,1.8311573872342704,7.36057897657156,6.759339716285467,Serie_A,38
6960,Bremer,19,1557,3,1.869823514483869,3,0.4107095804065466,11,8,3,0,D S,Juventus,3,1.869823514483869,5.8532320484519005,5.627734609879553,Serie_A,0
7049,Evan Ndicka,24,2110,3,2.2063370011746883,0,0.5625489521771669,18,6,5,0,D,Roma,3,2.2063370011746883,6.487898748368025,6.13771254196763,Serie_A,0
7084,Dusan Vlahovic,14,694,3,4.618957936763763,1,0.4843765348196029,30,7,0,0,F S,Juventus,2,3.857659101486206,4.388380212709308,0.8311535213142633,Serie_A,3
7375,Roberto Piccoli,26,1235,3,5.736589040607214,1,1.4567919867113233,40,14,0,0,F S,Fiorentina,3,5.736589040607214,6.650719000957906,1.0508178677409887,Serie_A,0
7576,Nicolò Cambiaghi,24,1351,3,2.916797866113484,4,2.8882750775665045,24,17,3,1,F M S,Bologna,3,2.916797866113484,6.478145765140653,1.6494537442922592,Serie_A,18
7628,Lameck Banda,24,1220,3,1.5241409335285423,3,1.967699747532606,23,13,6,1,F M S,Lecce,3,1.5241409335285423,3.563532426953316,0.3809066321700811,Serie_A,14
7939,Morten Thorsby,20,1218,3,2.7189628621563315,1,0.7962901080027223,21,9,3,0,M S,"Cremonese,Genoa",3,2.7189628621563315,4.131191646680236,1.7561987088993192,Serie_A,1
8182,Lucas Da Cunha,28,2110,3,4.57911426667124,3,4.50806725025177,29,33,4,0,M S,Como,1,3.0565165961161256,13.11285731010139,9.337429834529756,Serie_A,25
8838,Junior Messias,15,516,3,1.7149581965059042,0,0.3019118048250675,16,4,0,0,M S,Genoa,2,0.9536593537777662,2.1125168949365616,0.8816955797374249,Serie_A,6
8867,Adrián Bernabé,27,2169,3,2.5368833746761084,1,4.358438854105771,46,49,0,0,D M S,Parma Calcio 1913,3,2.5368833746761084,8.077642335556448,4.048180051147938,Serie_A,20
9018,M&#039;Bala Nzola,23,1229,3,5.682099629193544,0,0.8286140095442533,31,15,2,1,F S,"Pisa,Sassuolo",1,3.398203182965517,5.208241943269968,1.2542711971327662,Serie_A,0
9071,Matteo Cancellieri,23,1282,3,3.689160577952862,2,1.6514262538403273,32,13,4,0,F M S,Lazio,3,3.689160577952862,6.188523890450597,1.0300552630797029,Serie_A,20
9841,Andrea Cambiaso,28,2231,3,2.636385602876544,3,4.427487708628178,21,44,1,1,D M S,Juventus,3,2.636385602876544,13.245803002268076,8.792379050515592,Serie_A,32
9843,Caleb Ekuban,25,808,3,3.1866643987596035,1,1.2507788091897964,24,11,0,0,F M S,Genoa,3,3.1866643987596035,4.036424435675144,0.5887844664976001,Serie_A,1
10177,Evan Ferguson,16,777,3,3.4807619526982307,2,1.686270648613572,26,15,1,0,F S,Roma,3,3.4807619526982307,5.405015859752893,1.0331951715052128,Serie_A,4
10877,Charles De Ketelaere,23,1643,3,3.667718194425106,3,8.626153141260147,35,47,3,0,F M S,Atalanta,3,3.667718194425106,15.686378948390484,5.224431157112122,Serie_A,10
10994,Kristian Thorstvedt,24,1730,3,4.152106121182442,3,2.0635542310774326,32,26,6,0,F M S,Sassuolo,3,4.152106121182442,10.932721823453903,6.216578578576446,Serie_A,11
11378,Máximo Perrone,28,2158,3,2.3424457646906376,4,2.1492948215454817,13,27,7,0,M S,Como,3,2.3424457646906376,14.153347633779047,10.43224328570068,Serie_A,31
11736,Artem Dovbyk,13,363,3,2.87838901206851,1,1.2935574017465117,10,11,0,0,F S,Roma,3,2.87838901206851,3.597304180264473,0.7824058942496777,Serie_A,3
11883,Gennaro Borrelli,22,1021,3,3.0222388990223408,1,0.7094088485464454,22,10,3,0,F S,Cagliari,3,3.0222388990223408,4.918842986226082,2.594655658118427,Serie_A,6
12993,David Neres,16,932,3,1.484556145966053,3,3.786104552447796,17,19,3,0,F M S,Napoli,3,1.484556145966053,7.352409522980452,3.5680493600666523,Serie_A,5
13052,Francisco Conceição,23,1495,3,5.628825683146715,3,2.147287953644991,51,24,2,0,D F M S,Juventus,3,5.628825683146715,11.892887051217258,6.249343082308769,Serie_A,15
13961,Giovane,28,1649,3,3.906800862401724,5,4.29333714582026,49,31,2,0,F M S,"Napoli,Verona",3,3.906800862401724,8.282327795401216,2.2610361352562904,Serie_A,9
13969,Nikola Stulic,28,1536,3,4.160234489943832,0,1.9883033847436309,28,19,1,0,F S,Lecce,2,3.398935654666275,4.867750889621675,1.3147369865328074,Serie_A,7
13978,Jayden Addai,12,688,3,1.5144574735313654,0,1.0214554481208324,13,7,4,0,M S,Como,3,1.5144574735313654,3.735154617577791,1.3605918884277344,Serie_A,2
14341,Kenneth Taylor,11,972,3,1.9627008941024544,0,0.4335441179573536,14,9,3,0,M,Lazio,3,1.9627008941024544,3.637507133185864,1.9654402416199448,Serie_A,9
307,Suat Serdar,20,1102,2,2.6708283396437764,0,1.4056117832660675,19,12,3,0,M S,Verona,2,2.6708283396437764,4.575328801758587,1.8016988597810268,Serie_A,20
317,Henrikh Mkhitaryan,22,1203,2,3.977236200124025,1,2.7972255274653435,35,17,3,0,M S,Inter,2,3.977236200124025,15.285630363970997,10.747718904167414,Serie_A,24
1168,Bryan Cristante,29,2426,2,2.076498388312757,1,1.7290145307779312,37,23,6,0,M S,Roma,2,2.076498388312757,10.202902182936668,8.439949041232467,Serie_A,30
1178,Davide Zappacosta,27,2016,2,2.0651473701000214,3,3.891000373288989,29,34,2,0,D M S,Atalanta,2,2.0651473701000214,11.44823607802391,7.329848911613226,Serie_A,12
1186,Andrea Belotti,3,196,2,2.310628950595856,0,0.0408160090446472,6,1,0,0,F,Cagliari,1,1.5493301749229431,1.016254037618637,0.2606043629348278,Serie_A,0
1294,Paulo Dybala,17,1062,2,5.446348372846842,2,3.5558443013578653,36,40,1,0,F M S,Roma,2,4.685049567371607,8.439313229173422,2.234402993693948,Serie_A,5
1424,Federico Bernardeschi,22,803,2,2.3944944981485605,1,2.948560005053878,25,24,2,0,F M S,Bologna,1,1.6331956628710032,6.017740434035659,2.25610061455518,Serie_A,5
1477,Luca Mazzitelli,17,723,2,0.7084781415760517,2,1.069239970296621,15,5,3,0,M S,Cagliari,2,0.7084781415760517,3.09368846565485,2.3530206037685275,Serie_A,10
2250,Luka Modric,29,2467,2,1.171941407956183,3,3.8957239408046007,17,46,4,0,M S,AC Milan,2,1.171941407956183,13.741480108350515,12.477629955857992,Serie_A,24
5556,Ademola Lookman,12,803,2,3.853021115064621,0,2.281141601502896,27,17,0,0,F M S,Atalanta,2,3.853021115064621,6.121153548359871,1.5856311172246933,Serie_A,1
5759,Matteo Guendouzi,16,1434,2,1.22304982598871,1,1.0217254180461168,16,15,5,0,M,Lazio,2,1.22304982598871,5.685938589274883,4.695960254408419,Serie_A,8
6073,Guillermo Maripán,24,2037,2,2.4348368234932423,0,0.3447793498635292,18,8,3,0,D S,Torino,2,2.4348368234932423,5.046734411269426,4.604368932545185,Serie_A,28
6133,Antonio Caracciolo,28,2447,2,2.2082683532498777,0,0.0879137590527534,20,1,7,0,D S,Pisa,2,2.2082683532498777,3.1236709551885724,2.5627716975286603,Serie_A,35
6155,Robin Gosens,19,1409,2,2.13671494089067,1,0.8971995655447245,14,10,2,0,D M S,Fiorentina,2,2.13671494089067,3.58875316567719,2.096751010045409,Serie_A,11
6414,Yann Bisseck,19,1566,2,2.366162436082959,1,0.6501033678650856,22,8,2,0,D S,Inter,2,2.366162436082959,9.199529483914375,8.180136375129223,Serie_A,0
6490,Manuel Akanji,28,2364,2,2.2031501941382885,0,0.2070221100002527,22,5,3,0,D S,Inter,2,2.2031501941382885,13.840122561901808,13.386265262961388,Serie_A,20
6945,Youssouf Fofana,25,1758,2,4.189222369343042,3,3.434199744835496,35,31,4,0,M S,AC Milan,2,4.189222369343042,12.29565299116075,5.705199701711536,Serie_A,15
7265,Kephren Thuram,28,2065,2,2.804154648445546,2,1.6958119124174118,40,20,0,0,M S,Juventus,2,2.804154648445546,10.7040862031281,7.814912000671029,Serie_A,0
7284,Marco Brescianini,20,785,2,2.351007338613272,0,1.079745591618121,13,9,2,0,M S,"Atalanta,Fiorentina",2,2.351007338613272,4.605513400398195,2.368275578133762,Serie_A,8
7328,Maxence Caqueret,24,1226,2,1.569728622213006,4,1.933574741706252,16,20,2,0,M S,Como,2,1.569728622213006,9.602824127301574,7.223302925005555,Serie_A,20
7482,Kouadio Kone,26,2310,2,1.937675543129444,2,2.574226876720786,21,24,2,0,M,Roma,2,1.937675543129444,12.040730837732552,9.315206076949837,Serie_A,0
7507,Gianluca Gaetano,25,1243,2,1.341291131451726,3,1.6635116087272763,23,20,4,0,F M S,Cagliari,2,1.341291131451726,4.781758603639901,3.449619747698307,Serie_A,9
8297,Alexis Saelemaekers,28,2310,2,2.703697358258069,3,4.064855952747166,37,43,4,0,D F M S,AC Milan,2,2.703697358258069,14.937791652977468,9.323516426607966,Serie_A,30
8341,Lazar Samardzic,23,922,2,2.6497164256870747,1,2.2648696899414062,22,25,1,0,M S,Atalanta,2,2.6497164256870747,7.363571485504508,3.442450551316142,Serie_A,7
8512,Filippo Terracciano,28,2319,2,2.3262510541826487,0,0.519870899617672,13,9,5,0,D S,Cremonese,2,2.3262510541826487,3.8593700965866446,3.407246572896838,Serie_A,16
8819,Mergim Vojvoda,25,1477,2,1.1836427617818115,2,2.9907114589586854,17,27,1,0,D F M S,Como,2,1.1836427617818115,7.267891075462103,4.462471696548164,Serie_A,4
8880,Matteo Tramoni,24,1392,2,2.8319950979202986,2,2.742515576072037,26,25,3,0,F M S,Pisa,1,2.070696262642741,6.687389301136136,3.004978772252798,Serie_A,17
8912,Tommaso Pobega,20,1141,2,1.766655694693327,1,0.5510165924206376,22,6,1,1,M S,Bologna,2,1.766655694693327,4.612541914917529,2.676194503903389,Serie_A,15
9036,Nicola Zalewski,26,1477,2,2.72246977686882,4,4.754602997563779,30,28,3,0,D M S,Atalanta,2,2.72246977686882,8.768324732780457,4.975941389799118,Serie_A,16
9107,Giorgio Scalvini,16,1226,2,3.366627663373947,0,0.4326582141220569,14,8,2,0,D S,Atalanta,2,3.366627663373947,9.006023846566677,7.192274697124958,Serie_A,15
9630,Kamaldeen Sulemana,22,879,2,2.248252622783184,1,1.849519582465291,20,10,3,0,M S,Atalanta,2,2.248252622783184,6.789396658539772,3.3084280975162983,Serie_A,5
10716,Manor Solomon,9,466,2,0.4370078053325414,0,1.2568749319761992,5,11,0,0,F M S,Fiorentina,2,0.4370078053325414,3.1042337119579315,2.220236822962761,Serie_A,1
10794,Thijs Dallinga,21,764,2,3.886146053671837,2,0.7199398213997483,24,10,2,0,F S,Bologna,2,3.886146053671837,5.551288968883455,1.0566577464342115,Serie_A,4
10902,Federico Baschirotto,25,2250,2,1.139559891074896,0,0.0583514906466007,12,1,2,0,D,Cremonese,2,1.139559891074896,1.431843250989914,1.3015766218304634,Serie_A,13
10908,Medon Berisha,13,893,2,1.3144496940076351,3,2.889189299196005,24,20,0,0,M S,Lecce,2,1.3144496940076351,3.1226632557809357,1.600425161421299,Serie_A,12
10948,Valentín Castellanos,11,697,2,2.0615241527557373,3,2.224563661962748,20,8,2,0,F S,Lazio,2,2.0615241527557373,3.823565280064941,0.3274112157523632,Serie_A,5
10993,Federico Gatti,16,957,2,1.5057558212429285,0,0.1769172400236129,12,2,3,0,D S,Juventus,2,1.5057558212429285,2.322638025507331,1.998648663982749,Serie_A,7
11054,Juan Cabal,12,262,2,1.079673127271235,0,0.6362920701503754,5,2,1,0,D S,Juventus,2,1.079673127271235,1.5074425665661693,1.1933000665158031,Serie_A,0
11102,Adam Buksa,19,593,2,1.5730269700288773,0,0.7543833013623953,9,6,2,0,F S,Udinese,2,1.5730269700288773,2.446124505251646,0.4900545142590999,Serie_A,5
11768,Cher Ndour,25,1244,2,1.9763507656753063,0,0.347787800244987,17,7,2,0,M S,Fiorentina,2,1.9763507656753063,5.251810165122151,3.566590823233128,Serie_A,9
11800,Arthur Atta,24,1863,2,2.6716171763837337,3,2.751700466498733,43,29,3,0,M S,Udinese,2,2.6716171763837337,9.577312048524618,5.190250005573034,Serie_A,10
11877,Michael Folorunsho,20,1608,2,2.3969045728445053,0,0.5296017182990909,24,12,3,0,D F M S,Cagliari,2,2.3969045728445053,3.7699833242222662,1.7030082205310464,Serie_A,8
11961,Sam Beukema,18,1323,2,1.649287275969982,0,0.3550296630710363,6,5,2,0,D S,Napoli,2,1.649287275969982,4.209193881601095,3.9449312649667263,Serie_A,15
11964,Giovanni Fabbian,22,862,2,2.015319839119911,0,1.440270982682705,16,5,2,0,M S,"Bologna,Fiorentina",2,2.015319839119911,4.227089390158653,1.9058601036667824,Serie_A,4
11967,Davide Bartesaghi,24,1868,2,1.2708141598850489,0,3.057926047593355,19,36,2,0,D M S,AC Milan,2,1.2708141598850489,7.333949193358421,5.823164310306311,Serie_A,30
12040,Thomas Thiesson Kristensen,20,1797,2,1.2499915193766356,0,0.2243683580309152,7,3,2,0,D,Udinese,2,1.2499915193766356,2.6758490055799484,2.4040262047201395,Serie_A,0
12378,Tijjani Noslin,21,566,2,2.3437381396070123,0,0.4824020136147737,19,9,0,1,F S,Lazio,2,2.3437381396070123,4.275490046478808,1.9948822241276505,Serie_A,3
12436,Jacobo Ramón,26,2251,2,3.904356028884649,0,0.9999716505408288,29,10,7,1,D S,Como,2,3.904356028884649,10.09941454231739,9.397499412298204,Serie_A,29
12776,Jeff Ekhator,24,614,2,2.579536233097315,0,0.2994046453386545,15,5,3,0,F S,Genoa,2,2.579536233097315,3.669003501534462,1.274528183043003,Serie_A,6
12854,Martin Frese,24,1830,2,1.2523860819637775,0,1.66467937361449,16,23,5,0,D S,Verona,2,1.2523860819637775,3.3635255694389343,1.2886495348066092,Serie_A,36
12868,Mattia Felici,11,396,2,1.336680732667446,1,0.7564891278743744,9,8,3,0,D M S,Cagliari,2,1.336680732667446,2.2656255550682545,0.6046547405421734,Serie_A,6
12881,Henrik Meister,22,1310,2,5.001300344243646,0,0.622708261013031,19,4,1,0,F S,Pisa,2,5.001300344243646,6.958262290805578,1.3549226932227612,Serie_A,1
12997,Alieu Fadera,25,917,2,2.3619886562228203,1,0.87881900370121,13,7,4,0,F S,Sassuolo,2,2.3619886562228203,4.041427066549659,1.7654694616794586,Serie_A,19
13136,Brooke Norton-Cuffy,26,2192,2,2.006999369710684,1,1.8840869069099424,15,21,3,1,D M S,Genoa,2,2.006999369710684,7.148176729679108,3.5529703898355365,Serie_A,30
13451,Konan N’Dri,20,321,2,0.4944310747087002,0,0.7715370021760464,14,4,2,0,S,Lecce,2,0.4944310747087002,1.318092556670308,0.4218508042395115,Serie_A,0
13879,Tarik Muharemovic,26,2297,2,2.3314169202931225,2,0.847775200381875,17,5,5,0,D,Sassuolo,2,2.3314169202931225,4.901377401780337,4.778556918725371,Serie_A,22
13929,Riyad Idrissi,23,737,2,0.7890109941363335,0,0.2484424067661166,6,6,3,0,D S,Cagliari,2,0.7890109941363335,3.7340927477926016,3.2926744939759374,Serie_A,15
13962,Rafik Belghali,18,1261,2,2.009876527823508,0,1.694259274750948,11,19,5,0,D M S,Verona,2,2.009876527823508,5.483745563775301,2.571578123606741,Serie_A,9
14339,Omri Gandelman,12,744,2,1.67109764367342,0,0.274208515882492,9,5,0,0,M S,Lecce,2,1.67109764367342,2.2447042539715767,1.006422035396099,Serie_A,5
14427,Alisson Santos,6,380,2,0.6608269512653351,0,0.3260472789406776,13,4,0,0,M S,Napoli,2,0.6608269512653351,2.18443807028234,1.3412230219691992,Serie_A,7
594,Romelu Lukaku,5,33,1,0.5893245413899422,0,0.2113724052906036,2,2,1,0,S,Napoli,1,0.5893245413899422,0.3288929834961891,0.0,Serie_A,0
608,Alberto Moreno,13,907,1,0.9659438356757164,1,1.179214732721448,7,12,1,0,D S,Como,1,0.9659438356757164,5.596826821565628,3.825580880045891,Serie_A,7
697,Nemanja Matic,26,2199,1,0.2719022817909717,1,0.8651722613722086,10,19,5,1,M S,Sassuolo,1,0.2719022817909717,8.284463074058294,7.671334326267242,Serie_A,26
1089,Juan Cuadrado,13,377,1,0.8852794030681252,0,0.7360953977331519,8,9,3,0,D M S,Pisa,0,0.1239805938675999,1.246838239952922,0.4676263146102428,Serie_A,8
1104,Leonardo Pavoletti,13,193,1,1.3747940957546234,1,0.3619416300207376,6,2,1,0,F S,Cagliari,1,1.3747940957546234,1.7779649775475264,0.4217170421034097,Serie_A,2
1122,Manuel Locatelli,28,2311,1,1.9922326682135465,2,3.202031840570271,34,36,5,0,M,Juventus,1,1.230933832935989,16.94655504077673,14.272253653034568,Serie_A,51
1409,Nicolò Barella,27,2020,1,2.898268112912774,7,7.491370972245932,27,62,6,0,M S,Inter,1,2.898268112912774,17.602064799517393,10.7829247713089,Serie_A,26
1423,Matías Vecino,13,592,1,0.310302727855742,1,0.514578664675355,7,3,1,0,M S,Lazio,1,0.310302727855742,1.9277351731434464,1.2747041750699282,Serie_A,3
1473,Matteo Politano,27,1765,1,2.536641048267484,5,5.317002180963755,42,32,1,0,D F M S,Napoli,1,2.536641048267484,10.929122157394886,6.874431753531098,Serie_A,10
1496,Roberto Gagliardini,22,1587,1,0.8348669214174151,0,0.3848724607378244,11,9,6,0,M S,Verona,1,0.8348669214174151,2.515643624588847,1.9112665886059403,Serie_A,31
1598,Manuel De Luca,2,10,1,0.835056483745575,0,0.0,2,0,0,0,S,Cremonese,0,0.0737576633691787,0.0737576633691787,0.0,Serie_A,0
1639,Sebastiano Luperto,26,2339,1,0.8967927414923906,1,1.2335023880004885,9,5,4,0,D,"Cagliari,Cremonese",1,0.8967927414923906,4.7536614164710045,4.394506742246449,Serie_A,4
1710,Marten de Roon,26,2100,1,0.7627449203282595,1,1.314962174743414,14,18,6,1,D M S,Atalanta,1,0.7627449203282595,13.571997223421931,11.923080248758197,Serie_A,36
1836,Franco Vázquez,15,485,1,1.4491588799282908,1,1.8917765356600285,12,9,1,0,F M S,Cremonese,1,1.4491588799282908,3.0313472282141447,1.5376330390572548,Serie_A,12
2217,Antonio Sanabria,21,736,1,2.7467140927910805,1,1.9838042967021463,10,6,2,0,F S,Cremonese,1,2.7467140927910805,3.6600953321903935,0.2950637061148882,Serie_A,2
3209,Jean-Daniel Akpa-Akpro,14,931,1,0.6402966864407063,0,0.265416907146573,8,8,7,0,M S,Verona,1,0.6402966864407063,1.6625477094203234,0.9548959387466311,Serie_A,23
4918,Patrick Cutrone,15,908,1,3.271421535871923,0,0.6590696647763252,25,3,0,0,F S,Parma Calcio 1913,1,3.271421535871923,3.99916382227093,0.8263060990720987,Serie_A,1
4939,Alessandro Bastoni,24,2029,1,1.6497777961194515,4,3.027698891237378,16,23,6,0,D,Inter,1,1.6497777961194515,12.371700342744589,10.238723386079071,Serie_A,34
5133,Aarón Martín,26,1816,1,0.3767999019473791,5,5.857605990953744,6,57,2,0,D S,Genoa,1,0.3767999019473791,6.180864194408059,3.431573303416372,Serie_A,22
5136,Estupiñán,16,904,1,0.4771555783227086,1,1.551025502383709,9,12,3,1,D S,AC Milan,1,0.4771555783227086,7.358632208779454,6.782005088403821,Serie_A,0
5329,Stefan Posch,14,362,1,0.8626185804605484,0,0.1884448826313018,8,2,1,0,D S,Como,1,0.8626185804605484,2.2556511405855417,1.9920636732131245,Serie_A,12
5712,Diego Carlos,21,1563,1,1.4497368354350328,0,0.0478520281612873,5,2,6,0,D S,Como,1,1.4497368354350328,4.292886059731245,4.234387926757336,Serie_A,14
6098,Niclas Füllkrug,14,413,1,3.2800373006612062,0,1.3346828743815422,15,5,0,0,F S,AC Milan,1,2.5187384951859717,5.279085973277688,2.1573324128985405,Serie_A,1
6125,Stanislav Lobotka,24,1846,1,0.3973950408399105,1,0.5668810717761517,7,14,2,0,M S,Napoli,1,0.3973950408399105,7.439315218478441,6.647127425298095,Serie_A,12
6136,Mario Hermoso,19,1461,1,0.8410026896744967,1,0.753788054920733,9,9,6,0,D S,Roma,1,0.8410026896744967,4.078955072909594,3.73172240331769,Serie_A,14
6176,Adam Marusic,28,2395,1,1.676746222190559,2,1.515111967921257,14,8,1,1,D S,Lazio,1,1.676746222190559,6.961104060523212,5.032089175656438,Serie_A,16
6211,Mehdi Leris,27,1398,1,1.883598474785685,3,2.1867801509797573,21,21,2,0,D M S,Pisa,1,1.883598474785685,3.969547502696514,1.0310520995408297,Serie_A,25
6360,Antoine Bernede,25,1838,1,0.7658993229269981,2,1.358243901282549,16,19,1,0,M S,Verona,1,0.7658993229269981,4.913702419027686,3.154089981690049,Serie_A,31
6521,Yerry Mina,19,1532,1,0.668726896867156,0,0.3750778585672378,4,7,3,1,D,Cagliari,1,0.668726896867156,3.524174293503165,3.500513680279255,Serie_A,11
6672,Riccardo Sottil,21,1078,1,0.7569481134414673,2,3.896916251629591,20,24,1,0,F M S,Lecce,1,0.7569481134414673,2.106737073510885,0.7894598450511694,Serie_A,2
6692,Enrico Del Prato,28,2351,1,2.0670492574572563,0,0.3605306129902601,15,6,5,0,D S,Parma Calcio 1913,1,2.0670492574572563,4.070091336965561,2.9934969134628773,Serie_A,16
6696,Luca Ranieri,27,1883,1,1.947011503390968,0,1.0300525836646557,15,7,7,0,D S,Fiorentina,1,1.947011503390968,5.107792071998119,3.931588152423501,Serie_A,19
6706,Ndary Adopo,30,2399,1,2.101567542180419,1,1.4109182888641951,23,19,2,0,M S,Cagliari,1,2.101567542180419,6.234972586855292,3.917317468672991,Serie_A,0
6872,Mehmet Zeki Çelik,26,2093,1,1.3159585446119308,2,2.074697505682707,18,18,1,1,D M S,Roma,1,1.3159585446119308,9.228940166532992,7.219641342759132,Serie_A,0
6902,Toma Basic,16,1196,1,1.114882878959179,2,1.6128840250894427,26,14,0,1,M,Lazio,1,1.114882878959179,4.31541183590889,2.9055975023657084,Serie_A,12
6978,Giovanni Di Lorenzo,23,2009,1,1.6072253063321114,1,2.915825840085745,23,14,1,0,D,Napoli,1,1.6072253063321114,12.1027254126966,8.401906475424767,Serie_A,26
7224,Boulaye Dia,19,962,1,2.686111750081181,1,1.044045016169548,11,8,0,0,F M S,Lazio,1,2.686111750081181,3.743954960256815,1.362000597640872,Serie_A,7
7286,Juan Miranda,24,1898,1,0.4081823583692312,0,3.4778036698699,11,52,6,0,D S,Bologna,1,0.4081823583692312,8.915126647800207,7.035251645371318,Serie_A,18
7379,Nicolo Fagioli,27,2092,1,1.6175493113696575,3,4.684831842780113,28,59,4,0,M S,Fiorentina,1,1.6175493113696575,13.302672434598207,9.47222764790058,Serie_A,22
7500,Giacomo Raspadori,5,270,1,1.5886186063289642,1,0.4990691989660263,10,6,0,0,M S,Atalanta,1,1.5886186063289642,2.386075392365456,0.4707168191671371,Serie_A,1
7530,Samuele Ricci,25,1032,1,2.019786413758993,3,2.369414990767837,16,16,1,0,M S,AC Milan,1,2.019786413758993,8.429257724434137,5.196633657440543,Serie_A,8
7912,Eljif Elmas,26,1559,1,2.991821128875017,2,1.503699623979628,20,20,2,0,F M S,Napoli,1,2.991821128875017,7.150310713797808,3.7709850799292326,Serie_A,0
7924,Amir Rrahmani,16,1367,1,0.6683423817157745,1,0.1065716929733753,8,3,2,0,D,Napoli,1,0.6683423817157745,7.250928539782762,7.073193896561861,Serie_A,12
7988,Billy Gilmour,14,700,1,0.5162047650665045,0,0.4551220284774899,9,5,1,0,M S,Napoli,1,0.5162047650665045,3.6984103694558144,2.893214013427496,Serie_A,6
8090,Lloyd Kelly,27,2293,1,0.5868196794763207,0,0.7107013165950775,12,6,4,0,D S,Juventus,1,0.5868196794763207,8.606732938438654,8.042451184242964,Serie_A,25
8163,Daniel Maldini,16,775,1,1.9558335468173027,1,1.1871156906709075,19,11,1,0,F M S,"Atalanta,Lazio",1,1.9558335468173027,3.853467386215925,1.7291111163794994,Serie_A,9
8313,Pierre Kalulu Kyatengwa,29,2561,1,1.085379622876644,3,4.508488772436976,10,34,1,1,D,Juventus,1,1.085379622876644,13.355783460661767,10.459091110154986,Serie_A,0
8513,Miguel Gutiérrez,20,982,1,0.4679034370929003,1,0.9295936338603497,11,12,0,0,D S,Napoli,1,0.4679034370929003,4.518561000004411,3.8403091225773096,Serie_A,16
8626,Nikola Moro,23,1448,1,0.7205680292099714,0,1.107688176445663,16,18,1,0,M S,Bologna,1,0.7205680292099714,4.535970402881503,3.646561272442341,Serie_A,6
8771,Yunus Musah,17,504,1,0.6885600984096527,0,0.7158418446779251,6,3,1,0,D M S,"AC Milan,Atalanta",1,0.6885600984096527,3.6722161434590816,2.3055576533079147,Serie_A,1
8980,Luis Henrique,25,1421,1,1.0236223861575129,2,2.095383860170841,14,21,1,0,D S,Inter,1,1.0236223861575129,8.052453186362982,5.389958821237087,Serie_A,14
9714,Odilon Kossounou,15,893,1,0.2642052415758371,0,0.1952001675963401,5,3,1,0,D S,Atalanta,1,0.2642052415758371,3.669690446928144,3.3775696624070406,Serie_A,12
9840,Denzel Dumfries,14,936,1,2.3977499287575483,0,1.375735875219107,12,12,2,0,D S,Inter,1,2.3977499287575483,6.319389067590237,2.8398958891630173,Serie_A,8
9876,Alessandro Zanoli,19,1314,1,0.0999864116311073,2,1.5538526717573404,3,15,1,0,D M S,Udinese,1,0.0999864116311073,3.543575694784522,2.3799541387706995,Serie_A,18
9882,Dennis Johnsen,11,390,1,0.736239617690444,1,0.6198056861758232,5,4,0,0,F M S,Cremonese,1,0.736239617690444,1.291289635002613,0.0665459930896759,Serie_A,2
9893,Youssef Maleh,17,1154,1,1.046382313594222,0,0.6260567232966423,17,8,3,0,M S,"Cremonese,Lecce",1,1.046382313594222,2.132832540199161,1.2307386957108974,Serie_A,8
9905,David Okereke,4,150,1,0.4829689562320709,0,0.012681177817285,4,1,0,0,F S,Cremonese,1,0.4829689562320709,0.5987084927037358,0.1395117091014981,Serie_A,0
9924,Fabiano Parisi,20,1389,1,1.1425297418609262,1,1.918891154229641,22,19,5,0,D F M S,Fiorentina,1,1.1425297418609262,6.439637985080481,4.246202871203423,Serie_A,13
9951,Tommaso Baldanzi,14,562,1,1.4253560900688171,0,0.6739449314773083,12,9,2,0,F M S,"Genoa,Roma",1,1.4253560900688171,3.341188170015812,1.7822971791028976,Serie_A,2
9964,Koni de Winter,22,1542,1,0.7965529607608914,1,0.6188074201345444,7,3,1,0,D S,AC Milan,1,0.7965529607608914,7.002009889110923,6.858212118968368,Serie_A,15
9966,Fabio Miretti,18,533,1,1.5747880320996046,2,1.1659217458218336,16,10,1,0,M S,Juventus,1,1.5747880320996046,4.947078760713339,2.557079896330833,Serie_A,8
9996,Abdou Harroui,19,723,1,1.1467182114720345,0,0.5734160784631968,10,10,2,0,M S,Verona,0,0.3854193761944771,3.094703394919634,2.2372726993635297,Serie_A,14
10084,Cristian Volpato,16,732,1,0.8392908368259668,4,2.3240500343963504,12,14,2,0,F S,Sassuolo,1,0.8392908368259668,4.290837991982698,1.5352436434477568,Serie_A,7
10090,Iker Bravo,8,199,1,0.4611617363989353,0,0.2224262617528438,4,3,1,0,F S,Udinese,1,0.4611617363989353,0.7864157892763615,0.2029806226491928,Serie_A,1
10172,Jonathan Rowe,20,1168,1,3.33546612598002,1,2.0155064929276705,34,16,2,0,F M S,Bologna,1,3.33546612598002,6.327710347250104,1.274497114121914,Serie_A,11
10241,Antonio Vergara,11,616,1,0.7055973187088966,2,0.8353275340050459,10,11,2,0,M S,Napoli,1,0.7055973187088966,1.9738178700208664,0.6202746126800776,Serie_A,9
10365,Morten Frendrup,29,2470,1,0.2742339605465531,0,1.241470517590642,8,10,3,0,M S,Genoa,1,0.2742339605465531,5.047194957733154,3.815761424601078,Serie_A,57
10383,Michel Aebischer,28,2309,1,0.6022620284929872,1,2.3389649195596576,13,27,5,0,M S,Pisa,1,0.6022620284929872,7.534410196356475,5.912059081718326,Serie_A,34
10404,Éderson,23,1710,1,4.378498808480799,0,1.4682106971740725,26,18,1,0,M S,Atalanta,0,3.617199973203242,11.20653274655342,8.547647066414356,Serie_A,25
10832,Loïs Openda,23,629,1,3.646697736345232,0,0.5982526540756226,25,8,0,0,F M S,Juventus,1,3.646697736345232,5.030778467655182,1.0973882721737027,Serie_A,0
10891,Carlos Augusto,27,1231,1,1.6097844615578651,1,1.1390730757266283,13,11,5,0,D S,Inter,1,1.6097844615578651,9.91204072535038,8.184647880494595,Serie_A,18
10899,Emirhan Ilkhan,14,702,1,1.323092428036034,1,0.5687900008633733,8,9,2,1,M S,Torino,1,1.323092428036034,2.1687495298683643,1.9178736507892609,Serie_A,14
10935,Dodô,29,2528,1,1.2677032696083188,2,4.076500793918967,20,41,6,0,D M,Fiorentina,1,1.2677032696083188,11.310008766129611,8.461467888206244,Serie_A,13
10956,Emil Holm,12,707,1,0.9091850593686104,4,2.0479349102824926,9,7,1,1,D S,"Bologna,Juventus",1,0.9091850593686104,3.079059747979045,2.0712704844772816,Serie_A,13
10957,Mikael Ellertsson,29,2184,1,2.028130777180195,1,2.442564856261015,24,15,1,0,D M S,Genoa,1,2.028130777180195,5.331594729796052,2.3937718318775296,Serie_A,24
10985,Sulemana,12,644,1,1.5525268707424402,0,0.0813498618081212,8,4,2,0,M S,"Bologna,Cagliari",1,1.5525268707424402,1.8684906717389824,1.239088773727417,Serie_A,0
11038,Jhon Lucumí,22,1652,1,1.2083417065441608,0,0.1424706280231475,7,5,4,0,D S,Bologna,1,1.2083417065441608,5.272717237472534,5.208572767674923,Serie_A,16
11039,Lewis Ferguson,20,1175,1,0.5634688977152109,0,1.4110879134386778,10,13,5,0,M S,Bologna,1,0.5634688977152109,4.445589780807495,3.862183902412653,Serie_A,12
11053,Isak Hien,25,1739,1,1.0443096067756414,0,0.0597530007362365,8,1,4,0,D S,Atalanta,1,1.0443096067756414,5.355892892926931,5.296139862388372,Serie_A,31
11306,Cyril Ngonge,20,987,1,2.7625477351248264,1,0.5623787045478821,24,12,2,0,F S,Torino,1,2.7625477351248264,4.732533551752567,1.595635703764856,Serie_A,2
11470,Niccolò Pisilli,17,746,1,1.37454941496253,2,1.216961640864611,12,8,1,0,M S,Roma,1,1.37454941496253,5.000836547464132,3.40941071882844,Serie_A,9
11551,Marco Palestra,29,2517,1,1.154845249839127,4,3.621552729047835,20,25,3,0,D F M S,Cagliari,1,1.154845249839127,6.494496325030923,3.0871454449370503,Serie_A,28
11741,Saúl Coco,27,2430,1,1.0719499848783016,1,0.5324111431837082,14,9,2,0,D,Torino,1,1.0719499848783016,4.330676132813096,3.999336378648877,Serie_A,28
11902,Pietro Comuzzo,22,1436,1,0.7991757988929749,0,0.0443671131506562,9,3,2,0,D S,Fiorentina,1,0.7991757988929749,5.675231782719493,5.553833829239011,Serie_A,14
11936,Lorenzo Lucca,16,381,1,1.9075428172945976,0,0.664022158831358,15,2,1,0,F S,Napoli,1,1.9075428172945976,3.879144091159105,1.38358985632658,Serie_A,0
11945,Ylber Ramadani,29,2538,1,0.9879165403544904,0,0.7613513600081205,27,13,7,0,M,Lecce,1,0.9879165403544904,4.759558670222759,3.3664613235741854,Serie_A,39
11958,Gaetano Oristanio,19,844,1,2.3994482420384884,0,0.6013111472129822,23,10,1,0,F M S,Parma Calcio 1913,1,2.3994482420384884,3.5321153216063976,0.7341090142726898,Serie_A,6
11959,Matteo Prati,27,1638,1,1.4402673738077283,0,1.46558759175241,27,11,4,0,M S,"Cagliari,Torino",1,1.4402673738077283,4.356787400320172,2.664266414940357,Serie_A,1
11989,Walid Cheddira,25,687,1,2.103432487696409,0,0.335097448900342,18,7,1,0,F S,"Lecce,Sassuolo",1,2.103432487696409,2.922782400622964,0.9365257192403078,Serie_A,0
12081,Assane Diao,9,443,1,1.0109610632061958,1,0.9118638392537832,12,4,0,0,M S,Como,1,1.0109610632061958,2.289371214807033,0.551249772310257,Serie_A,0
12084,Martín Payero,20,1282,1,1.2870119623839855,0,0.4457632284611463,20,9,7,0,M S,Cremonese,1,1.2870119623839855,2.6938308607786894,1.821513564325869,Serie_A,9
12218,Francesco Camarda,17,631,1,2.207225671038032,0,0.5676710531115532,13,3,1,0,F S,Lecce,1,1.4459268357604742,1.4730745796114206,0.6394962444901466,Serie_A,1
12362,Santiago Pierotti,29,1964,1,2.579182499088347,0,1.3830935079604387,23,17,2,0,F M S,Lecce,1,2.579182499088347,4.689913489855826,1.8729462968185544,Serie_A,38
12365,Alieu Njie,9,100,1,0.6551843285560608,1,0.1338466573506593,2,2,1,0,F S,Torino,1,0.6551843285560608,1.3292811010032892,0.5402501225471497,Serie_A,0
12783,Alessandro Circati,23,1947,1,0.5512313488870859,0,0.2192673133686185,5,7,5,0,D,Parma Calcio 1913,1,0.5512313488870859,3.4198946822434664,2.895402004942298,Serie_A,15
12853,Jesper Karlström,30,2653,1,0.6514395689591765,0,0.8111305115744472,15,14,4,0,M,Udinese,1,0.6514395689591765,6.169005610048771,5.129974300041795,Serie_A,29
13059,Jesús Rodriguez,26,1540,1,3.7482339087873697,7,5.440101124346256,42,32,2,1,F M S,Como,1,3.7482339087873697,11.93307127803564,4.104817010462284,Serie_A,16
13072,Vasilije Adzic,10,142,1,0.2269967542961239,0,0.1822816953063011,6,4,0,0,M S,Juventus,1,0.2269967542961239,0.4783124085515737,0.3747101770713925,Serie_A,2
13172,Adrian Benedyczak,14,476,1,1.9938557110726836,1,1.453725766390562,8,9,1,0,F S,Parma Calcio 1913,0,1.2325568906962872,2.225842133164406,0.817415039986372,Serie_A,6
13330,Robinio Vaz,7,118,1,0.6552822887897491,0,0.0,5,0,0,0,S,Roma,1,0.6552822887897491,0.7226787954568863,0.1572361700236797,Serie_A,0
13396,Tiago Gabriel,30,2593,1,3.2246458996087317,0,0.0,18,0,4,0,D S,Lecce,1,3.2246458996087317,2.3497046353295445,2.257640135474503,Serie_A,35
13875,Jamil Siebert,13,981,1,0.4473343342542648,0,0.1182781346142292,4,2,2,0,D S,Lecce,1,0.4473343342542648,0.7243280075490475,0.5662604384124279,Serie_A,10
13881,Noa Lang,18,645,1,1.3651904631406069,2,1.9749588575214148,9,14,2,0,F M S,Napoli,1,1.3651904631406069,4.173819866031408,2.764019284397364,Serie_A,8
13896,Zachary Athekame,20,476,1,0.2241276577115059,2,1.2406576350331306,7,8,3,0,D S,AC Milan,1,0.2241276577115059,2.4804006814956665,1.4716791920363903,Serie_A,4
13898,Jari Vandeputte,25,1603,1,1.9311229083687067,4,5.096642941236496,17,46,2,0,M S,Cremonese,1,1.9311229083687067,6.187128832563758,3.624284166842699,Serie_A,19
13901,Francesco Folino,16,660,1,0.3466941714286804,0,0.0160723198205232,1,1,0,0,D S,Cremonese,1,0.3466941714286804,0.5631355363875628,0.5631355363875628,Serie_A,4
13933,Nicolas Kühn,21,626,1,0.9032431282103062,1,1.4387495424598455,8,11,0,0,M S,Como,1,0.9032431282103062,3.956491278484464,1.7785002309828997,Serie_A,0
13938,Idrissa Touré,25,1995,1,2.2981426808983088,0,2.9721209090203047,26,18,3,1,D M S,Pisa,1,2.2981426808983088,5.939652271568775,2.9258711226284504,Serie_A,25
13948,Christian Ordóñez,20,726,1,0.2571211596950888,0,0.1315598208457231,6,2,3,1,M S,Parma Calcio 1913,1,0.2571211596950888,1.0411626007407904,0.7783637577667832,Serie_A,5
13949,Oliver Sørensen,28,1746,1,2.032379439100623,0,0.2059191027656197,14,7,2,0,D M S,Parma Calcio 1913,1,2.032379439100623,4.455620577558875,2.8417021799832582,Serie_A,0
13955,Jakub Piotrowski,26,1356,1,2.3272112123668194,1,0.7109810505062342,26,11,2,0,M S,Udinese,1,2.3272112123668194,5.333279533311725,2.8229552591219544,Serie_A,20
13964,Petar Sucic,27,1293,1,1.9561552703380585,2,2.7749654836952686,18,22,4,0,M S,Inter,1,1.9561552703380585,11.65479837730527,7.895307708531618,Serie_A,16
13965,Edoardo Iannoni,14,222,1,0.7571988552808762,0,0.0,3,0,3,0,M S,Sassuolo,1,0.7571988552808762,0.834595462307334,0.0773966070264577,Serie_A,3
13979,Mariano Troilo,14,1001,1,0.8737117238342762,0,0.5921033723279834,7,6,4,2,D S,Parma Calcio 1913,1,0.8737117238342762,1.3918280471116304,0.924588424153626,Serie_A,12
14046,Lorran,8,86,1,0.7093146331608295,0,0.0623323693871498,3,1,0,0,S,Pisa,1,0.7093146331608295,0.907572627067566,0.1359256170690059,Serie_A,3
14264,Yael Trepy,7,67,1,0.4812833853065967,0,0.1456443965435028,5,2,0,0,S,Cagliari,1,0.4812833853065967,0.5607225764542818,0.0,Serie_A,0
14351,Rafiu Durosinmi,9,389,1,0.4681781344115734,1,0.0583974793553352,6,2,0,1,F S,Pisa,1,0.4681781344115734,0.5316277295351028,0.1087321639060974,Serie_A,0
14369,Felipe Loyola,6,352,1,0.5993520775809884,0,0.0462871342897415,7,2,0,0,M S,Pisa,1,0.5993520775809884,0.8389235436916351,0.267448753118515,Serie_A,5
14417,Kieron Bowie,7,581,1,2.021906264126301,0,0.0732683688402175,12,3,1,0,F,Verona,1,2.021906264126301,2.2716801948845387,0.1765056019648909,Serie_A,1
199,Yann Sommer,28,2520,0,0.0,0,0.0,0,0,0,0,GK,Inter,0,0.0,6.032892629504204,6.032892629504204,Serie_A,0
342,Sead Kolasinac,13,852,0,0.122791800647974,0,0.0,3,0,3,0,D S,Atalanta,0,0.122791800647974,3.5600928403437138,3.5281951054930687,Serie_A,14
399,Ulisses García,7,477,0,0.0,1,1.0943591222167015,0,4,2,0,D S,Sassuolo,0,0.0,1.8642423450946808,1.0022000670433044,Serie_A,5
546,David de Gea,30,2700,0,0.0,0,0.0263757612556219,0,1,0,0,GK,Fiorentina,0,0.0,3.9899867735803127,3.9636110179126254,Serie_A,0
557,Matteo Darmian,3,66,0,0.0,0,0.0,0,0,0,0,S,Inter,0,0.0,0.2915777489542961,0.2915777489542961,Serie_A,0
703,Fikayo Tomori,27,2149,0,0.594410877674818,2,1.0016300892457366,9,4,5,0,D S,AC Milan,0,0.594410877674818,8.144813168793917,6.703950326889753,Serie_A,36
1040,Angelino,6,417,0,0.2062846384942531,0,0.2804895751178264,4,5,2,0,D M S,Roma,0,0.2062846384942531,0.7635296545922756,0.6207265220582485,Serie_A,6
1093,Mattia Perin,7,630,0,0.0,0,0.0817599296569824,0,1,0,0,GK,Juventus,0,0.0,2.292950129136443,2.2111901994794607,Serie_A,0
1119,Alessio Romagnoli,25,2071,0,1.4343700930476189,0,0.0711084343492984,6,3,6,0,D S,Lazio,0,1.4343700930476189,4.345794660970569,4.298786994069815,Serie_A,13
1158,Simone Scuffet,7,630,0,0.0,0,0.0,0,0,0,0,GK,Pisa,0,0.0,0.5827806890010834,0.5827806890010834,Serie_A,0
1164,Cristiano Biraghi,11,457,0,0.0619102343916893,0,0.3642315156757831,2,7,0,0,D M S,Torino,0,0.0619102343916893,0.7062440980225801,0.4560871068388223,Serie_A,7
1193,Lorenzo De Silvestri,9,319,0,0.0,0,0.1353767532855272,0,4,2,0,D S,Bologna,0,0.0,0.2855164911597967,0.1501397397369146,Serie_A,0
1195,Daniele Padelli,2,180,0,0.0,0,0.0,0,0,0,0,GK,Udinese,0,0.0,0.0,0.0,Serie_A,0
1204,Patric,9,366,0,0.0564758088439703,0,0.0206832662224769,2,1,1,0,D M S,Lazio,0,0.0564758088439703,1.2140182740986347,1.1368591897189615,Serie_A,0
1209,Ciro Immobile,6,185,0,0.062911570072174,0,0.0633853375911712,2,1,1,0,F S,Bologna,0,0.062911570072174,0.2141840010881424,0.1259481459856033,Serie_A,0
1247,Juan Jesus,21,1496,0,0.2074212320148944,0,0.2721040360629558,3,4,8,1,D S,Napoli,0,0.2074212320148944,6.290183885022998,6.04958008043468,Serie_A,20
1252,Stephan El Shaarawy,14,415,0,1.3363066464662552,2,1.204070582985878,13,8,2,0,F M S,Roma,0,1.3363066464662552,3.3234981931746006,1.8536158818751571,Serie_A,5
1253,Edin Dzeko,11,220,0,0.2566082924604416,0,0.1747721321880817,4,2,1,0,F S,Fiorentina,0,0.2566082924604416,0.5696598142385483,0.4145629592239856,Serie_A,1
1264,Edoardo Goldaniga,2,12,0,0.0,0,0.0,0,0,0,0,S,Como,0,0.0,0.0,0.0,Serie_A,0
1281,Giuseppe Pezzella,23,1909,0,0.0843966659158468,1,1.3982021063566208,3,20,8,1,D M S,Cremonese,0,0.0843966659158468,4.201057339087129,3.105395680293441,Serie_A,24
1301,Daniele Rugani,8,348,0,0.0,0,0.0,0,0,1,0,D S,"Fiorentina,Juventus",0,0.0,0.5475068083032966,0.5475068083032966,Serie_A,3
1302,Emil Audero,26,2340,0,0.0,0,0.0,0,0,0,0,GK,Cremonese,0,0.0,0.5217910157516599,0.5217910157516599,Serie_A,0
1305,Lukasz Skorupski,17,1414,0,0.0,0,0.0,0,0,1,1,GK,Bologna,0,0.0,1.2822531312704086,1.2822531312704086,Serie_A,0
1370,Federico Ceccherini,9,475,0,0.1904537454247474,1,0.4168538190424442,5,2,1,1,D S,Cremonese,0,0.1904537454247474,0.7198278941214085,0.6481388285756111,Serie_A,2
1375,Elseid Hysaj,4,159,0,0.0,0,0.0,0,0,0,0,D S,Lazio,0,0.0,0.0130727738142013,0.0130727738142013,Serie_A,0
1441,Adam Masina,5,224,0,0.0,1,0.4117826772853732,0,2,0,0,D S,Torino,0,0.0,0.4252637103199959,0.4128632396459579,Serie_A,4
1461,Pol Lirola,4,238,0,0.0,0,0.0141920242458581,0,1,1,0,D S,Verona,0,0.0,0.0730011239647865,0.0588091015815734,Serie_A,3
1463,Francesco Acerbi,14,1020,0,0.370837839320302,1,0.6485349498689175,3,3,1,0,D S,Inter,0,0.370837839320302,3.57394565269351,3.4754573814570904,Serie_A,8
1488,Remo Freuler,21,1538,0,0.1988130025565624,2,0.6452827407047153,5,14,5,0,M S,Bologna,0,0.1988130025565624,6.0551743125543,5.645957698114216,Serie_A,29
1504,Alberto Grassi,22,1186,0,0.6499404003843665,0,0.1751287691295147,8,3,3,0,M S,Cremonese,0,0.6499404003843665,2.8635879131034017,2.1306418729946017,Serie_A,8
1541,Stefan de Vrij,8,412,0,0.3111413465812802,0,0.0188968069851398,5,1,1,0,D S,Inter,0,0.3111413465812802,4.185671329498291,4.110303044319153,Serie_A,7
1544,Federico Ravaglia,14,1198,0,0.0,0,0.0,0,0,3,0,GK S,Bologna,0,0.0,0.8286148328334093,0.8286148328334093,Serie_A,1
1583,Arkadiusz Milik,1,10,0,0.2478282451629638,0,0.0,1,0,0,0,S,Juventus,0,0.2478282451629638,0.0277237091213464,0.0277237091213464,Serie_A,0
1588,Raúl Albiol,8,494,0,0.0676460266113281,1,0.9096565768122672,1,3,1,0,D S,Pisa,0,0.0676460266113281,0.972431879490614,0.8516329564154148,Serie_A,4
1634,Alessandro Deiola,13,980,0,0.2729058982804417,2,0.3968440005555749,6,5,3,0,D M S,Cagliari,0,0.2729058982804417,2.52061996050179,2.094410659745336,Serie_A,17
1804,Álvaro Morata,19,785,0,4.535538414493203,1,0.6983042731881142,22,8,1,1,F S,Como,0,3.774239609017968,3.2275074385106564,0.6128010293468833,Serie_A,8
1843,Matteo Bianchetti,22,1792,0,0.340632414445281,2,0.4877564660273492,6,4,3,0,D S,Cremonese,0,0.340632414445281,3.122514196671545,2.8200189555063844,Serie_A,27
1873,Nicola Leali,20,1712,0,0.0,0,0.1997857615351677,0,2,2,1,GK,Genoa,0,0.0,0.939045364037156,0.7392595950514078,Serie_A,0
1892,Alex Meret,9,810,0,0.0,1,0.2711901664733886,0,1,1,0,GK,Napoli,0,0.0,1.1581390500068665,1.1581390500068665,Serie_A,0
1898,Stefano Sabelli,11,522,0,0.2754324674606323,0,0.1047141477465629,3,2,0,0,D S,Genoa,0,0.2754324674606323,2.292382494546473,1.9935717368498445,Serie_A,10
1922,Daniele Sommariva,2,176,0,0.0,0,0.0,0,0,0,0,GK S,Genoa,0,0.0,0.0383542366325855,0.0383542366325855,Serie_A,0
1927,Berat Gjimshiti,27,2009,0,0.8740492863580585,0,0.3097732849419117,11,4,2,0,D S,Atalanta,0,0.8740492863580585,7.873233009129763,7.334867302328348,Serie_A,0
2012,Nicholas Pierini,11,116,0,0.3286344055086374,0,0.1156127247959375,5,4,1,0,S,Sassuolo,0,0.3286344055086374,0.1829208685085177,0.0,Serie_A,4
2058,Filippo Romagna,4,258,0,0.0468942187726497,0,0.0,2,0,0,0,D S,Sassuolo,0,0.0468942187726497,0.3252820125780999,0.3252820125780999,Serie_A,1
2104,Sergi Roberto,15,420,0,1.0290934816002846,0,0.2419510819017887,5,6,3,0,M S,Como,0,1.0290934816002846,3.800116146914661,3.2471397276967764,Serie_A,5
3278,Maxwel Cornet,7,104,0,1.429563120007515,0,0.2333825789391994,4,5,0,0,M S,Genoa,0,0.6682642847299576,0.7340375445783138,0.0144572537392377,Serie_A,3
3363,Benjamin Pavard,1,90,0,0.046149093657732,0,0.0267517808824777,1,1,0,0,D,Inter,0,0.046149093657732,0.6803727149963379,0.6803727149963379,Serie_A,1
3729,Hassane Kamara,19,1313,0,0.5203751660883427,1,1.210734562948346,13,13,4,0,D M S,Udinese,0,0.5203751660883427,3.7451569326221934,2.92488475330174,Serie_A,15
3737,Mike Maignan,29,2576,0,0.0,0,0.0,0,0,3,0,GK,AC Milan,0,0.0,4.3357283640652895,4.3357283640652895,Serie_A,0
3856,Milan Djuric,19,349,0,0.747656125575304,1,0.7613420076668262,13,5,1,0,F S,"Cremonese,Parma Calcio 1913",0,0.747656125575304,2.0868787951767445,0.8760578818619251,Serie_A,0
3965,Arturo Calabresi,20,1096,0,0.2407729886472225,0,0.0651397965848445,4,4,5,0,D S,Pisa,0,0.2407729886472225,1.5577398966997862,1.4870910933241248,Serie_A,8
4911,Alessio Zerbin,25,1333,0,1.710144093260169,2,2.340617520734668,18,13,1,0,D M S,Cremonese,0,1.710144093260169,4.909600234590471,1.93684624414891,Serie_A,19
4920,Matteo Gabbia,24,1991,0,1.4391436912119389,0,0.0519444094970822,18,2,3,0,D S,AC Milan,0,1.4391436912119389,6.630821013823152,6.339190984144807,Serie_A,10
4951,Grigoris Kastanos,6,31,0,0.0280074756592512,0,0.0396810844540596,1,1,0,0,S,Verona,0,0.0280074756592512,0.0280074756592512,0.0,Serie_A,3
4970,Luca Pellegrini,21,1227,0,0.5136015443131328,0,0.7242582608014345,5,13,6,0,D S,Lazio,0,0.5136015443131328,3.612673718482256,3.12665606290102,Serie_A,13
4981,Davide Frattesi,18,473,0,1.930541589856148,0,0.5798975229263306,13,4,0,0,M S,Inter,0,1.930541589856148,3.3776875361800194,0.9985411055386066,Serie_A,6
4984,Wladimiro Falcone,30,2700,0,0.0,0,0.0365259833633899,0,1,2,0,GK,Lecce,0,0.0,0.5252775978296995,0.4887516144663095,Serie_A,2
4990,Marius Marin,23,1307,0,0.0855703866109252,0,0.0219777524471282,3,2,7,0,M S,Pisa,0,0.0855703866109252,3.226825973019004,3.1192778795957565,Serie_A,26
5025,Alessandro Buongiorno,26,1926,0,1.5551931895315647,1,0.2635176181793213,6,1,2,0,D S,Napoli,0,1.5551931895315647,5.5308102034032345,5.5308102034032345,Serie_A,19
5221,Leon Bailey,7,184,0,0.1348361037671566,0,0.0624751690775156,3,2,0,0,F S,Roma,0,0.1348361037671566,0.5365037806332111,0.4638566896319389,Serie_A,4
5509,Hernani,4,58,0,0.0357290841639041,0,0.0266059823334217,1,1,0,0,S,Parma Calcio 1913,0,0.0357290841639041,0.0779976248741149,0.0513916425406932,Serie_A,0
5610,Jean Butez,30,2700,0,0.0,0,0.1013142541050911,0,1,3,0,GK,Como,0,0.0,6.152921078726649,6.051606824621558,Serie_A,1
5996,Adrien Tameze,22,1103,0,0.2225745106115937,0,0.2651061238721013,5,8,3,0,D M S,Torino,0,0.2225745106115937,3.49803966190666,3.15995731856674,Serie_A,12
6129,Nícolas,6,540,0,0.0,0,0.0,0,0,0,0,GK,Pisa,0,0.0,0.0721409525722265,0.0721409525722265,Serie_A,0
6132,Marco Silvestri,4,360,0,0.0,0,0.0,0,0,0,0,GK,Cremonese,0,0.0,0.0331612043082714,0.0331612043082714,Serie_A,0
6149,Unai Núñez,17,1263,0,0.2986309919506311,0,0.1526594869792461,7,5,6,0,D S,Verona,0,0.2986309919506311,2.789568616077304,2.5562163945287466,Serie_A,7
6159,Gianluca Mancini,29,2547,0,0.9570232704281808,2,2.683036383241415,15,20,9,0,D,Roma,0,0.9570232704281808,10.335981607437134,9.086217194795609,Serie_A,23
6167,Vanja Milinkovic-Savic,21,1890,0,0.0,0,0.1963787749409675,0,2,0,0,GK,Napoli,0,0.0,3.56961552798748,3.3732367530465126,Serie_A,0
6180,Manuel Lazzari,16,596,0,0.0121837304905056,0,0.12791617680341,1,2,2,0,D S,Lazio,0,0.0121837304905056,0.777458337135613,0.6495421649888158,Serie_A,4
6296,Abdelhamid Sabiri,1,24,0,0.0129246171563863,0,0.1448271870613098,1,3,0,0,S,Fiorentina,0,0.0129246171563863,0.0891875401139259,0.0762629210948944,Serie_A,2
6352,Valentino Lazaro,27,2062,0,0.4090384617447853,2,2.362517425790429,7,24,4,0,D M S,Torino,0,0.4090384617447853,5.018229080364108,3.7269982397556314,Serie_A,25
6368,Mathías Olivera,19,966,0,1.6962441354990003,0,0.2783426139503717,5,5,3,0,D S,Napoli,0,1.6962441354990003,4.264977850019932,3.1836858112365007,Serie_A,16
6412,Raoul Bellanova,18,1161,0,0.5010053906589746,1,1.3496409468352797,13,19,1,0,D M S,Atalanta,0,0.5010053906589746,4.673402644693852,3.562631443142891,Serie_A,8
6517,Charalampos Lykogiannis,10,627,0,0.2231357134878635,1,1.4965692646801472,7,13,3,0,D S,Bologna,0,0.2231357134878635,1.564978839829564,0.9745610002428292,Serie_A,0
6929,Adrian Semper,17,1530,0,0.0,0,0.0,0,0,0,0,GK,Pisa,0,0.0,0.5546716907992959,0.5546716907992959,Serie_A,0
6977,Pietro Terracciano,2,124,0,0.0,0,0.0,0,0,0,0,GK S,AC Milan,0,0.0,0.3073457181453705,0.3073457181453705,Serie_A,0
6982,Ivan Provedel,27,2430,0,0.0,0,0.2273319959640503,0,1,1,0,GK,Lazio,0,0.0,2.789876733906567,2.562544737942517,Serie_A,0
7027,Arijanet Muric,29,2610,0,0.0,0,0.0334668159484863,0,1,4,0,GK,Sassuolo,0,0.0,3.1163453068584204,3.1163453068584204,Serie_A,0
7074,Nicolás González,2,14,0,0.0817915219813585,0,0.0379214473068714,2,1,0,0,S,Juventus,0,0.0817915219813585,0.0602401793003082,0.0,Serie_A,13
7087,Elia Caprile,30,2700,0,0.0,0,0.1229132413864135,0,1,2,0,GK,Cagliari,0,0.0,1.9470807537436483,1.824167512357235,Serie_A,0
7091,Christian Kouamé,2,16,0,0.0,0,0.0,0,0,0,0,S,Fiorentina,0,0.0,0.1350783556699752,0.1350783556699752,Serie_A,1
7208,Samuel Chukwueze,1,23,0,0.0,0,0.0,0,0,0,0,S,AC Milan,0,0.0,0.0210899077355861,0.0210899077355861,Serie_A,4
7411,Nicolo Rovella,8,339,0,0.0171176232397556,1,1.4522087695077062,1,12,1,0,M S,Lazio,0,0.0171176232397556,1.3665490439161658,1.1466406797990203,Serie_A,9
7483,Hans Nicolussi Caviglia,18,830,0,0.4494147542864084,3,1.5578396376222372,11,15,4,0,M S,"Fiorentina,Parma Calcio 1913",0,0.4494147542864084,2.61958540789783,1.7968983594328165,Serie_A,7
7627,Andrea Ghion,1,7,0,0.0,0,0.0,0,0,0,0,S,Sassuolo,0,0.0,0.1192885860800743,0.1192885860800743,Serie_A,1
7755,Domagoj Bradaric,23,1798,0,0.4716797191649675,0,2.4106087973341346,9,22,2,0,D M S,Verona,0,0.4716797191649675,5.495370498858392,3.0291718365624547,Serie_A,18
7758,Cheikh Niasse,20,973,0,0.1757795037701726,1,0.5936807617545128,6,11,1,0,D M S,Verona,0,0.1757795037701726,2.713234404101968,2.0721419416368008,Serie_A,14
7785,Kingsley Ehizibue,25,1226,0,0.3431939296424389,0,0.1647428441792726,2,4,3,0,D M S,Udinese,0,0.3431939296424389,1.6036523785442114,1.1142144463956356,Serie_A,21
7944,Gabriel Strefezza,7,544,0,0.395377179607749,1,0.5083162719383836,13,8,1,0,F S,Parma Calcio 1913,0,0.395377179607749,1.7981570810079577,1.578442819416523,Serie_A,5
8009,Antonino Gallo,30,2482,0,0.7666580146178603,3,2.096541873179376,5,26,2,0,D S,Lecce,0,0.7666580146178603,3.773057079873979,2.7528889067471027,Serie_A,35
8030,Sebastian Walukiewicz,28,2353,0,0.1482371054589748,1,1.620665866881609,6,19,6,0,D S,Sassuolo,0,0.1482371054589748,6.753360755275935,5.558366795536131,Serie_A,28
8101,Stefano Turati,1,90,0,0.0,0,0.0,0,0,0,0,GK,Sassuolo,0,0.0,0.0071920319460332,0.0071920319460332,Serie_A,0
8109,Niels Nkounkou,9,313,0,0.1008736714720726,1,0.6745163174346089,3,6,2,0,D S,Torino,0,0.1008736714720726,0.9245801521465182,0.1873615216463804,Serie_A,8
8226,Tariq Lamptey,2,22,0,0.0,0,0.1245279237627983,0,2,0,0,M S,Fiorentina,0,0.0,0.1245279237627983,0.0,Serie_A,2
8241,Balthazar Pierret,3,20,0,0.0,0,0.0,0,0,0,0,S,Lecce,0,0.0,0.0,0.0,Serie_A,1
8290,Edoardo Corvi,16,1440,0,0.0,0,0.0,0,0,1,0,GK,Parma Calcio 1913,0,0.0,1.1205426268279552,1.1205426268279552,Serie_A,0
8303,Marin Pongracic,28,2474,0,0.592979246750474,0,0.6049607004970312,8,5,9,0,D,Fiorentina,0,0.592979246750474,6.492925168946385,6.154317501932383,Serie_A,13
8321,Razvan Sava,7,620,0,0.0,0,0.0,0,0,1,0,GK S,Udinese,0,0.0,0.177310274913907,0.177310274913907,Serie_A,0
8326,Maduka Okoye,22,1896,0,0.0,0,0.0163314696401357,0,1,1,1,GK,Udinese,0,0.0,1.5935014430433512,1.5771699734032154,Serie_A,0
8330,Jean Onana,2,13,0,0.0195505674928426,0,0.0138853043317794,1,1,0,0,S,Genoa,0,0.0195505674928426,0.0334358718246221,0.0,Serie_A,1
8380,Pablo Marí,11,810,0,0.0482517899945378,0,0.1127859242260456,2,2,3,0,D S,Fiorentina,0,0.0482517899945378,1.7687735836952925,1.667766323313117,Serie_A,8
8383,Faustino Anjorin,13,228,0,0.603797011077404,0,0.0517955524846911,4,2,1,0,M S,Torino,0,0.603797011077404,1.2597587406635284,0.9915630668401718,Serie_A,4
8554,Rafael Obrador,8,482,0,0.1023402716964483,1,0.2584191430360079,3,6,0,0,D M S,Torino,0,0.1023402716964483,0.811929740011692,0.6364707350730896,Serie_A,0
8632,Enzo Ebosse,9,626,0,0.0585717372596263,0,0.0,1,0,1,0,D S,"Torino,Verona",0,0.0585717372596263,0.9294687137007712,0.9294687137007712,Serie_A,1
8720,Jack Harrison,8,456,0,0.090294606052339,1,0.3929311204701662,3,6,0,0,D F M S,Fiorentina,0,0.090294606052339,2.081326711922884,1.7672264631837606,Serie_A,2
8728,Oier Zarraga,18,371,0,0.5969471037387848,0,0.1326537951827049,4,2,1,0,M S,Udinese,0,0.5969471037387848,1.3853238811716435,0.7705799331888556,Serie_A,4
8828,Ivan Ilic,8,414,0,0.0,0,0.7176270708441734,0,8,2,0,M S,Torino,0,0.0,1.2886295728385448,0.6005804687738419,Serie_A,5
8829,Nicolò Casale,11,582,0,0.1544591300189495,0,0.1185930557548999,4,3,0,0,D S,Bologna,0,0.1544591300189495,1.707671201787889,1.707671201787889,Serie_A,1
8852,Konstantinos Tsimikas,16,577,0,0.5282826032489538,0,0.0464560566470027,6,2,1,0,D M S,Roma,0,0.5282826032489538,1.6413156306371093,1.141974575817585,Serie_A,0
8857,Gabriele Zappa,25,1364,0,0.436904426664114,3,1.6287479475140572,9,9,2,0,D S,Cagliari,0,0.436904426664114,5.096779020503163,3.5887536350637674,Serie_A,16
8871,Marco Carnesecchi,30,2700,0,0.0,0,0.0,0,0,0,0,GK,Atalanta,0,0.0,5.836508112028241,5.836508112028241,Serie_A,0
8881,Lorenzo Montipò,27,2430,0,0.0,0,0.1374317221343517,0,2,0,0,GK,Verona,0,0.0,1.594107006676495,1.4566752770915627,Serie_A,0
8895,Tete Morente,16,859,0,0.9692354239523412,0,0.8144437298178673,14,10,2,0,F M S,Lecce,0,0.9692354239523412,2.2564369663596158,0.9947964325547218,Serie_A,3
8967,Lautaro Valenti,22,1832,0,0.4092920050024986,0,1.1660469826310873,16,10,6,0,D S,Parma Calcio 1913,0,0.4092920050024986,4.953609703108668,4.046377217397094,Serie_A,25
9029,Simon Sohm,23,1174,0,0.5459980424493551,1,1.9472091682255268,6,13,3,0,M S,"Bologna,Fiorentina",0,0.5459980424493551,4.2449670154601336,3.2349520064890385,Serie_A,3
9030,Filippo Rinaldi,1,90,0,0.0,0,0.0,0,0,1,0,GK,Parma Calcio 1913,0,0.0,0.0,0.0,Serie_A,0
9044,Alberto Paleari,21,1890,0,0.0,0,0.0,0,0,1,0,GK,Torino,0,0.0,1.208953758701682,1.208953758701682,Serie_A,0
9052,Josep Martínez,2,180,0,0.0,0,0.0,0,0,0,0,GK,Inter,0,0.0,0.510436162352562,0.510436162352562,Serie_A,0
9057,Franco Ezequiel Carboni,2,2,0,0.0,0,0.0,0,0,0,0,S,Parma Calcio 1913,0,0.0,0.0,0.0,Serie_A,0
9061,Pontus Almqvist,9,395,0,0.2460934966802597,0,1.3483628779649734,3,8,0,0,D M S,Parma Calcio 1913,0,0.2460934966802597,1.815683413296938,0.3749827705323696,Serie_A,6
9065,Nahuel Estévez,26,907,0,0.6303743990138173,0,0.960499269887805,9,9,2,0,M S,Parma Calcio 1913,0,0.6303743990138173,2.181007095612585,1.312626214697957,Serie_A,9
9090,Ardian Ismajli,21,1547,0,0.7488318141549826,1,0.5390323810279369,6,4,4,0,D S,Torino,0,0.7488318141549826,2.330893525853753,1.7785693388432264,Serie_A,11
9134,Alessandro Di Pardo,3,50,0,0.1000637710094451,0,0.0,1,0,0,0,S,Cagliari,0,0.1000637710094451,0.1000637710094451,0.0,Serie_A,1
9179,Franco Israel,9,810,0,0.0,0,0.0,0,0,1,0,GK,Torino,0,0.0,1.5392499398440125,1.5392499398440125,Serie_A,0
9447,Niakhate Ndiaye,7,501,0,0.2153226546943187,0,0.0225565638393163,4,1,2,1,D S,Parma Calcio 1913,0,0.2153226546943187,1.0465838089585304,1.0073224045336246,Serie_A,0
9523,Andy Diouf,14,208,0,0.3741707131266594,0,1.2294243555516005,5,9,0,0,D S,Inter,0,0.3741707131266594,2.3909631203860044,0.838094238191843,Serie_A,3
9561,Nicolò Bertola,24,1648,0,0.9637065827846528,1,1.112961919978261,12,9,3,0,D S,Udinese,0,0.9637065827846528,4.049499531276524,2.858090599998832,Serie_A,20
9691,Nuno Tavares,17,1023,0,0.3105700295418501,0,0.8529972229152918,10,15,3,0,D S,Lazio,0,0.3105700295418501,3.269074174575508,2.882019107230008,Serie_A,13
9710,Armel Bella Kotchap,17,1264,0,0.0762253142893314,0,0.0466984026134014,3,1,3,0,D S,Verona,0,0.0762253142893314,2.4115765765309334,2.3733383491635323,Serie_A,10
9853,Simone Canestrelli,29,2480,0,1.0845902226865292,0,0.3796730553731322,11,9,3,0,D S,Pisa,0,1.0845902226865292,2.738664750009775,2.173572923988104,Serie_A,20
9854,Kristjan Asllani,15,1145,0,1.1615827651694417,0,1.1300613693892956,20,16,3,0,M S,Torino,0,0.4002839298918843,2.6788381403312087,2.2846737299114466,Serie_A,14
9855,Mattia Viti,10,231,0,0.0,0,0.0,0,0,1,1,D S,Fiorentina,0,0.0,0.3585231527686119,0.3585231527686119,Serie_A,4
9866,Nadir Zortea,25,1569,0,0.4220857946202159,2,2.244510175660253,11,25,2,0,D S,Bologna,0,0.4220857946202159,5.078774724155664,3.170667689293623,Serie_A,16
9895,Nicolò Cavuoti,4,34,0,0.0,0,0.0,0,0,0,0,S,Cagliari,0,0.0,0.0,0.0,Serie_A,0
9902,Pasquale Mazzocchi,11,227,0,0.0465274639427661,0,0.4580715596675873,2,1,0,1,D S,Napoli,0,0.0465274639427661,1.26180762052536,1.230163000524044,Serie_A,1
9919,Calvin Stengs,4,36,0,0.0507716424763202,0,0.0083027789369225,2,1,0,0,S,Pisa,0,0.0507716424763202,0.0771994031965732,0.0423924103379249,Serie_A,0
9935,Aster Vranckx,15,692,0,0.0885750222951173,0,0.0952156260609626,3,2,2,0,M S,Sassuolo,0,0.0885750222951173,1.1440454255789518,1.0025428906083107,Serie_A,8
9969,Teun Koopmeiners,27,1604,0,1.7667940743267536,0,0.623254019767046,27,15,5,0,D M S,Juventus,0,1.7667940743267536,7.29598749615252,6.007330797612667,Serie_A,11
9985,Johan Vásquez,30,2679,0,1.2167105060070753,0,0.4650002354755997,23,9,2,0,D,Genoa,0,1.2167105060070753,5.9875446278601885,5.704166150651872,Serie_A,27
10036,Jeremy Sarmiento,7,127,0,0.05533710680902,0,0.1608402132987976,2,3,0,0,S,Cremonese,0,0.05533710680902,0.5485026314854622,0.3956798752769828,Serie_A,2
10073,Adam Obert,27,2105,0,1.065021499991417,3,2.5963490270078182,9,15,8,1,D S,Cagliari,0,1.065021499991417,6.338811283931136,5.336951736360788,Serie_A,23
10075,Romano Floriani,21,833,0,0.1473126392811536,0,1.2805210873484612,4,8,2,0,D M S,Cremonese,0,0.1473126392811536,1.7745552882552147,1.0738699762150643,Serie_A,9
10143,Bryan Zaragoza,4,140,0,0.1814824938774109,1,0.8119799569249153,1,4,1,0,M S,Roma,0,0.1814824938774109,1.0063471645116806,0.0570940524339675,Serie_A,5
10255,Sadik Fofana,4,32,0,0.0563733465969562,0,0.1805937960743904,1,2,0,0,S,Lecce,0,0.0563733465969562,0.2369671463966369,0.0,Serie_A,0
10303,Jacopo Fazzini,15,422,0,0.8832504265010357,0,0.6466083712875843,9,7,1,0,M S,Fiorentina,0,0.8832504265010357,1.8464099019765852,0.3903855513781309,Serie_A,6
10328,Edon Zhegrova,13,261,0,0.4802727233618498,0,1.0260313991457224,14,9,0,0,S,Juventus,0,0.4802727233618498,1.817355740815401,1.202105674892664,Serie_A,3
10345,Samuele Angori,27,1959,0,0.579201340675354,1,3.023017323575914,8,28,2,0,D M S,Pisa,0,0.579201340675354,6.177004258148372,4.81944614648819,Serie_A,20
10380,Zito,12,304,0,1.151164494454861,0,0.3884659241884947,12,3,0,0,F M S,Cagliari,0,1.151164494454861,1.925946459174156,0.4089712295681238,Serie_A,0
10389,Fali Candé,12,509,0,0.1701168362051248,0,0.0114713637158274,3,1,2,0,D S,Sassuolo,0,0.1701168362051248,0.5957811279222369,0.4141929261386394,Serie_A,9
10413,Giovanni Bonfanti,9,501,0,0.2863771161064505,0,0.11172466725111,6,3,1,0,D S,Pisa,0,0.2863771161064505,0.4159418269991874,0.1316771451383829,Serie_A,6
10532,Giuseppe Ambrosino,3,31,0,0.0,0,0.0,0,0,0,0,S,Napoli,0,0.0,0.0524723585695028,0.0524723585695028,Serie_A,0
10561,Jesús Santiago,2,2,0,0.0100656328722834,0,0.0408281609416008,1,1,0,0,S,Verona,0,0.0100656328722834,0.0508937938138842,0.0,Serie_A,0
10577,Mario Gila,27,2243,0,1.1164315035566688,0,0.718289490789175,11,5,3,1,D,Lazio,0,1.1164315035566688,5.26688614487648,4.685863971710205,Serie_A,33
10616,Samuel Iling-Junior,5,104,0,0.0,0,0.0285100359469652,0,1,0,0,M S,Pisa,0,0.0,0.0285100359469652,0.0,Serie_A,2
10740,Jordan Zemura,15,1009,0,0.3313146717846393,1,1.2534602750092745,5,11,3,0,D S,Udinese,0,0.3313146717846393,2.027538286522031,1.6155340131372211,Serie_A,17
10796,Zakaria Aboukhlal,15,500,0,0.4121775142848491,0,0.5975706037133932,7,3,4,0,D M S,Torino,0,0.4121775142848491,1.3414292484521866,0.4527049548923969,Serie_A,12
10878,Sandi Lovric,8,286,0,0.2111946502700448,1,1.21618015691638,5,7,1,0,M S,"Udinese,Verona",0,0.2111946502700448,0.5116531057283282,0.2723117135465145,Serie_A,4
10890,Michele Di Gregorio,23,2070,0,0.0,0,0.0,0,0,1,0,GK,Juventus,0,0.0,2.830286832526326,2.830286832526326,Serie_A,0
10898,Warren Bondo,22,1499,0,0.136824769899249,0,0.161786250770092,5,3,5,0,M S,Cremonese,0,0.136824769899249,2.7735570929944515,2.4749460630118847,Serie_A,13
10906,Thórir Helgason,7,110,0,0.1966260410845279,0,0.1026582196354866,2,3,0,0,M S,Lecce,0,0.1966260410845279,0.2566287033259868,0.0511505398899316,Serie_A,0
10955,Alex Sala,8,143,0,0.3768588658422231,1,0.1294361446052789,4,3,0,0,M S,Lecce,0,0.3768588658422231,0.3867439143359661,0.1100931875407695,Serie_A,2
10967,Mile Svilar,30,2700,0,0.0,0,0.0,0,0,0,0,GK,Roma,0,0.0,3.775980612263084,3.775980612263084,Serie_A,1
11022,Simone Perilli,3,270,0,0.0,0,0.0,0,0,0,0,GK,Verona,0,0.0,0.2584646940231323,0.2584646940231323,Serie_A,0
11023,Josh Doig,28,1766,0,0.7332733552902937,0,1.3835804536938667,10,12,4,0,D S,Sassuolo,0,0.7332733552902937,5.279741670936346,3.960902370046824,Serie_A,20
11027,Emanuele Valeri,26,2020,0,0.3772185733541846,2,3.332802439108491,17,42,2,0,D M S,Parma Calcio 1913,0,0.3772185733541846,5.049025473184884,3.9622948663309216,Serie_A,25
11049,Reda Belahyane,12,511,0,0.1228644177317619,1,1.0493217185139656,1,5,1,1,M S,Lazio,0,0.1228644177317619,1.391117892228067,1.1652848226949573,Serie_A,5
11080,Valentín Carboni,12,345,0,0.6554981181398034,0,0.3237762823700905,6,4,2,0,M S,Genoa,0,0.6554981181398034,1.0826020389795303,0.2335170824080705,Serie_A,8
11139,Tommaso Barbieri,22,1495,0,0.7716676453128457,1,1.4825405105948448,12,8,6,0,D M S,Cremonese,0,0.7716676453128457,4.248296655714512,2.046641047112644,Serie_A,22
11278,Gvidas Gineitis,22,1230,0,0.3974787062034011,1,2.334249222651124,13,22,4,0,M S,Torino,0,0.3974787062034011,4.19627895206213,3.1305610425770283,Serie_A,21
11279,Ali Dembélé,2,15,0,0.0524663105607032,0,0.0,1,0,0,0,S,Torino,0,0.0524663105607032,0.0524663105607032,0.0,Serie_A,0
11350,Amin Sarr,29,945,0,1.542491452768445,1,1.3302771244198084,17,13,0,1,F M S,Verona,0,1.542491452768445,3.629472803324461,1.5094536934047935,Serie_A,8
11520,Lorenzo Bernasconi,20,1355,0,0.4185952385887503,3,2.3402116168290377,9,23,3,0,D M S,Atalanta,0,0.4185952385887503,6.581449650228024,5.723910126835108,Serie_A,15
11536,David Odogu,2,3,0,0.0,0,0.0,0,0,0,0,S,AC Milan,0,0.0,0.0,0.0,Serie_A,0
11586,Ebenezer Akinsanmiro,16,986,0,0.9696200275793672,1,1.2638024222105742,11,13,2,0,M S,Pisa,0,0.9696200275793672,3.18286857008934,1.0639742873609066,Serie_A,17
11752,Amir Richardson,2,35,0,0.012502109631896,0,0.0,1,0,0,0,S,Fiorentina,0,0.012502109631896,0.012502109631896,0.0,Serie_A,1
11876,Luca Marianucci,6,381,0,0.0118798715993762,1,0.3906194530427456,1,4,1,0,D S,"Napoli,Torino",0,0.0118798715993762,2.503513872623444,2.101014655083418,Serie_A,4
11921,Filip Stojilkovic,7,299,0,0.5575930923223495,0,0.0,4,0,0,0,F M S,Pisa,0,0.5575930923223495,0.9808246418833731,0.4232315495610237,Serie_A,0
11929,Luca Lipani,16,735,0,0.7627072595059872,0,0.2192297815345227,10,5,2,0,M S,Sassuolo,0,0.7627072595059872,2.4521326329559088,1.814644863829017,Serie_A,14
11930,Daniel Boloca,2,137,0,0.0955388396978378,0,0.0386174395680427,2,1,0,0,M,Sassuolo,0,0.0955388396978378,0.1647419761866331,0.0305857057683169,Serie_A,2
11946,Mohamed Kaba,15,614,0,0.4404364861547947,0,0.2189672160893678,9,5,1,0,M S,Lecce,0,0.4404364861547947,1.6230159662663937,1.139161642640829,Serie_A,7
11955,Alberto Dossena,6,540,0,0.7805073112249374,1,0.2970725856721401,5,2,5,0,D,Cagliari,0,0.7805073112249374,0.6327623128890991,0.3356897383928299,Serie_A,7
11990,Mateus Lusuardi,3,202,0,0.1197365634143352,0,0.1444711238145828,4,1,1,0,D,Pisa,0,0.1197365634143352,0.1128613799810409,0.1128613799810409,Serie_A,2
12011,Seydou Fini,1,30,0,0.0,0,0.025144163519144,0,1,0,0,S,Genoa,0,0.0,0.025144163519144,0.0,Serie_A,0
12012,Marcus Pedersen,23,1702,0,0.9995219148695468,0,1.502809576690197,10,13,3,0,D M S,Torino,0,0.9995219148695468,5.8780346512794495,3.5513895377516747,Serie_A,12
12095,Tomás Suslov,5,85,0,0.112626327201724,0,0.042365550994873,3,1,1,0,S,Verona,0,0.112626327201724,0.1621447168290615,0.083007127046585,Serie_A,1
12104,Neil El Aynaoui,19,621,0,0.167308447882533,1,0.642777256667614,4,5,4,0,M S,Roma,0,0.167308447882533,2.4193202890455723,1.7296189274638891,Serie_A,7
12168,Alejandro Jiménez,1,42,0,0.0,0,0.1404095441102981,0,2,1,0,S,AC Milan,0,0.0,0.3835609853267669,0.2431514263153076,Serie_A,0
12356,Saba Goglichidze,8,418,0,0.5540105774998665,0,0.0634089224040508,3,2,2,0,D S,Udinese,0,0.5540105774998665,1.179652363061905,1.1365225426852703,Serie_A,8
12425,Faris Moumbagna,5,72,0,0.4495754614472389,0,0.017842786386609,2,1,0,0,S,Cremonese,0,0.4495754614472389,0.4004152715206146,0.0,Serie_A,0
12530,Mikayil Faye,8,238,0,0.0452544298022985,0,0.4483277201652527,2,1,1,0,D M S,Cremonese,0,0.0452544298022985,0.7969660088419914,0.3307258803397417,Serie_A,0
12601,Darryl Bakola,3,77,0,0.0210942439734935,0,0.0,1,0,0,0,M S,Sassuolo,0,0.0210942439734935,0.424110859632492,0.4030166268348694,Serie_A,0
12609,Niccolò Fortini,16,488,0,0.2287251818925142,0,0.4631086196750402,8,4,0,0,D S,Fiorentina,0,0.2287251818925142,1.3271684758365154,0.7594672311097383,Serie_A,9
12635,Matteo Palma,5,109,0,0.0,0,0.0,0,0,0,0,D S,Udinese,0,0.0,0.2005495782941579,0.2005495782941579,Serie_A,0
12639,Junior Ajayi,1,1,0,0.0,0,0.0,0,0,0,0,S,Verona,0,0.0,0.0,0.0,Serie_A,0
12777,Patrizio Masini,22,1137,0,1.148725913837552,1,1.1930863494053483,13,8,5,0,M S,Genoa,0,1.148725913837552,3.8578443955630064,1.9499852396547797,Serie_A,34
12779,Honest Ahanor,16,1016,0,2.1688793301582336,0,0.0,10,0,1,1,D S,Atalanta,0,2.1688793301582336,2.3296032063663006,2.075949374586344,Serie_A,14
12781,Zion Suzuki,13,1170,0,0.0,0,0.0,0,0,1,0,GK,Parma Calcio 1913,0,0.0,0.5198574643582106,0.5198574643582106,Serie_A,0
12782,Woyo Coulibaly,13,561,0,0.0659758113324642,0,0.1810096520930528,3,3,2,0,D S,Sassuolo,0,0.0659758113324642,2.6980943605303764,2.6321185240522027,Serie_A,5
12822,Álex Valle,23,1650,0,0.4995828699320555,4,1.3686101054772737,10,11,2,0,D S,Como,0,0.4995828699320555,6.991670973598957,5.746804320253432,Serie_A,27
12857,Daniel Mosquera,20,557,0,1.0957419574260712,2,0.9883034899830818,16,5,1,0,F S,Verona,0,1.0957419574260712,1.611335415393114,0.4711602106690407,Serie_A,2
12858,Daniele Ghilardi,16,783,0,0.3682742714881897,0,0.3226600624620914,1,3,1,0,D S,Roma,0,0.3682742714881897,2.202351663261652,1.969531286507845,Serie_A,11
12872,Fisayo Dele-Bashiru,16,751,0,0.3603637740015983,0,0.8033683560788631,5,7,0,0,M S,Lazio,0,0.3603637740015983,5.204153291881084,4.681390982121229,Serie_A,8
12880,Albert Grønbæk,4,96,0,0.0388572290539741,0,0.1321971267461776,1,2,1,0,M S,Genoa,0,0.0388572290539741,0.520349532365799,0.3881524205207824,Serie_A,0
12885,Kialonda Gaspar,22,1826,0,0.7932648342102766,0,0.0,9,0,6,1,D S,Lecce,0,0.7932648342102766,2.6573333460837603,2.6573333460837603,Serie_A,0
12958,Alessandro Marcandalli,24,1890,0,0.1731266733258962,2,0.4247533250600099,3,7,4,0,D S,Genoa,0,0.1731266733258962,2.416736926883459,1.9919836465269327,Serie_A,13
12989,Jay Idzes,29,2610,0,0.2000958640128374,0,0.6901220977306366,5,2,2,0,D,Sassuolo,0,0.2000958640128374,4.9990693340078,4.477400310337544,Serie_A,13
13027,Gaby Jean,2,12,0,0.0,0,0.0,0,0,0,0,S,Lecce,0,0.0,0.0,0.0,Serie_A,0
13045,Eddy Kouadio,3,62,0,0.0,0,0.0108428392559289,0,1,0,0,S,Fiorentina,0,0.0,0.0972492191940546,0.0864063799381256,Serie_A,3
13050,Ignace Van der Brempt,14,748,0,0.0757663249969482,1,0.7521113492548466,2,4,2,0,D S,Como,0,0.0757663249969482,3.086998723447323,2.894782654941082,Serie_A,8
13061,Benjamín Domínguez,13,484,0,0.6278901100158691,3,0.2637887708842754,11,7,1,0,M S,Bologna,0,0.6278901100158691,2.320455566048622,1.5675876699388027,Serie_A,2
13097,Mandela Keita,29,2356,0,0.2350350338965654,1,0.2838953603059053,12,11,1,0,M S,Parma Calcio 1913,0,0.2350350338965654,1.9808476213365795,1.655172755010426,Serie_A,39
13099,Rui Modesto,3,113,0,0.0113287363201379,1,0.4437576532363891,1,2,0,0,S,Udinese,0,0.0113287363201379,0.660630464553833,0.216872826218605,Serie_A,4
13237,Massimo Pessina,1,83,0,0.0,0,0.0,0,0,0,0,S,Bologna,0,0.0,0.1303282082080841,0.1303282082080841,Serie_A,0
13313,Nicolás Valentini,15,1013,0,0.2603095965459943,0,0.5742030814290047,8,2,3,0,D S,Verona,0,0.2603095965459943,2.0759701933711767,1.4359396789222956,Serie_A,12
13331,Mathias Løvik,9,480,0,0.1799541944637894,0,0.1421054899692535,3,2,0,0,D S,Parma Calcio 1913,0,0.1799541944637894,0.5624273736029863,0.3316205590963363,Serie_A,8
13342,Alessandro Romano,2,5,0,0.0,0,0.0,0,0,0,0,S,Roma,0,0.0,0.5332328081130981,0.5332328081130981,Serie_A,0
13349,Lorenzo Venturino,9,178,0,0.1709453659132123,0,0.8195357844233513,3,6,0,0,M S,"Genoa,Roma",0,0.1709453659132123,1.3170110434293747,0.4311673007905483,Serie_A,0
13386,Jacob Ondrejka,15,747,0,1.423084044829011,0,0.4258564375340938,20,5,2,0,F M S,Parma Calcio 1913,0,1.423084044829011,2.751455696299672,1.0622229920700192,Serie_A,2
13389,Devyne Rensch,17,753,0,0.5006411662325263,1,0.7384935338050127,4,4,0,0,D M S,Roma,0,0.5006411662325263,2.931488137692213,1.71839839220047,Serie_A,11
13395,Danilo Veiga,28,2348,0,0.258736458607018,1,0.6093068616464734,6,15,7,0,D S,Lecce,0,0.258736458607018,3.0659989155828957,2.401493178680539,Serie_A,45
13401,Daniel Oyegoke,12,411,0,0.0326067134737968,0,0.1063853856176137,1,3,1,0,D S,Verona,0,0.0326067134737968,0.3355374662205577,0.2272352082654833,Serie_A,5
13423,Al Musrati,16,777,0,0.1525087375193834,1,0.3137645935639739,7,6,3,1,M S,Verona,0,0.1525087375193834,1.2656204858794808,0.8470350634306669,Serie_A,0
13443,Ivan Smolcic,20,1200,0,0.9719993975013494,0,1.238765075802803,9,8,7,0,D S,Como,0,0.9719993975013494,3.6130239088088274,3.3403108809143305,Serie_A,16
13447,Oliver Provstgaard,18,960,0,0.482035893946886,0,0.6484043076634407,3,3,2,0,D S,Lazio,0,0.482035893946886,3.5173137933015823,2.9440221935510635,Serie_A,0
13449,Victor Nelsson,30,2596,0,0.3612266927957535,0,0.0455894973129034,8,2,3,0,D S,Verona,0,0.3612266927957535,2.7721465695649385,2.6343634789809585,Serie_A,29
13453,Santiago Giménez,10,649,0,3.324646063148976,0,0.1757811568677425,21,3,2,0,F S,AC Milan,0,3.324646063148976,3.385691225528717,1.1096070781350136,Serie_A,4
13478,Sebastian Otoa,8,585,0,0.0394859854131937,0,0.0,2,0,1,0,D S,Genoa,0,0.0394859854131937,0.0862405691295862,0.0862405691295862,Serie_A,8
13479,Tobias Slotsager,7,417,0,0.1395334731787443,0,0.0,3,0,0,0,D S,Verona,0,0.1395334731787443,0.4186693364754319,0.4044773140922189,Serie_A,7
13537,Joi Nuredini,1,1,0,0.0,0,0.0,0,0,0,0,S,Genoa,0,0.0,0.0,0.0,Serie_A,0
13811,Idrissa Gueye,11,150,0,0.2361489608883857,0,0.0151001056656241,5,1,2,0,S,Udinese,0,0.2361489608883857,0.7465991405770183,0.6455514430999756,Serie_A,1
13873,Nicolae Stanciu,4,181,0,1.0953040271997452,0,0.0626854011788964,5,2,0,0,M S,Genoa,0,0.3340051919221878,0.6643378371372819,0.3493243539705872,Serie_A,3
13874,Owen Kouassi,4,231,0,0.0,0,0.0,0,0,0,0,D S,Lecce,0,0.0,0.3331151977181434,0.3331151977181434,Serie_A,0
13876,Corrie Ndaba,11,394,0,0.1293806582689285,0,0.0260938070714473,2,1,0,0,D S,Lecce,0,0.1293806582689285,0.5749906077980995,0.5618049502372742,Serie_A,4
13877,Matías Pérez,1,31,0,0.0,0,0.0138194896280765,0,1,0,0,D,Lecce,0,0.0,0.0262540634721517,0.0124345738440752,Serie_A,0
13878,Olaf Gorter,2,27,0,0.0,0,0.0,0,0,0,0,S,Lecce,0,0.0,0.3341193124651909,0.3341193124651909,Serie_A,1
13880,Luca Moro,12,178,0,0.8332867855206132,0,0.2611876428127289,6,1,1,0,F S,Sassuolo,0,0.8332867855206132,1.207763969898224,0.1254846081137657,Serie_A,4
13893,Martin Vitík,17,1219,0,0.7100465074181557,0,0.170901820063591,7,3,3,0,D S,Bologna,0,0.7100465074181557,1.152959644794464,0.9277393519878387,Serie_A,19
13894,Torbjørn Heggem,22,1897,0,0.9754415825009346,0,0.050894595682621,10,2,0,1,D S,Bologna,0,0.9754415825009346,3.9606868913397193,3.948665655218065,Serie_A,13
13895,Ardon Jashari,9,459,0,0.2340139765292406,1,1.0659729093313215,6,8,0,0,M S,AC Milan,0,0.2340139765292406,2.8365544080734253,1.7716111838817596,Serie_A,8
13899,Michele Collocolo,6,308,0,0.0767250163480639,0,0.1351211853325367,2,2,1,0,M S,Cremonese,0,0.0767250163480639,0.2515165731310844,0.0396703742444515,Serie_A,3
13900,Dachi Lordkipanidze,1,27,0,0.0,0,0.0,0,0,0,0,S,Cremonese,0,0.0,0.0,0.0,Serie_A,0
13937,Daniel Denoon,2,126,0,0.0,0,0.0,0,0,1,0,D,Pisa,0,0.0,0.0125019075348973,0.0125019075348973,Serie_A,2
13940,Gabriele Piccinini,18,640,0,2.0291440673172474,0,1.4180588852614164,13,6,2,0,M S,Pisa,0,2.0291440673172474,3.2483234517276287,0.4790901727974415,Serie_A,10
13942,Malthe Højholt,12,566,0,0.6570883318781853,0,0.1563381012529134,3,3,1,0,M S,Pisa,0,0.6570883318781853,1.015295810997486,0.2610592171549797,Serie_A,0
13943,Louis Buffon,4,24,0,0.0,0,0.0,0,0,0,0,S,Pisa,0,0.0,0.0284282453358173,0.0284282453358173,Serie_A,0
13946,João Mário,15,627,0,0.1959697566926479,0,0.2755650505423546,4,4,1,0,D S,"Bologna,Juventus",0,0.1959697566926479,2.720298142172396,2.384189766831696,Serie_A,0
13951,Tjas Begic,1,1,0,0.0,0,0.0,0,0,0,0,S,Parma Calcio 1913,0,0.0,0.0,0.0,Serie_A,0
13956,Vakoun Bayo,13,408,0,1.242213656194508,1,0.6907146722078323,12,2,0,0,F S,Udinese,0,1.242213656194508,1.660660139285028,0.3063108921051025,Serie_A,1
13958,Lennon Miller,17,659,0,0.2771545182913542,1,0.46534039452672,8,6,3,0,M S,Udinese,0,0.2771545182913542,1.3677628403529525,0.6955519299954176,Serie_A,9
13960,Fallou Cham,6,225,0,0.343944251537323,0,0.5105274394154549,5,4,0,0,D S,Verona,0,0.343944251537323,0.884210005402565,0.0460183247923851,Serie_A,9
13970,Cheveyo Mul,2,2,0,0.0848034471273422,0,0.0,1,0,0,0,S,AC Milan,0,0.0848034471273422,0.0848034471273422,0.0,Serie_A,0
13980,Sascha Britschgi,25,1912,0,0.4099866766482591,2,1.940048583783209,13,16,4,0,D M S,Parma Calcio 1913,0,0.4099866766482591,3.881608265452087,1.6526513239368796,Serie_A,18
13989,Antonio Arena,2,19,0,0.1771794408559799,0,0.0,2,0,0,0,S,Roma,0,0.1771794408559799,0.1771794408559799,0.0,Serie_A,0
14005,Ioan Vermesan,1,7,0,0.0,0,0.0,0,0,0,0,S,Verona,0,0.0,0.0,0.0,Serie_A,0
14019,Zé Pedro,16,1213,0,0.197182185947895,0,0.0241447333246469,3,1,4,0,D S,Cagliari,0,0.197182185947895,1.7180181182920933,1.6758584417402744,Serie_A,0
14020,Joseph Liteta,4,277,0,0.0,0,0.0,0,0,0,0,M,Cagliari,0,0.0,0.1539649814367294,0.1539649814367294,Serie_A,2
14021,Benjamín Cremaschi,8,122,0,0.018050517886877,0,0.0129911238327622,1,1,0,0,M S,Parma Calcio 1913,0,0.018050517886877,0.0418197745457291,0.0288286507129669,Serie_A,0
14039,Jan Ziólkowski,13,458,0,0.0,0,0.0412672013044357,0,1,2,0,D S,Roma,0,0.0,0.7794324867427349,0.7794324867427349,Serie_A,0
14045,Tomás Esteves,1,11,0,0.0,0,0.0,0,0,0,0,S,Pisa,0,0.0,0.0,0.0,Serie_A,0
14047,Isak Vural,9,432,0,0.1141057442873716,0,0.041896004229784,3,2,3,0,M S,Pisa,0,0.1141057442873716,0.8936797603964806,0.817388579249382,Serie_A,3
14065,Juan Rodríguez,10,822,0,0.4496307969093323,0,0.0,1,0,3,0,D,Cagliari,0,0.4496307969093323,1.6980055309832096,1.6980055309832096,Serie_A,18
14085,Cas Odenthal,1,1,0,0.0,0,0.0,0,0,0,0,S,Sassuolo,0,0.0,0.0,0.0,Serie_A,0
14104,Laurs Skjellerup,1,8,0,0.0155376251786947,0,0.0,1,0,0,0,S,Sassuolo,0,0.0155376251786947,0.0155376251786947,0.0,Serie_A,0
14122,Pedro Felipe,1,1,0,0.0,0,0.0,0,0,0,0,S,Sassuolo,0,0.0,0.0,0.0,Serie_A,0
14125,Francesco Coppola,6,451,0,0.0926379188895225,0,0.0,2,0,3,0,D S,Pisa,0,0.0926379188895225,0.1846959665417671,0.1253593675792217,Serie_A,5
14140,Andréa Le Borgne,1,1,0,0.0,0,0.0,0,0,0,0,S,Como,0,0.0,0.0,0.0,Serie_A,0
14157,Matteo Lavelli,1,6,0,0.0,0,0.0,0,0,0,0,S,Inter,0,0.0,0.0,0.0,Serie_A,0
14342,Petar Ratkov,7,217,0,0.4612734653055668,0,0.0181191470474004,5,1,0,0,F S,Lazio,0,0.4612734653055668,0.3666649088263511,0.018939035013318,Serie_A,2
14347,Oumar Ngom,7,329,0,0.1581431850790977,0,0.1609671413898468,3,2,0,0,M S,Lecce,0,0.1581431850790977,0.3844663761556148,0.2119192667305469,Serie_A,9
14348,Isaac,1,17,0,0.0,0,0.0,0,0,0,0,S,Verona,0,0.0,0.061270784586668,0.061270784586668,Serie_A,0
14350,Rosen Bozhinov,5,343,0,0.0083981873467564,0,0.0440067294985055,1,3,1,0,D S,Pisa,0,0.0083981873467564,0.7125477194786072,0.6938296854496002,Serie_A,2
14380,Justin Bijlow,9,810,0,0.0,0,0.0,0,0,0,0,GK,Genoa,0,0.0,1.0236447602510452,1.0236447602510452,Serie_A,0
14381,Nils Zätterström,1,1,0,0.0,0,0.0,0,0,0,0,S,Genoa,0,0.0,0.0,0.0,Serie_A,0
14386,Juan Arizala,4,47,0,0.0271440297365188,0,0.0,1,0,0,0,S,Udinese,0,0.0271440297365188,0.1841656193137169,0.157021589577198,Serie_A,2
14391,Edoardo Motta,3,270,0,0.0,0,0.0460502356290817,0,1,1,0,GK,Lazio,0,0.0,0.6856996156275272,0.6856996156275272,Serie_A,0
14399,Agustín Albarracín,1,9,0,0.0,0,0.0,0,0,0,0,S,Cagliari,0,0.0,0.0,0.0,Serie_A,0
14403,Sandro Kulenovic,7,172,0,0.7847316991537809,1,0.1733165457844734,4,3,2,0,F S,Torino,0,0.7847316991537809,0.9432316944003104,0.0862340554594993,Serie_A,0
14412,Nesta Elphege,3,46,0,0.0,0,0.0928542241454124,0,1,0,0,S,Parma Calcio 1913,0,0.0,0.2540007475763559,0.1611465159803629,Serie_A,0
14416,Andrias Edmundsson,7,630,0,0.0294250659644603,0,0.0216030310839414,1,1,2,0,D,Verona,0,0.0294250659644603,0.513727031648159,0.462698932737112,Serie_A,8
14426,Alex Amorim,5,88,0,0.1271370165050029,0,0.0078355856239795,2,1,0,0,S,Genoa,0,0.1271370165050029,0.1015273742377758,0.0501390434801578,Serie_A,0
14433,Branimir Mlacic,3,77,0,0.0,0,0.0,0,0,2,0,D S,Udinese,0,0.0,0.0,0.0,Serie_A,2
14444,Othniël Raterink,1,4,0,0.0,0,0.0,0,0,0,0,S,Cagliari,0,0.0,0.0236606132239103,0.0236606132239103,Serie_A,0
14445,Paul Mendy,1,15,0,0.0597123466432094,0,0.0,2,0,0,0,S,Cagliari,0,0.0597123466432094,0.0597123466432094,0.0360517352819442,Serie_A,0
12413,Joaquín Panichelli,27,2202,16,14.715991329401731,1,2.9524750281125307,58,21,3,0,F M S,Strasbourg,11,10.155420538038015,14.645621437579392,3.873768337070942,Ligue_1,10
7490,Mason Greenwood,26,2035,15,12.55279104784131,4,5.4081055065616965,96,43,3,0,F M S,Marseille,10,7.232125107198954,18.820535724051297,10.415492708794773,Ligue_1,9
12850,Esteban Lepaul,27,2132,14,10.985591147094963,3,1.8858725521713493,61,15,2,0,F S,"Angers,Rennes",14,10.225496057420967,13.193015437573196,2.7831669077277184,Ligue_1,0
3697,Odsonne Edouard,23,1532,12,11.620354171842337,3,1.9775507673621175,46,17,1,0,F S,Lens,11,10.860259052366018,13.23178754001856,3.068134028464556,Ligue_1,1
3799,Wesley Said,23,1651,10,9.418479442596436,2,5.644292226061225,45,23,2,0,M S,Lens,9,8.658384293317795,17.550444051623344,7.211111053824425,Ligue_1,14
10016,Bradley Barcola,22,1340,10,9.821227848529816,1,4.046997956931591,55,32,2,0,F S,Paris Saint Germain,10,9.821227848529816,16.483905954286456,5.921061350032687,Ligue_1,12
13735,Pavel Sulc,22,1355,10,7.525751184672117,3,3.175093505531549,40,18,2,0,F M S,Lyon,10,7.525751184672117,12.896433748304844,4.412233352661133,Ligue_1,11
942,Florian Thauvin,27,2186,9,11.233915332704782,5,8.726800573989749,65,68,5,0,M S,Lens,7,8.953629922121763,21.914042085409164,8.890179768204689,Ligue_1,15
9690,Folarin Balogun,23,1669,9,11.532469162717462,4,3.4303453508764505,59,16,4,1,F S,Monaco,7,10.01227886416018,13.64456656202674,1.8359060510993004,Ligue_1,6
318,Pierre-Emerick Aubameyang,24,1604,8,9.67391044460237,5,4.6689443862997,38,23,1,0,F M S,Marseille,8,9.67391044460237,15.06733196787536,3.4604500513523817,Ligue_1,5
3226,Ousmane Dembélé,16,740,8,4.905307702720165,5,3.9256661906838417,33,33,0,0,F S,Paris Saint Germain,6,2.625022269785404,8.025389514863491,4.034606412053108,Ligue_1,2
3721,Romain Del Castillo,25,2106,8,7.432745767757297,2,5.643343126401305,27,49,1,1,F M,Brest,2,1.351984741166234,10.855427108705044,5.542361515574157,Ligue_1,31
6874,Yann Gboho,26,2262,8,4.700938042253256,3,3.425279209390282,48,51,1,0,F M S,Toulouse,8,4.700938042253256,11.19926853850484,4.068178627640009,Ligue_1,11
7967,Anssumane Fati,18,663,8,10.076550267636776,0,1.1969946660101414,29,9,1,0,M S,Monaco,5,7.036169718950987,9.842992268502712,2.7358318343758583,Ligue_1,0
9656,Ilan Kebbal,23,1984,8,5.371192855760455,4,3.583236757665873,45,46,5,0,F M,Paris FC,5,3.0909731052815914,11.499844685196877,6.544931035488844,Ligue_1,15
10347,Pablo Pagis,21,1301,8,5.951957071200013,1,2.4902915991842747,43,23,1,0,F M S,Lorient,7,5.191861921921372,7.586820980533957,2.200121384114027,Ligue_1,11
3603,Corentin Tolisso,24,1914,7,8.096649084240198,1,3.420297489501536,41,28,4,0,F M S,Lyon,6,6.576458845287561,16.191131649538875,9.019932137802243,Ligue_1,18
6846,Sofiane Diop,26,1751,7,6.006475938484073,2,2.9676643572747707,43,25,5,0,F M S,Nice,5,4.486285639926791,11.206329484470189,5.180650586262345,Ligue_1,4
6905,Ludovic Ajorque,25,2204,7,8.256430327892303,7,2.489676844328642,43,33,9,1,F,Brest,7,8.256430327892303,14.189376635476949,4.854443170130253,Ligue_1,12
9345,Ahmadou Bamba Dieng,15,772,7,6.198749288916588,1,1.0815213648602366,30,10,2,0,F S,Lorient,6,5.4386541694402695,4.501876320689917,1.2423871867358685,Ligue_1,0
11164,Martial Godo,22,1192,7,6.582487985491753,1,1.334940992295742,29,12,2,0,M S,Strasbourg,7,6.582487985491753,10.962200030684471,3.3952264189720154,Ligue_1,11
502,Olivier Giroud,24,1496,6,7.745169568806887,1,1.851565897464752,39,18,2,0,F S,Lille,4,5.464884072542191,8.63826072961092,2.159651977941394,Ligue_1,6
5356,Breel Embolo,24,1400,6,5.484619146212936,3,1.4250572575256228,24,14,2,0,F S,Rennes,6,5.484619146212936,8.898638432845473,3.2955703120678663,Ligue_1,10
5727,Gauthier Hein,22,1725,6,4.977401345968247,4,3.1345973927527666,27,39,1,1,F M S,Metz,2,1.9370207376778128,6.481836922466755,3.1335738450288773,Ligue_1,5
6401,Amine Gouiri,16,875,6,5.871752489358187,2,1.492222175002098,29,15,0,0,F M S,Marseille,6,5.871752489358187,7.6220316886901855,1.0207591243088243,Ligue_1,7
10058,Maghnes Akliouche,24,1910,6,5.839604685083032,3,4.066397324204445,40,31,2,0,F M S,Monaco,6,5.839604685083032,16.74925347417593,8.114128256216645,Ligue_1,22
10815,Lassine Sinayoko,25,2192,6,9.853414468467236,3,3.905975923873484,66,28,6,0,F M,Auxerre,3,6.813033979386091,10.521820694208143,2.629164538346231,Ligue_1,21
11757,Hákon Haraldsson,25,1910,6,5.920272065326572,1,3.375306684523821,36,40,5,0,F M S,Lille,6,5.920272065326572,14.706206813454628,7.77654311992228,Ligue_1,10
11792,Issa Soumaré,27,2312,6,10.657758167944849,2,3.2430089190602303,62,22,2,0,F M S,Le Havre,5,8.377472720108926,10.990704581141472,2.738480646163225,Ligue_1,12
9490,Matthis Abline,25,1986,5,6.236143110319972,3,3.200580997392535,67,23,5,0,F M S,Nantes,5,5.476047931239009,8.809705916792154,2.7536130025982857,Ligue_1,12
10100,Kamory Doumbia,20,1559,5,4.582210241816938,3,3.4669582657516003,38,21,6,0,M S,Brest,5,4.582210241816938,11.59540431201458,4.7310055531561375,Ligue_1,28
10193,Frank Magri,17,1297,5,4.1963038221001625,1,0.8383028265088797,33,14,3,0,F M S,Toulouse,5,3.436208687722683,3.482685424387455,1.0790665484964848,Ligue_1,3
10431,Désiré Doué,17,933,5,7.340775988996029,2,3.0129862893372774,40,22,0,0,F M S,Paris Saint Germain,5,6.580680854618549,12.51462224125862,5.181862138211727,Ligue_1,14
11767,Gonçalo Ramos,24,1002,5,7.199973220005632,1,1.327953138388693,47,13,2,0,F S,Paris Saint Germain,4,6.439878040924668,6.367771174758673,2.0638548005372286,Ligue_1,11
12734,João Neves,14,1004,5,2.70427505671978,1,1.797830231487751,21,10,0,0,M S,Paris Saint Germain,5,2.70427505671978,7.528553754091263,5.5918706730008125,Ligue_1,12
13051,Matias Fernandez-Pardo,22,1783,5,6.944146443158388,4,3.784063704311848,49,28,4,0,F M S,Lille,5,6.944146443158388,12.781146250665188,4.994991466403008,Ligue_1,12
13506,Rayan Fofana,22,651,5,6.074443439953029,0,0.3365894369781017,33,5,0,0,F S,Lens,5,6.074443439953029,7.258011911064386,1.428857408463955,Ligue_1,3
13976,Hamza Igamane,13,406,5,3.7606138456612825,1,0.6632731482386589,24,4,2,0,F S,Lille,5,3.7606138456612825,6.564457813277841,2.366913989186287,Ligue_1,4
14010,Igor Paixão,24,1545,5,3.932189660146833,5,2.153618650510907,41,25,3,0,D M S,Marseille,5,3.932189660146833,9.841904932633042,5.349583707749844,Ligue_1,7
14082,Emersonn,21,1226,5,6.292094625532627,2,1.645875945687294,44,14,4,1,F S,Toulouse,5,6.292094625532627,6.591920619830489,0.9760597487911582,Ligue_1,6
2897,Aleksandr Golovin,20,1444,4,4.032124305143952,5,2.1540572457015514,30,21,2,1,M S,Monaco,4,4.032124305143952,9.365971483290195,3.809272081591189,Ligue_1,15
3475,Ludovic Blas,25,1019,4,3.8943720450624815,3,4.9012971594929695,34,28,0,0,D F M S,Rennes,2,2.3741817763075237,10.106577667407691,4.87199423275888,Ligue_1,5
5769,Habib Diallo,20,1668,4,5.55459301173687,1,0.6029568668454885,34,10,0,0,F S,Metz,4,4.794497862458229,5.964608910493553,1.502886715345085,Ligue_1,5
7453,Khvicha Kvaratskhelia,22,1159,4,5.376902777701616,3,4.5304981879889965,50,28,1,0,F S,Paris Saint Germain,4,5.376902777701616,14.257766101509333,7.012451097369194,Ligue_1,8
8685,Mohamed Ali-Cho,17,1246,4,3.2169126383960247,3,3.177031572908163,23,17,1,0,F M S,Nice,4,3.2169126383960247,7.664882846176624,3.929410921409726,Ligue_1,0
9182,Sepe Elye Wahi,8,482,4,2.471650294959545,1,0.6552334539592266,14,6,2,0,F S,Nice,4,2.471650294959545,3.5096627548336983,0.8595065698027611,Ligue_1,0
9961,Nuno Mendes,18,1215,4,3.76881018653512,4,5.026202792301774,29,28,1,0,D F S,Paris Saint Germain,3,3.0087150670588017,11.515886086970568,9.173088647425176,Ligue_1,20
10074,Sambou Soumano,26,843,4,6.807313602417707,2,1.7910350821912289,28,9,2,0,F S,Lorient,4,6.047218482941389,5.8070593774318695,0.3803564552217722,Ligue_1,3
11065,Remy Labeau Lascary,21,871,4,3.3961065635085106,1,2.463774893432856,25,10,2,0,F M S,Brest,4,3.3961065635085106,6.508137803524733,1.2583070043474436,Ligue_1,9
11790,Rassoul Ndiaye,27,2098,4,2.7982117664068937,3,2.0456006452441216,27,24,1,0,M S,Le Havre,4,2.7982117664068937,6.806067852303386,3.218511128798127,Ligue_1,24
11817,Emanuel Emegha,7,407,4,3.623140922747552,2,1.264881502836943,16,3,3,0,F S,Strasbourg,4,3.623140922747552,4.3193855211138725,0.4580105412751436,Ligue_1,0
12045,Aron Dønnum,22,1955,4,4.366439597681165,4,5.53331652097404,33,56,7,0,D F M,Toulouse,1,2.0861542131751776,9.137146767228842,4.167684403248131,Ligue_1,23
12049,Aiyegun Tosin,20,889,4,5.152076942846179,0,0.9823329150676728,23,10,1,0,F M S,Lorient,4,4.391981823369861,4.82022788003087,0.4303169213235378,Ligue_1,0
12847,Sidiki Chérif,19,1187,4,2.8283863738179207,0,0.6020375601947308,28,5,3,0,F M S,Angers,4,2.8283863738179207,5.694960653781891,2.5473209153860807,Ligue_1,3
13330,Robinio Vaz,14,346,4,2.746501445770264,2,0.9652759805321692,8,6,2,0,F S,Marseille,4,2.746501445770264,4.458853058516979,1.978359200060368,Ligue_1,0
13756,Santiago Hidalgo,23,988,4,3.359374262392521,4,1.6902028461918237,27,10,4,0,F M S,Toulouse,4,3.359374262392521,5.178222540766001,1.7620986439287665,Ligue_1,13
2082,Youssef El-Arabi,22,928,3,4.204976715147495,0,0.5688040424138308,15,9,0,0,F S,Nantes,3,3.444881595671177,2.720785405486822,0.5000742729753256,Ligue_1,9
3357,Djibril Sidibe,27,1998,3,2.476725846529007,3,1.942022687755525,7,14,1,0,D S,Toulouse,2,0.9565356075763702,5.6998953204602,4.534597298130393,Ligue_1,31
3536,Jean-Victor Makengo,24,1375,3,2.349602250382304,2,1.0236181123182178,31,18,1,0,F M S,Lorient,3,2.349602250382304,4.659760219976306,2.7040914110839367,Ligue_1,12
5598,Angel Gomes,14,919,3,2.0597879961133003,0,1.0676721185445786,11,18,4,0,M S,Marseille,3,2.0597879961133003,7.522297575138509,4.833005172200501,Ligue_1,4
6332,Willem Geubbels,18,724,3,3.830189257860184,0,0.366993673145771,23,4,0,0,F S,Paris FC,2,3.070094123482704,3.627808421850205,0.7954691853374243,Ligue_1,1
6452,Mahdi Camara,25,2047,3,2.171658931300044,1,1.9626493342220783,21,19,4,1,D M S,Rennes,3,2.171658931300044,9.300499545410275,5.935421135276556,Ligue_1,25
7169,Moses Simon,24,1652,3,2.673126639798284,2,3.7373555181548,29,30,1,0,F M S,Paris FC,3,2.673126639798284,7.935780715197325,3.0322165470570326,Ligue_1,7
7763,Fabien Centonze,13,674,3,0.9152482133358716,0,0.1462906636297702,7,4,3,0,D S,Nantes,3,0.9152482133358716,1.8755668513476849,1.0043675219640136,Ligue_1,18
7908,Marshall Munetsi,10,597,3,3.053344577550888,0,0.1019745916128158,14,3,0,0,M S,Paris FC,3,3.053344577550888,2.205673009157181,0.306683674454689,Ligue_1,13
8239,Takumi Minamino,15,976,3,3.37246372550726,2,2.100285714492202,21,9,4,0,F M S,Monaco,3,3.37246372550726,6.809733860194683,1.606742171570659,Ligue_1,3
9220,Charlie Cresswell,24,2160,3,3.023215001448989,2,1.152479212731123,31,9,6,0,D,Toulouse,3,3.023215001448989,4.639305531978607,3.173198278993368,Ligue_1,12
9444,Felix Correia,27,1612,3,3.977363171987236,5,4.911716014146805,25,31,2,0,M S,Lille,3,3.977363171987236,14.058942744508386,7.3497722167521715,Ligue_1,8
10831,Mostafa Mohamed,19,989,3,2.864439658820629,0,1.0488614942878485,30,8,1,0,F S,Nantes,3,2.864439658820629,2.743690123781562,0.1872416902333498,Ligue_1,5
11318,Abner,19,1552,3,2.0356894209980965,0,1.4557863343507051,14,13,4,1,D F M S,Lyon,3,2.0356894209980965,9.91059736907482,6.755406003445387,Ligue_1,13
11515,Tom Louchet,21,1122,3,3.110403211787343,2,2.9052378237247467,20,18,1,1,D F M S,Nice,3,3.110403211787343,7.569517721422017,2.89887058082968,Ligue_1,12
11710,Simon Adingra,7,446,3,1.3968284279108047,0,0.1401489861309528,9,3,0,0,D F M S,Monaco,3,1.3968284279108047,2.624596953392029,1.1604663282632828,Ligue_1,8
11782,Mousa Al Tamari,26,1695,3,2.63071281183511,5,3.329396969638765,44,26,4,0,D F M S,Rennes,3,2.63071281183511,10.157760489732029,5.017227541655302,Ligue_1,0
11978,Diego Moreira,23,1860,3,1.6906429044902325,5,6.677227875217795,23,32,4,0,D M S,Strasbourg,3,1.6906429044902325,12.43599378876388,7.630006575956941,Ligue_1,22
12066,Ethan Mbappé,11,381,3,1.807846773415804,1,1.0610422901809216,13,8,0,0,F M S,Lille,3,1.807846773415804,2.9720294289290905,0.6592808365821838,Ligue_1,5
12285,Mamadou Coulibaly,19,1178,3,1.7272551879286766,3,1.762764260172844,8,12,4,1,M S,Monaco,3,1.7272551879286766,7.186777621507645,5.0780875235795975,Ligue_1,18
12345,Senny Mayulu,19,1236,3,3.3705584071576595,4,2.9051930215209723,23,27,2,0,D F M S,Paris Saint Germain,3,3.3705584071576595,9.129593716934323,3.909431379288435,Ligue_1,23
12884,Endrick,9,708,3,4.127919487655163,4,2.4502225890755653,30,15,2,1,F M S,Lyon,2,3.3678243681788445,6.539280623197556,0.9333811551332474,Ligue_1,0
12970,Sebastian Nanasi,13,512,3,3.0800328999757767,1,1.5003060474991798,12,11,0,0,M S,Strasbourg,3,3.0800328999757767,4.819973398000002,0.9637408424168824,Ligue_1,3
13210,Mohamed Meïté,17,502,3,4.262058779597282,2,1.3208915255963802,22,5,0,0,F S,Rennes,3,4.262058779597282,5.048720572143793,1.39393512904644,Ligue_1,0
13604,Prosper Peter,23,942,3,4.583660250529647,0,0.8983762171119452,17,11,0,0,F S,Angers,3,4.583660250529647,5.845118343830109,0.4782813070341944,Ligue_1,2
13888,Danny Namaso,23,1984,3,6.474966999143362,2,2.967790543101728,54,27,6,0,F M S,Auxerre,3,6.474966999143362,9.35632760077715,3.0472552459686995,Ligue_1,0
13917,Mamadou Sangaré,24,1897,3,2.7283509504050016,3,1.8972277902066708,40,21,4,0,M S,Lens,3,2.7283509504050016,13.805526009760795,10.5366505747661,Ligue_1,45
343,Pierre-Emile Højbjerg,25,2105,2,2.949013924226165,4,3.12204336002469,34,30,3,0,M S,Marseille,2,2.949013924226165,15.527318378910422,12.553549046628175,Ligue_1,0
914,Nabil Bentaleb,22,985,2,1.1699367044493556,2,1.232763271778822,17,8,3,0,M S,Lille,1,0.4098415588960051,7.50891259405762,6.286962456069887,Ligue_1,6
3223,Benjamin André,20,1793,2,1.9812850132584567,1,1.798245188780129,22,21,7,0,M,Lille,2,1.9812850132584567,9.665507344529033,7.467150464653969,Ligue_1,30
3544,Jeremie Boga,14,645,2,2.242340716533363,2,1.6494678808376193,15,13,0,0,F M S,Nice,2,2.242340716533363,4.732685995288193,1.3068652814254165,Ligue_1,2
3549,Adrien Thomasson,26,2256,2,4.338520022109151,8,6.445098411291838,31,67,8,0,M,Lens,2,4.338520022109151,18.869853496551517,12.237871658056974,Ligue_1,44
3674,Abdoulaye Touré,11,740,2,1.529643937945366,0,0.1853813733905553,13,3,2,0,M S,Le Havre,2,0.769548799842596,2.433296410366893,1.6395775396376848,Ligue_1,6
5197,Achraf Hakimi,14,1090,2,2.231421809643507,1,0.8122581765055656,21,15,3,1,D F S,Paris Saint Germain,2,2.231421809643507,8.391519607976079,6.626397632062435,Ligue_1,10
5696,Vincent Marchetti,19,751,2,2.0657163811847568,0,0.1364982947707176,23,3,1,0,M S,Paris FC,2,2.0657163811847568,4.224147614091635,2.0949639193713665,Ligue_1,12
6006,Ruben Aguilar,21,1542,2,1.0442059729248283,2,2.050424974411726,13,19,3,1,D S,Lens,2,1.0442059729248283,8.664091408252716,6.879391567781568,Ligue_1,22
6147,Denis Zakaria,17,1409,2,1.7032373324036598,1,1.360045701265335,12,5,3,1,D M S,Monaco,2,1.7032373324036598,5.247884016484022,4.572722624987364,Ligue_1,16
6500,Romain Perraud,23,1694,2,1.0995901003479958,3,3.248318101279437,24,30,4,1,D S,Lille,2,1.0995901003479958,9.368609100580215,7.146903418004513,Ligue_1,26
6601,Timothy Weah,24,1884,2,2.495731550268829,2,2.7056893035769463,23,25,3,0,D M S,Marseille,2,2.495731550268829,13.820672247558832,10.274175671860576,Ligue_1,27
6935,Naif Aguerd,16,1407,2,0.8858112841844559,0,0.2695878790691495,10,3,4,0,D,Marseille,2,0.8858112841844559,9.148570242337884,9.126714654266834,Ligue_1,0
7313,Lee Kang-In,21,1172,2,2.406436964869499,3,5.094639714807272,32,41,2,0,F M S,Paris Saint Germain,2,2.406436964869499,10.129989529028537,6.085231760516763,Ligue_1,6
7562,Eric Junior Dina Ebimbe,21,757,2,2.989325212314725,0,1.080609980970621,19,5,2,0,F M S,Brest,2,2.989325212314725,4.396383486688137,1.3560877181589603,Ligue_1,0
7739,Joris Chotard,26,2245,2,1.186316636390984,0,0.1064722565934062,22,5,2,0,M S,Brest,2,1.186316636390984,8.23691036645323,7.161146645434201,Ligue_1,29
7747,Mama Baldé,14,669,2,2.8741042390465736,2,0.4717954136431217,29,7,0,0,F M S,Brest,2,2.8741042390465736,2.926371499896049,0.2184502659365534,Ligue_1,0
8190,Melvin Bard,23,1889,2,0.796496226452291,1,1.4113772986456752,15,13,3,0,D M S,Nice,2,0.796496226452291,6.038752349093556,4.84104968700558,Ligue_1,21
8684,Fodé Doucouré,20,834,2,1.2434498006477952,1,1.9122723769396544,16,14,1,0,F M S,Le Havre,2,1.2434498006477952,4.379169530235231,1.607536856085062,Ligue_1,18
8690,Jean-Phillipe Krasso,25,1082,2,4.304056554101408,2,3.1578205032274127,27,23,0,0,F S,Paris FC,1,3.5439614383503795,7.954925827682018,1.9078789902850983,Ligue_1,0
8997,Terem Igobor Moffi,10,484,2,2.451147548854351,0,0.6640479266643524,16,5,0,0,F S,Nice,2,2.451147548854351,3.3552748262882237,0.5393990576267242,Ligue_1,0
9001,Martín Satriano,11,696,2,2.151202028617263,1,1.252128679305315,16,10,0,0,F S,Lyon,2,2.151202028617263,3.52288687415421,1.1022675083950162,Ligue_1,8
9929,Théo Le Bris,26,1811,2,1.709531266707927,2,1.3978275619447231,16,13,0,0,D S,Lorient,2,1.709531266707927,4.595136150252074,2.6511300066486,Ligue_1,28
10091,Tyler Morton,23,2046,2,1.8578537218272688,2,2.3909312272444367,23,26,5,1,M,Lyon,2,1.8578537218272688,10.008838376030326,7.96293393149972,Ligue_1,25
10295,Louis Mouton,26,1762,2,3.003793777897954,1,2.226424476131797,35,19,1,1,M S,Angers,2,3.003793777897954,7.495709833689034,2.840818257071078,Ligue_1,24
10349,Mika Biereth,25,1009,2,3.207695998251438,2,1.979857835918665,19,17,0,0,F M S,Monaco,2,3.207695998251438,6.597156509757042,1.857059877365828,Ligue_1,7
10485,Guemissongui Ouattara,23,1423,2,2.410859221592545,0,1.7157900668680668,23,5,2,0,D M S,Strasbourg,2,2.410859221592545,7.025538694113493,4.925299420952797,Ligue_1,0
10517,Yassin Belkhdim,26,2085,2,2.15609822422266,2,1.5286035342141986,30,15,4,0,M S,Angers,2,2.15609822422266,7.361831707879901,4.55259077064693,Ligue_1,41
10786,Warren Zaïre-Emery,26,2126,2,2.0485235983505845,4,3.7308402908965945,18,37,2,0,D M S,Paris Saint Germain,2,2.0485235983505845,18.224414663389325,14.39185168594122,Ligue_1,26
10818,Kévin Danois,26,2223,2,1.674341183155775,1,4.050621071830392,21,44,3,0,M S,Auxerre,2,1.674341183155775,7.5582912135869265,4.363229636102915,Ligue_1,30
10868,Guela Doué,20,1705,2,1.8245076457969844,5,1.881382867693901,11,12,3,0,D M S,Strasbourg,2,1.8245076457969844,8.411272499710321,6.441719226539135,Ligue_1,33
10923,Himad Abdelli,17,1005,2,1.9128024354577065,0,0.554893160238862,14,9,2,0,M S,"Angers,Marseille",0,0.3926121443510055,5.091049790382385,4.5613878313452005,Ligue_1,1
11132,Ethan Nwaneri,7,287,2,0.8378488328307867,1,0.979939728975296,8,5,1,0,M S,Marseille,2,0.8378488328307867,2.053749568760395,1.1101905349642038,Ligue_1,0
11142,Pierre Ganiou,16,1426,2,1.6433472372591496,0,0.2637620456516742,12,4,2,1,D,Lens,2,1.6433472372591496,7.449838995933533,7.39838519692421,Ligue_1,0
11294,Lilian Raolisoa,25,1370,2,0.9511190205812454,2,2.62379701808095,14,18,2,0,D F M S,Angers,2,0.9511190205812454,6.291368937119842,2.8845292814075947,Ligue_1,19
11798,Koffi Kouao,23,1958,2,1.5846736086532474,1,1.2461658138781786,21,11,8,0,D,Metz,2,1.5846736086532474,4.389091636054218,2.010808291845024,Ligue_1,40
11806,Sadibou Sané,16,1310,2,0.1430946551263332,0,0.0401349551975727,3,2,4,2,D S,Metz,2,0.1430946551263332,2.02971925586462,2.02971925586462,Ligue_1,23
12111,Amir Murillo,16,978,2,1.0468609929084778,1,1.9396317675709724,9,11,4,0,D M S,Marseille,2,1.0468609929084778,9.449122466146946,7.076627906411886,Ligue_1,0
12336,Malick Fofana,10,753,2,2.6917807161808014,1,2.172333646565676,18,9,1,0,M S,Lyon,2,2.6917807161808014,6.68719756603241,2.72025478258729,Ligue_1,5
12804,George Ilenikhena,15,343,2,1.2629067562520504,0,0.2268627993762493,15,3,0,0,F S,Monaco,2,1.2629067562520504,2.503964938223362,1.0573195964097977,Ligue_1,0
12844,Bahereba Guirassy,18,766,2,1.862612210214138,1,1.0273366682231426,13,7,1,0,F M S,Nantes,2,1.862612210214138,3.27500076033175,0.4723921976983547,Ligue_1,13
13329,Abdelhamid Aït Boudlal,13,766,2,1.1382043985649943,1,0.531465470790863,4,1,2,1,D S,Rennes,2,1.1382043985649943,2.215797355398536,2.1961575653404,Ligue_1,8
13732,Samson Baidoo,18,1544,2,2.378174432553351,1,0.4557065162807703,15,3,2,0,D S,Lens,2,2.378174432553351,5.679901123046875,5.1784957982599735,Ligue_1,18
13739,Afonso Moreira,20,1065,2,1.7208419367671013,6,4.331596934236586,23,21,2,0,D F M S,Lyon,2,1.7208419367671013,8.31010671146214,3.2850486747920518,Ligue_1,15
13794,Arsène Kouassi,25,2117,2,0.4934899332001805,5,3.987613430246711,6,26,3,0,D S,Lorient,2,0.4934899332001805,6.2331181187182665,4.587899556383491,Ligue_1,15
13801,Alimami Gory,18,717,2,1.743067655712366,1,0.4621707927435636,10,2,0,0,D F M S,Paris FC,2,1.743067655712366,3.148098824545741,0.960314493626356,Ligue_1,7
13809,Giorgi Tsitaishvili,27,1935,2,1.246155678294599,2,3.340100109577179,23,35,2,0,D F M S,Metz,2,1.246155678294599,5.745448045432568,1.889538038522005,Ligue_1,0
13813,Giorgi Abuashvili,18,508,2,0.7002866202965379,0,0.5343582592904568,15,6,1,0,D F M S,Metz,2,0.7002866202965379,1.6482065506279469,0.6773670576512814,Ligue_1,6
13918,Julián Vignolo,12,153,2,1.6874926052987576,0,0.330946609377861,8,7,0,0,M S,Toulouse,2,1.6874926052987576,0.6546274572610855,0.129887368530035,Ligue_1,3
14131,Amine Sbaï,19,1390,2,2.885209120810032,1,1.653529729694128,26,20,1,0,F M S,Angers,2,2.885209120810032,6.240653056651354,2.3302686624228954,Ligue_1,0
14132,Djibirin Harouna,15,286,2,1.2620018012821674,1,0.6283082962036133,7,4,2,0,M S,Angers,2,1.2620018012821674,1.8520428966730835,0.4525685086846351,Ligue_1,0
14406,Noah Nartey,8,484,2,0.9463840425014496,0,0.0831712540239095,4,3,0,0,M S,Lyon,2,0.9463840425014496,2.3696864768862724,1.3401311207562685,Ligue_1,6
14407,Nathan Mbala,7,130,2,0.4838179312646389,0,0.1905521564185619,9,4,0,0,F S,Metz,2,0.4838179312646389,0.6199435479938984,0.2330616638064384,Ligue_1,1
14408,Bryan Okoh,7,543,2,0.8278331607580185,0,0.2563950940966606,5,3,1,0,D S,Auxerre,2,0.8278331607580185,0.6082344800233841,0.4190115705132484,Ligue_1,4
101,Allan Saint-Maximin,5,171,1,0.2178763225674629,2,0.8996400767937303,6,8,0,0,M S,Lens,1,0.2178763225674629,1.3687218204140663,0.4572257250547409,Ligue_1,0
643,Eric Dier,8,678,1,0.5377254784107208,0,0.028601836413145,3,1,0,0,D S,Monaco,1,0.5377254784107208,2.885582761839032,2.856980921700597,Ligue_1,2
1144,Seko Fofana,12,659,1,0.7612503450363874,0,0.6452769339084625,9,11,0,0,M S,Rennes,1,0.7612503450363874,3.743103414773941,2.6357836835086346,Ligue_1,2
1209,Ciro Immobile,7,473,1,1.0639543570578098,0,0.7578768283128738,9,4,1,0,F S,Paris FC,1,1.0639543570578098,1.94715129584074,0.7606675699353218,Ligue_1,0
1750,Ainsley Maitland-Niles,23,1919,1,2.450333006680012,3,2.748555427417159,12,18,4,1,D M S,Lyon,1,1.6902378425002098,9.149783361703156,5.650931207463145,Ligue_1,30
2447,Fabián,13,805,1,1.5254386328160765,2,1.219550495967269,13,12,0,0,M S,Paris Saint Germain,1,1.5254386328160765,5.715117409825325,3.932994544506073,Ligue_1,0
3237,Aissa Mandi,22,1802,1,0.7202100222930312,0,0.424257181584835,9,7,7,0,D S,Lille,1,0.7202100222930312,7.792532322928309,7.512051401659846,Ligue_1,18
3285,Gaetan Perrin,5,265,1,0.5568676721304655,0,1.0265619307756424,6,8,1,0,F M S,Lille,1,0.5568676721304655,2.216420743614435,1.0310187228024006,Ligue_1,5
3363,Benjamin Pavard,21,1481,1,0.7761205099523067,2,1.7946659661829472,8,8,4,0,D S,Marseille,1,0.7761205099523067,7.818168932572007,7.677706206217408,Ligue_1,1
3390,Rémy Cabella,9,483,1,1.598829306662083,0,1.1051190495491028,6,14,1,0,F M S,Nantes,0,0.8389328569173813,2.4875817857682705,0.95018245652318,Ligue_1,6
3673,Valentin Rongier,25,2210,1,0.7429740400984883,4,3.940956871025264,20,38,4,0,M,Rennes,1,0.7429740400984883,12.940123859792948,10.681948533281684,Ligue_1,39
3701,Gautier Lloris,22,1767,1,1.0197261283174155,1,1.0396993905305862,9,3,1,1,D S,Le Havre,1,1.0197261283174155,2.0409587156027555,1.9514867309480903,Ligue_1,20
4764,Jean-Philippe Gbamin,24,2008,1,1.90250856988132,1,0.8761229803785682,13,12,2,1,D M,Metz,1,1.90250856988132,4.298286416567862,3.586553976871073,Ligue_1,24
4882,Laurent Abergel,23,2004,1,0.7207506746053696,0,0.8493237104266882,20,14,6,0,M,Lorient,1,0.7207506746053696,6.252795144915581,5.36317490413785,Ligue_1,22
5619,Pierre Lees-Melou,19,1528,1,1.548682689666748,2,1.5865536145865915,29,13,4,0,M S,"Brest,Paris FC",1,1.548682689666748,7.040365539491177,4.891246818006039,Ligue_1,4
5661,Jonathan Ikone,17,718,1,1.6933187954127789,0,0.7901088446378708,13,6,1,0,F M S,Paris FC,1,1.6933187954127789,3.0376751609146595,1.2721509225666523,Ligue_1,8
5680,Thomas Meunier,19,1381,1,1.227012313902378,2,2.1891209837049246,15,13,2,0,D S,Lille,1,1.227012313902378,7.735565209761262,5.285338306799531,Ligue_1,14
5684,Arnaud Nordin,7,523,1,1.1874564699828625,1,0.8946917578577995,16,3,1,0,D F M,Rennes,1,1.1874564699828625,2.443819984793663,1.382231406867504,Ligue_1,6
5742,Hugo Magnetti,26,2196,1,0.4717331938445568,1,0.8158387243747711,18,13,4,0,M S,Brest,1,0.4717331938445568,6.682287249714136,6.043708964250982,Ligue_1,37
5745,Matthieu Udol,27,2423,1,3.4939711801707745,7,10.406742595136166,37,43,2,0,D,Lens,1,3.4939711801707745,16.7991211861372,8.718326348811388,Ligue_1,15
6017,Chidozie Awaziem,22,1961,1,0.4299875032156706,2,1.5799404215067625,9,10,6,0,D,Nantes,1,0.4299875032156706,4.327945837751031,3.314382085576653,Ligue_1,15
6238,Ignatius Ganago,6,330,1,2.086568746715784,0,0.0,8,0,0,0,F S,Nantes,0,1.326473597437143,1.3785434141755104,0.4637568704783916,Ligue_1,0
6308,Jessy Deminguet,25,1546,1,0.3666003746911883,0,0.2295913118869066,11,3,4,0,M S,Metz,1,0.3666003746911883,3.5969473775476217,3.102904073894024,Ligue_1,16
6923,Mohammed Salisu,12,1080,1,0.8756848890334368,0,0.1508046872913837,8,2,3,0,D,Monaco,1,0.8756848890334368,3.4531896859407425,3.2525459304451942,Ligue_1,11
6986,Hamed Junior Traore,9,354,1,1.066493920981884,1,0.7216425351798534,5,5,1,0,M S,Marseille,1,1.066493920981884,2.9351282119750977,1.1469917688518765,Ligue_1,0
7081,Francisco Sierralta,10,869,1,0.7252583894878626,0,0.0387212000787258,7,1,2,0,D S,Auxerre,1,0.7252583894878626,1.4416037444025278,1.4416037444025278,Ligue_1,6
7501,Amadou Haidara,4,81,1,0.3569767819717526,0,0.0,2,0,0,0,S,Lens,1,0.3569767819717526,0.6465291874483228,0.2895524054765701,Ligue_1,0
7631,Sebastian Szymanski,9,480,1,0.3826420791447162,2,1.10168344527483,8,7,0,0,M S,Rennes,1,0.3826420791447162,2.412744546309113,1.645402565598488,Ligue_1,6
8050,Hichem Boudaoui,19,1205,1,2.2678924463689327,2,0.9468166530132294,19,11,4,0,M S,Nice,1,2.2678924463689327,4.657411906868219,2.0558914598077536,Ligue_1,0
8119,Boubacar Traore,19,1391,1,0.9109912049025296,0,0.221991928294301,18,4,3,0,M S,Metz,1,0.9109912049025296,2.354182376526296,1.5097705023363233,Ligue_1,26
8187,Georges Mikautadze,2,180,1,1.2365504503250122,0,0.0,10,0,0,0,F,Lyon,1,1.2365504503250122,1.773119866847992,0.5973338335752487,Ligue_1,3
8697,Jonathan Clauss,24,2005,1,1.2389667117968202,6,6.498199798166752,19,54,0,0,D M S,Nice,1,1.2389667117968202,10.117903470993042,5.210007781162858,Ligue_1,31
8703,Sinaly Diomande,17,1508,1,1.5240850299596786,1,0.4875274710357189,4,4,2,1,D,Auxerre,1,1.5240850299596786,2.108303315937519,2.0737627744674683,Ligue_1,11
8777,Vitinha,25,1951,1,0.890582175925374,7,3.455289619043469,31,34,2,0,M S,Paris Saint Germain,1,0.890582175925374,18.923288512974977,16.540165323764086,Ligue_1,23
8920,Dilane Bakwa,3,94,1,0.0750504583120346,2,0.6692362725734711,2,3,0,0,S,Strasbourg,1,0.0750504583120346,1.7559681087732315,1.680917650461197,Ligue_1,2
9092,Marvin Senaya,20,1549,1,1.3491626419126987,0,0.1817782819271087,13,5,6,0,D S,Auxerre,1,1.3491626419126987,2.269932935014367,2.058303153142333,Ligue_1,23
9399,Quentin Merlin,26,1904,1,1.664761358872056,3,3.230303891003132,21,30,1,0,D M S,Rennes,1,1.664761358872056,8.07672755420208,5.70771380700171,Ligue_1,28
9633,Przemyslaw Frankowski,18,1215,1,0.3376607820391655,2,2.6184137174859643,9,29,5,0,D M S,Rennes,1,0.3376607820391655,6.049122440628707,5.321911761537194,Ligue_1,0
9645,Jim Allevinah,6,110,1,0.7092178463935852,0,0.0279313083738088,5,1,0,0,S,Angers,1,0.7092178463935852,0.8133896142244339,0.0762404650449752,Ligue_1,1
9661,Igor Silva,14,1196,1,0.3342035049572587,0,0.5010415175929666,7,8,1,0,D S,Lorient,1,0.3342035049572587,2.085690787062049,1.8507669549435375,Ligue_1,0
9885,Tanner Tessmann,25,1796,1,2.5335096772760157,0,1.3600170742720366,25,11,2,0,D M S,Lyon,1,2.5335096772760157,11.918129296973348,9.759490101598203,Ligue_1,20
10270,Lohann Doucet,5,114,1,0.6114895138889551,0,0.0927539598196744,2,4,2,0,M S,Paris FC,1,0.6114895138889551,0.7432505246251822,0.0653122887015342,Ligue_1,0
10581,Junior Mwanga,18,1484,1,1.1464128233492374,1,1.0294693931937218,10,16,2,1,D M,"Nantes,Strasbourg",1,1.1464128233492374,4.347559055313468,2.7056875210255384,Ligue_1,5
10620,Luca Koleosho,9,237,1,1.3861122336238625,0,0.5111763086169958,7,3,0,0,M S,Paris FC,1,1.3861122336238625,2.7513588406145573,0.8540703281760216,Ligue_1,1
10789,Anthony Rouault,19,1543,1,2.274423733353615,0,0.1675164084881544,8,6,4,0,D S,Rennes,1,2.274423733353615,6.130166653543711,5.57585284486413,Ligue_1,13
11016,Ousmane Camara,26,2225,1,0.2976964525878429,0,0.2501995433121919,6,4,2,0,D S,Angers,1,0.2976964525878429,6.365392871201038,6.116095662117004,Ligue_1,29
11046,Abdallah Sima,16,428,1,0.8003798834979534,2,0.6735871881246567,12,9,2,0,M S,Lens,1,0.8003798834979534,2.159023456275463,0.95702363550663,Ligue_1,5
11058,Julio Enciso,20,1442,1,4.661674277856946,2,2.315237496048212,41,18,2,0,M S,Strasbourg,1,4.661674277856946,10.23345086351037,4.451297029852867,Ligue_1,7
11259,Julien Le Cardinal,5,323,1,0.4954712763428688,0,0.0292062759399414,5,1,1,0,D S,Brest,1,0.4954712763428688,0.3809934593737125,0.0494261644780635,Ligue_1,5
11486,Illia Zabarnyi,21,1757,1,0.4419423416256904,0,0.1647182032465934,3,4,3,0,D S,Paris Saint Germain,1,0.4419423416256904,10.622566372156143,10.600304812192917,Ligue_1,14
11618,Samuel Amo-Ameyaw,20,635,1,0.7245830167084932,2,1.1129024783149362,7,10,2,0,D M S,Strasbourg,1,0.7245830167084932,4.154298588633537,2.9214208610355854,Ligue_1,9
11762,Morgan Guilavogui,16,444,1,1.7886713072657583,0,1.1636604741215706,10,11,3,1,M S,Lens,1,1.7886713072657583,4.216861076653004,2.2034296356141567,Ligue_1,10
11777,Cristian Cásseres Jr.,24,1972,1,1.621417237445712,1,1.9907968379557133,21,29,5,0,M S,Toulouse,1,0.8613220732659101,5.963621851056814,4.446985971182585,Ligue_1,33
11788,Arouna Sangante,23,1919,1,0.4246211238205433,1,0.3419825341552496,8,9,3,1,D,Le Havre,1,0.4246211238205433,3.192737827077508,2.9530341420322657,Ligue_1,18
11789,Josué Casimir,25,1430,1,2.7186045553535223,0,1.303446315228939,21,9,3,1,D F M S,Auxerre,1,1.9585093911737204,4.873236328363419,2.2509103063493967,Ligue_1,13
11795,Yassine Kechta,25,1138,1,1.3131993394345045,1,1.2624037396162748,17,11,3,0,F M S,Le Havre,1,1.3131993394345045,4.744821714237332,2.3795374780893326,Ligue_1,16
11962,Oussama El Azzouzi,11,821,1,0.6952410852536559,0,0.5211914069950581,5,9,1,1,D M S,Auxerre,1,0.6952410852536559,1.5860830247402191,0.8512548767030239,Ligue_1,15
12000,Ibou Sané,16,520,1,0.3316338993608951,1,0.943551391363144,6,5,2,0,F M S,Metz,1,0.3316338993608951,1.4006390273571014,0.232405548915267,Ligue_1,3
12328,Arthur Avom,24,1702,1,0.8287424268200994,1,2.5769289694726467,17,28,3,0,M S,Lorient,1,0.8287424268200994,6.610923008061945,4.303381861187518,Ligue_1,26
12346,Beraldo,12,881,1,0.3841647915542125,0,0.0260392893105745,3,1,1,0,D S,Paris Saint Germain,1,0.3841647915542125,6.143180795013905,6.143180795013905,Ligue_1,0
12383,Mohamed Bamba,18,664,1,2.8765433095395565,2,1.6329459995031357,13,6,3,0,F S,Lorient,1,2.116448190063238,3.6792133301496506,0.6662338711321354,Ligue_1,2
12387,Dehmaine Assoumani,22,1075,1,1.115617417730391,0,1.710733491927385,22,16,4,0,D F M S,Nantes,1,1.115617417730391,3.2707370528951287,1.6107352385297418,Ligue_1,17
12426,Stanis Idumbo Muzambo,8,129,1,1.0647227093577385,1,0.4020053409039974,6,3,0,0,S,Monaco,1,1.0647227093577385,1.4752825424075129,0.036861315369606,Ligue_1,0
12498,Valentín Barco,24,2001,1,2.385685028508305,4,5.236815258860588,24,36,5,1,M S,Strasbourg,1,2.385685028508305,15.195374097675083,9.99824588559568,Ligue_1,33
12733,Ibrahim Mbaye,19,822,1,2.2309685610234737,2,2.089094409719109,18,17,0,0,F M S,Paris Saint Germain,1,2.2309685610234737,7.025251138955355,2.881834581494332,Ligue_1,6
12800,Ngal&#039;ayel Mukau,23,1058,1,2.3549841325730085,0,0.2545448457822203,16,8,2,0,M S,Lille,1,2.3549841325730085,4.082390651106834,2.6793457698076963,Ligue_1,0
12801,Osame Sahraoui,16,434,1,1.1932789869606495,2,0.7470568045973778,11,8,0,0,M S,Lille,1,1.1932789869606495,4.109580367803574,2.456595327705145,Ligue_1,3
12846,Louis Leroux,18,1237,1,1.3084061611443758,1,0.3721708245575428,10,12,1,0,D M S,Nantes,1,1.3084061611443758,2.753698866814375,1.706028927117586,Ligue_1,17
13053,Saud Abdulhamid,20,982,1,0.3190438766032457,3,1.485504724085331,6,11,2,0,D S,Lens,1,0.3190438766032457,5.061052719131112,3.459757791832089,Ligue_1,19
13070,Ali Abdi,16,906,1,0.5011469712480903,0,1.1005097664892671,4,10,2,1,D M S,Nice,1,0.5011469712480903,1.47310124989599,0.8003963502123952,Ligue_1,8
13206,Matt O&#039;Riley,15,725,1,0.8605696111917496,2,3.089729510247708,7,12,2,0,M S,Marseille,1,0.8605696111917496,6.183519525453448,4.171106377616525,Ligue_1,0
13471,Soriba Diaoune,10,160,1,0.9795868322253228,1,0.2010346315801143,10,5,0,0,M S,Lille,1,0.9795868322253228,1.3917466141283512,0.5611154288053513,Ligue_1,2
13548,Stephan Zagadou,7,502,1,0.100525863468647,0,0.1055814241990447,1,2,0,1,D S,Le Havre,1,0.100525863468647,0.8398977145552635,0.8263909742236137,Ligue_1,5
13612,Lanroy Machine,15,260,1,1.356049694120884,0,0.061457292176783,11,2,0,0,F S,Angers,1,1.356049694120884,1.9172036899253728,0.5177855575457215,Ligue_1,3
13626,Quentin Ndjantou,10,344,1,1.466904889792204,1,0.3161036949604749,9,5,1,0,M S,Paris Saint Germain,1,1.466904889792204,3.159311279654503,1.608749993145466,Ligue_1,0
13734,Adam Karabec,19,901,1,1.5626697093248367,0,2.095198465511203,9,21,3,0,M S,Lyon,1,1.5626697093248367,5.530647456645966,3.182189006358385,Ligue_1,3
13738,Ruben Kluivert,11,636,1,0.467510849237442,2,0.7292618155479431,1,2,2,0,D S,Lyon,1,0.467510849237442,2.727930672466755,2.727930672466755,Ligue_1,7
13743,Godson Kyeremeh,11,326,1,0.8428471460938454,1,0.4994545765221119,5,5,0,0,F S,Le Havre,1,0.8428471460938454,1.1535777151584623,0.4577184207737446,Ligue_1,5
13744,Felix Mambimbi,16,514,1,0.5050474088639021,0,0.6854475047439337,5,7,1,0,F M S,Le Havre,1,0.5050474088639021,1.5925639206543565,0.5822047553956509,Ligue_1,10
13749,Dro Fernández,6,236,1,0.8376500084996223,0,0.0609027966856956,3,2,0,0,M S,Paris Saint Germain,1,0.8376500084996223,2.1671628952026367,1.579693030565977,Ligue_1,0
13750,Kojo Peprah Oppong,23,1900,1,1.3100588582456112,0,0.5910270726308227,10,6,3,0,D S,Nice,1,1.3100588582456112,5.099375122226775,4.354343648999929,Ligue_1,23
13751,Isak Jansson,16,527,1,1.2952465619891882,0,0.8146452065557241,13,6,2,0,F M S,Nice,1,1.2952465619891882,2.6565928496420383,1.218448868021369,Ligue_1,6
13755,Mário Sauer,21,579,1,1.2579462807625532,0,0.0844555795192718,13,2,2,0,M S,Toulouse,1,1.2579462807625532,1.9610985508188603,0.6879142578691244,Ligue_1,6
13757,Alexis Vossah,18,759,1,0.4387269616127014,1,0.5139592438936234,8,4,3,1,M S,Toulouse,1,0.4387269616127014,2.285122469067573,1.814050704240799,Ligue_1,5
13782,Nathan Ngoy,23,1857,1,1.3962279465049503,2,1.2294035255908966,18,4,7,1,D S,Lille,1,1.3962279465049503,7.655309936031699,7.44882282987237,Ligue_1,18
13783,Marius Broholm,11,269,1,0.9693003743886948,1,0.5659592226147652,4,8,0,0,M S,Lille,0,0.2092052325606346,0.7709199376404285,0.401414081454277,Ligue_1,6
13795,Dermane Karim,25,1246,1,1.3013652451336384,2,2.355442885309458,15,15,3,0,F M S,Lorient,1,1.3013652451336384,5.526643397286534,2.585036803036928,Ligue_1,14
13800,Samir Chergui,12,976,1,1.6221805308014154,0,0.1467773839831352,11,2,1,0,D S,Paris FC,1,1.6221805308014154,4.329122580587864,4.045926749706268,Ligue_1,10
13802,Nouha Dicko,8,51,1,0.6042886339128017,1,0.2991392016410827,5,1,0,0,S,Paris FC,1,0.6042886339128017,0.8723113313317299,0.3390029333531856,Ligue_1,0
13805,Adama Camara,23,1858,1,1.8084615897387264,0,0.7323170118033886,17,12,6,0,D M S,Paris FC,1,1.8084615897387264,8.126361191272736,6.453235246241093,Ligue_1,22
13818,Kendry Páez,15,411,1,1.0802584141492844,0,0.4478355869650841,10,6,0,0,F M S,Strasbourg,1,1.0802584141492844,2.189251961186528,0.9697998259216548,Ligue_1,4
13819,Maxi Oyedele,3,77,1,0.0579512603580951,0,0.0,1,0,1,0,M S,Strasbourg,1,0.0579512603580951,0.1886535733938217,0.1307023167610168,Ligue_1,0
13906,Nordan Mukiele,3,40,1,0.1269813515245914,0,0.0916880220174789,3,1,0,0,S,Rennes,1,0.1269813515245914,0.4104386419057846,0.2834572792053222,Ligue_1,0
13975,Noah Cadiou,21,1221,1,1.1629649130627513,1,0.5631947033107281,12,7,1,0,M S,Lorient,1,1.1629649130627513,4.211729736998677,2.660774348303676,Ligue_1,13
14033,Mayckel Lahdo,8,434,1,0.659747552126646,1,0.1672076191753149,3,4,1,0,F M S,Nantes,1,0.659747552126646,1.5088953264057636,0.7161721922457218,Ligue_1,2
14052,Pathé Mboup,22,911,1,3.12737388163805,0,0.9543697312474252,19,7,6,0,M S,Brest,1,3.12737388163805,5.875296901911497,1.8131424421444533,Ligue_1,15
14229,Noam Obougou,5,84,1,0.1607356611639261,0,0.0,4,0,0,0,S,Le Havre,1,0.1607356611639261,0.1486101411283016,0.0,Ligue_1,0
14241,Kenny Quetant,9,378,1,0.9725517965853214,0,0.0230902209877967,8,1,1,0,F S,Le Havre,1,0.9725517965853214,0.5541733372956514,0.1824631877243518,Ligue_1,0
14358,Pape Diop,10,882,1,1.3271832102909684,2,1.2961595226079226,23,16,2,0,M,Toulouse,1,1.3271832102909684,3.3611865416169167,2.1040241234004498,Ligue_1,0
14363,Rémi Himbert,6,114,1,1.180612087249756,0,0.0,10,0,0,0,F S,Lyon,1,1.180612087249756,0.807693213224411,0.0340640284121036,Ligue_1,3
14379,Kail Boudache,8,357,1,2.3218805715441704,0,0.1321547189727425,9,3,1,0,M S,Nice,1,2.3218805715441704,1.5200180113315582,0.1912256702780723,Ligue_1,7
148,Dante,10,730,0,0.1226211125031113,0,0.0,5,0,1,0,D S,Nice,0,0.1226211125031113,2.7275975346565247,2.7166566848754883,Ligue_1,4
281,Lukas Hradecky,10,815,0,0.0,0,0.0,0,0,0,0,GK,Monaco,0,0.0,2.3829845376312733,2.3829845376312733,Ligue_1,1
399,Ulisses García,4,203,0,0.0429399330168962,0,0.0308229159563779,2,1,1,1,D S,Marseille,0,0.0429399330168962,0.190365944057703,0.1376217044889927,Ligue_1,5
497,Francis Coquelin,12,440,0,0.1162510830909013,0,0.1288716830313205,4,2,1,0,M S,Nantes,0,0.1162510830909013,0.5001387260854244,0.2732462901622057,Ligue_1,8
782,Ben Chilwell,19,1552,0,0.2908765040338039,2,1.4190899282693863,5,7,4,0,D M S,Strasbourg,0,0.2908765040338039,7.357350325211883,6.154129868373275,Ligue_1,17
849,Chancel Mbemba,12,859,0,0.287587895989418,0,0.5853789737448096,5,4,2,0,D S,Lille,0,0.287587895989418,4.277567163109779,4.227935507893562,Ligue_1,8
1245,Emerson,22,1685,0,0.3816711138933897,3,3.0715278517454863,12,30,2,0,D S,Marseille,0,0.3816711138933897,11.559889094904063,9.946482878178358,Ligue_1,0
1326,Assane Diousse,14,186,0,0.1560398302972316,0,0.1471826359629631,4,3,3,0,M S,Auxerre,0,0.1560398302972316,0.8970118267461658,0.7924451166763902,Ligue_1,1
1461,Pol Lirola,3,19,0,0.0,0,0.0796073451638221,0,1,0,0,S,Marseille,0,0.0,0.0796073451638221,0.0,Ligue_1,3
1516,Geoffrey Kondogbia,10,635,0,0.2751816101372242,0,0.0944272764027118,4,2,3,0,D M S,Marseille,0,0.2751816101372242,2.983300684019923,2.946565704420209,Ligue_1,9
1734,Sofiane Boufal,10,640,0,0.2989824246615171,3,1.868586799129844,10,17,1,0,F M S,Le Havre,0,0.2989824246615171,2.216589231044054,1.0158843100070951,Ligue_1,9
1740,Paul Pogba,3,22,0,0.0,0,0.0,0,0,0,0,S,Monaco,0,0.0,0.0331927090883255,0.0331927090883255,Ligue_1,2
1754,Joel Asoro,8,220,0,0.7841950580477715,0,0.0951687544584274,4,1,0,0,F S,Metz,0,0.7841950580477715,0.890510804951191,0.1063157469034195,Ligue_1,0
1760,Arthur Masuaku,1,1,0,0.0,0,0.0,0,0,0,0,S,Lens,0,0.0,0.0,0.0,Ligue_1,2
2063,Timothée Kolodziejczak,11,660,0,0.0428484007716178,0,0.0367399360984563,1,2,2,0,D S,Paris FC,0,0.0428484007716178,1.1362606137990952,1.0995206870138643,Ligue_1,6
2225,Gerónimo Rulli,23,2070,0,0.0,0,0.0,0,0,1,0,GK,Marseille,0,0.0,3.428655728697777,3.428655728697777,Ligue_1,0
2276,Lucas Hernández,18,1250,0,0.2572824377566576,2,1.1041348986327648,7,13,2,0,D S,Paris Saint Germain,0,0.2572824377566576,11.02999971061945,10.016915768384932,Ligue_1,8
2383,André Gomes,2,4,0,0.0,0,0.0,0,0,0,0,S,Lille,0,0.0,0.1375834643840789,0.1375834643840789,Ligue_1,0
2674,Thilo Kehrer,21,1830,0,1.4407017305493357,0,0.0864391215145587,15,4,4,2,D,Monaco,0,1.4407017305493357,6.917264468967915,6.900783009827137,Ligue_1,26
3239,Hamari Traore,11,877,0,0.3639629986137151,1,0.6969081042334437,4,5,3,0,D,Paris FC,0,0.3639629986137151,3.1492836829274893,2.6526078563183546,Ligue_1,17
3253,Frederic Guilbert,1,12,0,0.0,0,0.0,0,0,0,0,S,Nantes,0,0.0,0.0475540310144424,0.0475540310144424,Ligue_1,0
3269,Anthony Lopes,25,2249,0,0.0651054456830024,0,0.0,1,0,3,0,GK,Nantes,0,0.0651054456830024,1.259407265111804,1.259407265111804,Ligue_1,1
3276,Rachid Ghezzal,8,138,0,0.1070287097245454,0,0.0212944336235523,3,1,0,0,F S,Lyon,0,0.1070287097245454,0.6986606381833553,0.6526466608047485,Ligue_1,2
3286,Kevin Trapp,16,1440,0,0.0,0,0.0,0,0,2,0,GK,Paris FC,0,0.0,2.0214210711419582,2.0214210711419582,Ligue_1,0
3290,Benjamin Stambouli,14,738,0,0.2379691917449236,0,0.8940097391605377,5,7,0,0,M S,Metz,0,0.2379691917449236,1.282194085419178,0.9033274054527284,Ligue_1,14
3291,Adrien Rabiot,1,90,0,0.0285489968955516,0,0.1987203657627105,1,4,1,0,M,Marseille,0,0.0285489968955516,0.2597158551216125,0.1337805688381195,Ligue_1,21
3297,Marquinhos,11,770,0,0.027354821562767,0,0.0329714883118867,1,2,0,0,D S,Paris Saint Germain,0,0.027354821562767,4.457501379773021,4.424529878422618,Ligue_1,9
3348,Florian Sotoca,20,178,0,0.4814976751804352,0,0.7291110586374998,9,4,1,0,M S,Lens,0,0.4814976751804352,2.581062890589237,1.758533537387848,Ligue_1,1
3393,Bouna Sarr,5,337,0,0.4632836058735847,0,0.056768525391817,5,2,0,0,D M S,Metz,0,0.4632836058735847,1.070220224559307,0.6248150877654552,Ligue_1,3
3414,Maxime Dupé,8,720,0,0.0,0,0.0287394300103187,0,1,0,0,GK,Nice,0,0.0,0.6414920538663864,0.6414920538663864,Ligue_1,0
3495,Pierrick Capelle,9,230,0,0.1667101085186004,0,0.1750379018485546,3,3,0,0,M S,Angers,0,0.1667101085186004,0.3236729837954044,0.0415493324398994,Ligue_1,8
3621,Neal Maupay,1,1,0,0.0,0,0.0,0,0,0,0,S,Marseille,0,0.0,0.0,0.0,Ligue_1,0
3696,Morgan Sanson,25,1314,0,1.8220106111839411,2,1.3574427338317037,14,10,3,0,M S,Nice,0,1.8220106111839411,3.972183614037931,1.2533100359141829,Ligue_1,17
3743,Lucas Tousart,19,507,0,0.2135011199861765,0,0.4796754773706198,5,4,0,0,M S,Brest,0,0.2135011199861765,1.817415915429592,1.124239303171635,Ligue_1,11
3772,Maxime Lopez,20,1694,0,0.3220146242529154,3,4.93763561733067,8,39,8,0,M S,Paris FC,0,0.3220146242529154,11.65427747927606,8.295806977897882,Ligue_1,14
3785,Kelvin Adou,22,1963,0,0.340591112151742,1,1.3137031211517751,10,8,3,0,D,Nantes,0,0.340591112151742,4.207194481045008,3.044281706213951,Ligue_1,0
3786,Mathieu Cafaro,9,132,0,0.2964838612824678,0,0.2414950653910637,6,3,0,0,F S,Paris FC,0,0.2964838612824678,0.8715657591819763,0.555083841085434,Ligue_1,0
4748,Brice Samba,26,2340,0,0.0,0,0.0573797356337308,0,2,3,0,GK,Rennes,0,0.0,5.036620788276196,5.00109301134944,Ligue_1,0
4941,Hans Hateboer,14,683,0,0.2993073016405105,0,0.0340640284121036,6,1,0,1,D S,"Lyon,Rennes",0,0.2993073016405105,2.7459720633924007,2.5272104553878307,Ligue_1,0
5177,Caio Henrique,21,1521,0,0.1910106763243675,1,2.675951985642314,2,19,2,0,D M S,Monaco,0,0.1910106763243675,4.062545172870159,3.891177363693714,Ligue_1,0
5480,Matvey Safonov,9,810,0,0.0,0,0.0981416627764701,0,2,0,0,GK,Paris Saint Germain,0,0.0,2.930833423510194,2.832691760733724,Ligue_1,0
5648,Malang Sarr,26,2340,0,1.201361933723092,1,0.4327265471220016,17,4,2,0,D,Lens,0,1.201361933723092,11.239228814840317,10.78076058253646,Ligue_1,32
5690,Karl-Johan Johnsson,1,90,0,0.0,0,0.0,0,0,0,0,GK,Strasbourg,0,0.0,0.3783048093318939,0.3783048093318939,Ligue_1,0
5732,Abdoulaye Bamba,3,98,0,0.0148292882367968,0,0.0,1,0,0,0,D S,Angers,0,0.0148292882367968,0.384023517370224,0.3691942393779754,Ligue_1,1
5756,Carlens Arcus,24,2028,0,0.2048528864979744,3,2.0858899280428886,9,16,6,0,D,Angers,0,0.2048528864979744,7.85044134221971,7.027787463739514,Ligue_1,28
5762,Pierre-Yves Hamel,2,78,0,0.0,0,0.0,0,0,0,0,F S,Paris FC,0,0.0,0.1015194579958915,0.1015194579958915,Ligue_1,0
5768,Remy Descamps,5,450,0,0.0,0,0.0,0,0,0,0,GK,Lyon,0,0.0,0.873858168721199,0.873858168721199,Ligue_1,0
5803,Fode Toure,12,861,0,0.2401369120925665,0,0.9939170219004154,5,4,2,0,D S,Metz,0,0.2401369120925665,1.0049719577655196,0.7275086650624871,Ligue_1,0
5962,Tanguy NDombele Alvaro,7,188,0,0.2509399391710758,1,0.4536733664572239,4,4,0,0,M S,Nice,0,0.2509399391710758,0.886938314884901,0.2175728492438793,Ligue_1,0
5974,Bingourou Kamara,3,270,0,0.0,0,0.0,0,0,0,0,GK,Lorient,0,0.0,0.0,0.0,Ligue_1,0
5975,Kenny Lala,26,2323,0,0.2368002831935882,2,3.044563941657543,8,21,3,0,D,Brest,0,0.2368002831935882,7.869340447708964,5.974819658324122,Ligue_1,22
5989,Moussa Niakhate,25,2120,0,0.1709757754579186,2,0.7531700320541859,4,12,3,0,D S,Lyon,0,0.1709757754579186,9.903069512918591,9.368595409207046,Ligue_1,17
6007,Nicolas Cozza,22,1667,0,0.1318902056664228,0,0.3279413618147373,3,7,1,0,D S,Nantes,0,0.1318902056664228,2.073906557634473,1.7222471348941326,Ligue_1,17
6015,Kouakou Herve Koffi,23,2070,0,0.0,0,0.0,0,0,1,0,GK,Angers,0,0.0,3.809526292607188,3.809526292607188,Ligue_1,0
6088,Orel Mangala,5,176,0,0.1326984763145446,0,0.0989474989473819,3,3,0,0,M S,Lyon,0,0.1326984763145446,0.5796251446008682,0.3817962408065796,Ligue_1,3
6110,Yvon Mvogo,24,2160,0,0.0,0,0.0835237056016922,0,1,0,0,GK,Lorient,0,0.0,2.7158480351790786,2.7158480351790786,Ligue_1,1
6333,Elisha Owusu,22,1736,0,0.081781112588942,0,0.7808673176914454,4,9,6,0,M S,Auxerre,0,0.081781112588942,4.53982643969357,4.065679611638188,Ligue_1,36
6420,Romain Faivre,6,255,0,0.2263171225786209,2,0.7022640779614449,6,4,0,0,F M S,Auxerre,0,0.2263171225786209,0.3280836567282676,0.1323494389653206,Ligue_1,2
6709,Yehvann Diouf,19,1710,0,0.0,0,0.0,0,0,1,0,GK,Nice,0,0.0,1.428326578810811,1.428326578810811,Ligue_1,0
6895,Jordan Lefort,27,2430,0,0.4984982628375292,2,0.8347879536449909,9,7,2,0,D,Angers,0,0.4984982628375292,7.152927573770285,6.738542471081018,Ligue_1,25
6904,Ibrahima Sissoko,6,351,0,0.0381014179438352,0,0.0,3,0,3,0,D M S,Nantes,0,0.0381014179438352,1.1339287050068378,1.095827292650938,Ligue_1,4
7206,Jonathan Gradit,9,810,0,0.10594142973423,0,0.0885385647416114,2,2,2,0,D,Lens,0,0.10594142973423,2.78721896186471,2.739480827003717,Ligue_1,12
7486,Leonardo Balerdi,19,1443,0,1.238036636263132,1,0.2238230034708976,11,4,4,0,D S,Marseille,0,1.238036636263132,8.35610647406429,8.245282246731222,Ligue_1,19
7649,Younes Namli,12,300,0,0.1397290034219622,1,0.4426164589822292,4,2,2,0,F M S,Le Havre,0,0.1397290034219622,0.6029007220640779,0.4048599619418382,Ligue_1,5
7732,Haris Belkebla,26,2264,0,0.1648719646036625,0,0.4312891950830817,5,10,7,0,M,Angers,0,0.1648719646036625,6.19578754901886,5.7330819591879845,Ligue_1,34
7735,Donovan Léon,25,2120,0,0.0,0,0.0648864954710006,0,1,0,2,GK,Auxerre,0,0.0,1.5618039332330227,1.4969174340367315,Ligue_1,2
7736,Brendan Chardonnet,24,2105,0,0.7369303293526173,3,1.984584968537092,10,8,4,0,D,Brest,0,0.7369303293526173,5.630022568628192,4.851296639069915,Ligue_1,17
7765,Thomas Delaine,5,200,0,0.0810187254101038,0,0.2349496707320213,3,3,0,0,D M S,Le Havre,0,0.0810187254101038,0.5613143611699343,0.530651330947876,Ligue_1,0
8028,Uros Radakovic,4,15,0,0.0,0,0.0,0,0,0,0,S,Nantes,0,0.0,0.0,0.0,Ligue_1,0
8287,Mbwana Samatta,20,1013,0,4.120310535654426,1,1.6263441909104586,31,14,4,0,F S,Le Havre,0,4.120310535654426,4.871113358065486,0.5833859220147133,Ligue_1,4
8372,Lucas Gourna Douath,9,806,0,0.1340593118220567,0,0.112823586910963,6,4,3,0,M,Le Havre,0,0.1340593118220567,1.03415422514081,0.8330885637551546,Ligue_1,0
8638,Lucas Chevalier,17,1530,0,0.0,0,0.0,0,0,0,0,GK,Paris Saint Germain,0,0.0,3.965225800871849,3.965225800871849,Ligue_1,0
8641,Radoslaw Majecki,10,868,0,0.0,0,0.0,0,0,0,1,GK,Brest,0,0.0,0.7219709865748882,0.7219709865748882,Ligue_1,0
8646,Wout Faes,8,658,0,0.5434142965823412,0,0.0,4,0,3,0,D,Monaco,0,0.5434142965823412,2.4136456698179245,2.4136456698179245,Ligue_1,7
8647,Thibault De Smet,16,1063,0,0.1855126786977052,1,0.3585076257586479,4,4,2,2,D S,Paris FC,0,0.1855126786977052,4.550385486334562,4.428448963910341,Ligue_1,11
8664,Facundo Medina,11,841,0,0.1069104094058275,0,0.0727883502840995,3,1,3,0,D S,Marseille,0,0.1069104094058275,5.322393983602524,5.232209026813507,Ligue_1,9
8677,Lilian Brassier,22,1803,0,0.8253512624651194,1,0.7657565884292126,8,10,1,0,D S,Rennes,0,0.8253512624651194,6.700495630502701,6.362156838178635,Ligue_1,11
8686,Cheick Tidiane Sabaly,14,972,0,1.4295627772808075,2,1.8838837835937736,8,10,2,0,F M S,Metz,0,1.4295627772808075,3.6454500779509535,0.5496342591941357,Ligue_1,0
8701,Timothee Pembele,7,245,0,0.2248245291411876,0,0.0268710497766733,4,1,1,0,D S,Le Havre,0,0.2248245291411876,0.3499179538339376,0.3063123635947704,Ligue_1,3
8768,Kevin Omoruyi,18,828,0,3.8470362378284335,0,0.0926353186368942,20,1,3,0,F S,Nice,0,3.8470362378284335,4.134656655602157,1.3291925340890884,Ligue_1,0
8970,Sékou Mara,21,944,0,1.6350818276405334,1,0.5230912044644356,24,6,0,0,F S,Auxerre,0,1.6350818276405334,3.0522315204143524,1.2672152956947684,Ligue_1,6
9250,Reda Khadra,8,208,0,0.255093090236187,0,0.3646051771938801,6,6,0,0,F S,Le Havre,0,0.255093090236187,0.3439607117325067,0.082182053476572,Ligue_1,4
9274,Naouirou Ahamada,9,373,0,0.2920703142881393,0,0.3743992559611797,4,5,0,0,M S,Auxerre,0,0.2920703142881393,0.8643677532672882,0.1978981792926788,Ligue_1,6
9279,Krépin Diatta,15,843,0,0.2837868724018335,1,1.7593798488378525,5,12,2,0,D M S,Monaco,0,0.2837868724018335,4.246305383741856,2.980296589434147,Ligue_1,15
9514,Antoine Mendy,18,1475,0,1.56737688370049,0,0.0372293330729007,12,1,5,0,D S,Nice,0,1.56737688370049,5.1091175470501184,4.559107683598995,Ligue_1,26
9523,Andy Diouf,1,90,0,0.1755841225385666,0,0.0,3,0,0,0,M,Lens,0,0.1755841225385666,0.2758803963661194,0.1002962738275528,Ligue_1,3
9563,Mamadou Mbow,26,2261,0,0.5073643587529659,1,0.5212737750262022,7,4,3,0,D S,Paris FC,0,0.5073643587529659,7.146495160646737,7.102648434229195,Ligue_1,0
9616,Grégoire Coudert,18,1558,0,0.0,0,0.0,0,0,0,0,GK S,Brest,0,0.0,1.183384656906128,1.183384656906128,Ligue_1,0
9631,Christopher Wooh,2,64,0,0.0,0,0.0,0,0,0,1,D S,Rennes,0,0.0,0.3322351574897766,0.3322351574897766,Ligue_1,0
9632,Deiver Machado,13,775,0,0.6702228710055351,1,0.3977916315197944,8,2,2,0,D M S,"Lens,Nantes",0,0.6702228710055351,2.5166712030768394,1.472981370985508,Ligue_1,6
9642,Salis Abdul Samed,14,684,0,0.0,0,0.0130633702501654,0,1,3,0,M S,Nice,0,0.0,1.6737222857773304,1.6606589145958424,Ligue_1,7
9652,Alidu Seidu,15,804,0,0.0605139480903744,1,1.112774851731956,4,7,1,0,D S,Rennes,0,0.0605139480903744,4.219402273185551,4.148362569510937,Ligue_1,18
9655,Pablo Rosario,1,19,0,0.0812314674258232,0,0.1006641313433647,2,1,0,0,S,Nice,0,0.0812314674258232,0.2268148213624954,0.1455833613872528,Ligue_1,0
9658,Billal Brahimi,1,1,0,0.0,0,0.0987878814339637,0,1,0,0,S,Nice,0,0.0,0.0987878814339637,0.0987878814339637,Ligue_1,0
9659,Bradley Locko,19,1185,0,0.0710438583046197,1,0.968091333284974,2,7,0,0,D S,Brest,0,0.0710438583046197,3.5567757273092866,3.22801857534796,Ligue_1,26
9673,Bilal Nadir,19,535,0,0.3718383200466633,4,1.7742790505290031,7,9,3,1,M S,Marseille,0,0.3718383200466633,6.7088853400200605,4.632956676185131,Ligue_1,9
9699,Bamo Meïté,20,1605,0,0.7919618664309382,3,1.2407074691727755,6,7,4,0,D S,Lorient,0,0.7919618664309382,3.089598447084427,2.655634727329016,Ligue_1,12
9756,Dominik Greif,22,1980,0,0.0,1,0.0723137408494949,0,1,1,0,GK,Lyon,0,0.0,4.479793954640627,4.407480213791132,Ligue_1,0
9807,Gideon Mensah,23,1733,0,0.0131184523925185,1,1.1364952847361565,1,13,6,0,D S,Auxerre,0,0.0131184523925185,3.024073973298073,2.538790036924184,Ligue_1,25
9826,Axel Camblan,1,6,0,0.0,0,0.0274760853499174,0,1,0,0,S,Brest,0,0.0,0.1070601195096969,0.1070601195096969,Ligue_1,0
9833,Andrew Omobamidele,19,1003,0,0.3668146170675754,0,0.0,2,0,4,0,D S,Strasbourg,0,0.3668146170675754,4.167718419805169,4.167718419805169,Ligue_1,3
9873,Montassar Talbi,25,2250,0,0.6503488766029477,1,0.8650193754583597,11,7,3,0,D,Lorient,0,0.6503488766029477,5.69753192178905,5.457101855427027,Ligue_1,17
10057,Felix Lemarechal,11,556,0,0.911349218338728,2,1.2359443046152592,10,7,1,0,F M S,Strasbourg,0,0.911349218338728,3.2352783121168613,1.358577482402325,Ligue_1,6
10169,Diego Coppola,6,540,0,0.1812696158885955,1,0.3316617608070373,2,1,1,0,D,Paris FC,0,0.1812696158885955,1.0398882469162345,1.0398882469162345,Ligue_1,2
10172,Jonathan Rowe,1,69,0,0.4206070303916931,0,0.0,5,0,0,0,M,Marseille,0,0.4206070303916931,0.5255916714668274,0.132924884557724,Ligue_1,11
10174,CJ Egan-Riley,10,547,0,0.0,0,0.5053555741906166,0,2,1,1,D S,Marseille,0,0.0,1.9678200287744405,1.4624644620344045,Ligue_1,4
10243,Jacques Ekomie,25,1679,0,0.7854319140315056,0,1.219094457104802,8,10,3,0,D S,Angers,0,0.7854319140315056,3.6767120454460382,2.1730692703276877,Ligue_1,27
10271,Vanderson,14,609,0,0.1478172391653061,2,1.3581282254308462,3,11,4,0,D M S,Monaco,0,0.1478172391653061,3.2797976564615965,2.639238817617297,Ligue_1,13
10390,Ismaël Doukouré,20,1681,0,0.5101161524653435,1,0.6806409554556012,6,5,3,2,D M,Strasbourg,0,0.5101161524653435,6.329229757189751,6.156558558344841,Ligue_1,10
10397,Ugo Raghouber,1,1,0,0.0,0,0.0,0,0,0,0,S,Lille,0,0.0,0.5803102254867554,0.5803102254867554,Ligue_1,4
10467,Soumaila Coulibaly,13,1154,0,0.2997979279607534,0,0.0143665354698896,6,1,3,0,D,Brest,0,0.2997979279607534,3.665989134460688,3.665989134460688,Ligue_1,11
10701,Nicolás Tagliafico,19,1283,0,1.8607485853135584,3,2.174845789559185,15,13,3,2,D S,Lyon,0,1.8607485853135584,6.438942648470402,4.168301462195814,Ligue_1,13
10702,Johann Lepenant,20,1559,0,0.577111235819757,1,1.536249253898859,15,20,3,0,F M S,Nantes,0,0.577111235819757,4.331979624927044,3.241501722484827,Ligue_1,41
10769,Robin Risser,27,2430,0,0.0,1,0.0707157272845506,0,2,2,0,GK,Lens,0,0.0,5.49193430505693,5.421218577772379,Ligue_1,0
10771,Ben Seghir,2,40,0,0.0649819150567054,0,0.0,1,0,0,0,S,Monaco,0,0.0649819150567054,0.0649819150567054,0.0,Ligue_1,0
10780,Mory Diaw,23,2032,0,0.0,1,0.2680368945002556,0,3,1,0,GK,Le Havre,0,0.0,2.8575885305181146,2.6224191496148705,Ligue_1,0
10788,Rasmus Nicolaisen,26,2042,0,0.6196369072422385,0,0.097613513469696,13,2,2,0,D S,Toulouse,0,0.6196369072422385,3.463419461622834,3.24717397429049,Ligue_1,9
10790,Branco van den Boomen,8,628,0,0.2730126865208149,1,1.0310299806296823,9,14,2,0,M S,Angers,0,0.2730126865208149,2.6293532494455576,1.894097173586488,Ligue_1,5
10800,Kjetil Haug,1,27,0,0.0,0,0.0,0,0,0,0,S,Toulouse,0,0.0,0.3960287570953369,0.3960287570953369,Ligue_1,0
10810,Alexsandro Ribeiro,8,510,0,0.2516534775495529,0,0.0,7,0,0,1,D S,Lille,0,0.2516534775495529,3.515724942088127,3.515724942088127,Ligue_1,9
10844,Darline Yongwa,20,1170,0,0.7409866116940975,1,1.783777967095375,10,13,3,1,D S,Lorient,0,0.7409866116940975,3.492740500718355,1.5042753145098686,Ligue_1,0
11061,Michel Diaz,16,1285,0,0.3131665997207165,0,0.0303069576621055,5,1,3,0,D S,Brest,0,0.3131665997207165,1.39780380949378,1.39780380949378,Ligue_1,0
11062,Badredine Bouanani,2,88,0,0.0596934780478477,0,0.0380774699151515,1,1,0,0,M S,Nice,0,0.0596934780478477,0.7065351828932762,0.6087642312049866,Ligue_1,3
11131,Christian Mawissa Elebi,11,630,0,0.2955500483512878,0,0.2470102608203888,1,2,1,0,D S,Monaco,0,0.2955500483512878,2.7679030522704124,2.225342772901058,Ligue_1,0
11157,Sael Kumbedi,1,69,0,0.0316654555499553,0,0.0,1,0,1,0,D,Lyon,0,0.0316654555499553,0.5758469104766846,0.5758469104766846,Ligue_1,25
11250,Théo De Percin,4,304,0,0.0,0,0.0,0,0,0,0,GK S,Auxerre,0,0.0,0.1823040544986724,0.1823040544986724,Ligue_1,0
11253,Mamadou Sarr,15,1306,0,0.0497182086110115,0,0.0402926057577133,1,1,3,0,D,Strasbourg,0,0.0497182086110115,4.751081405207515,4.710788814350963,Ligue_1,0
11291,Warren Kamanzi,18,647,0,0.7507370207458735,1,0.5564930234104395,9,9,1,0,D S,Toulouse,0,0.7507370207458735,2.8488135039806366,1.6788276229053736,Ligue_1,9
11295,David Datro Fofana,4,125,0,0.3036099672317505,0,0.0276005733758211,2,1,0,0,F S,Strasbourg,0,0.3036099672317505,0.3749067783355713,0.2670905143022537,Ligue_1,1
11339,Youssouf Ndayishimiye,2,71,0,0.0,0,0.0,0,0,0,1,M S,Nice,0,0.0,0.0,0.0,Ligue_1,0
11371,Ibrahim Salah,2,22,0,0.0487111434340477,0,0.0,1,0,0,0,S,Rennes,0,0.0487111434340477,0.385202556848526,0.385202556848526,Ligue_1,1
11494,Justin-Noel Kalumba,4,224,0,0.0164420362561941,0,0.2669835407286882,1,4,0,0,F M S,Angers,0,0.0164420362561941,0.3195158392190933,0.1083559468388557,Ligue_1,0
11545,Jérémy Jacquet,19,1678,0,0.7883376181125641,0,0.5708747990429401,11,8,4,1,D,Rennes,0,0.7883376181125641,7.01008303463459,6.824784852564335,Ligue_1,17
11756,Tiago Santos,13,704,0,0.4807566478848457,0,0.7291203085333109,8,6,0,0,D S,Lille,0,0.4807566478848457,3.463873390108347,2.978833455592394,Ligue_1,8
11758,Ousmane Touré,1,57,0,0.0,0,0.0,0,0,0,0,D,Lille,0,0.0,0.1789066791534423,0.1789066791534423,Ligue_1,0
11770,Formose Mendy,2,142,0,0.0,0,0.0,0,0,1,0,D,Lorient,0,0.0,0.594171829521656,0.594171829521656,Ligue_1,1
11776,Guillaume Restes,27,2403,0,0.0,0,0.0612147636711597,0,1,3,0,GK,Toulouse,0,0.0,2.070706658065319,2.070706658065319,Ligue_1,0
11781,Philipp Köhn,19,1615,0,0.0,0,0.0,0,0,0,0,GK S,Monaco,0,0.0,2.2199502903968096,2.2199502903968096,Ligue_1,0
11787,Loïc Négo,24,2037,0,0.5308519587852061,0,1.5041199158877134,16,14,2,0,D M S,Le Havre,0,0.5308519587852061,3.891855176538229,3.0037224777042866,Ligue_1,29
11796,Étienne Youté,7,324,0,0.0,0,0.0365060158073902,0,1,2,0,D M S,Le Havre,0,0.0,0.0847400277853012,0.0482340119779109,Ligue_1,0
11797,Maxime Colin,19,1456,0,0.2320893183350563,0,0.1832619309425354,7,5,0,0,D S,Metz,0,0.2320893183350563,2.4692388959228992,2.3478849735111,Ligue_1,29
11799,Lamine Camara,18,1401,0,0.932622393593192,4,4.007170242257416,17,27,4,0,M S,Monaco,0,0.932622393593192,8.858427859842777,6.342246994376183,Ligue_1,27
11802,Malick Mbaye,5,302,0,0.0794959422200918,0,0.1359674669802189,2,2,1,0,M S,Metz,0,0.0794959422200918,0.276722751557827,0.1487007550895214,Ligue_1,8
11816,Abakar Sylla,3,68,0,0.3827866427600384,0,0.0,2,0,0,0,D S,"Nantes,Strasbourg",0,0.3827866427600384,0.1025833263993263,0.1025833263993263,Ligue_1,0
11819,Clinton Mata,25,2215,0,0.1249374523758888,0,0.0863934475928545,3,2,5,0,D,Lyon,0,0.1249374523758888,9.304074773564937,9.232952008023858,Ligue_1,18
11910,William Pacho,19,1550,0,0.3097534291446209,0,0.086424134671688,7,2,0,0,D S,Paris Saint Germain,0,0.3097534291446209,10.856337880715728,10.76991373859346,Ligue_1,0
11946,Mohamed Kaba,7,533,0,0.2346400395035743,1,1.129612784832716,4,5,2,0,M S,Nantes,0,0.2346400395035743,1.9149106442928316,1.0489539317786694,Ligue_1,7
11952,Fodé Sylla,3,70,0,0.0,0,0.033555407077074,0,1,0,0,M S,Lens,0,0.0,0.3459924161434173,0.3124370127916336,Ligue_1,6
12001,Joseph N&#039;Duquidi,1,4,0,0.0,0,0.0,0,0,0,0,S,Metz,0,0.0,0.0,0.0,Ligue_1,0
12004,Joel Mvuka,15,549,0,0.6974976677447557,0,1.0097364392131567,8,4,0,0,D S,Lorient,0,0.6974976677447557,1.845053747296333,0.3056419380009174,Ligue_1,13
12038,Fabian Rieder,3,144,0,0.0142771871760487,0,0.2747606635093689,1,2,0,0,M S,Rennes,0,0.0142771871760487,0.4903169274330139,0.2012790739536285,Ligue_1,14
12039,Bertug Yildirim,1,1,0,0.0,0,0.1205417215824127,0,1,0,0,S,Rennes,0,0.0,0.1205417215824127,0.1205417215824127,Ligue_1,0
12041,Roman Yaremchuk,5,163,0,0.5218189507722855,1,0.368707038462162,3,2,0,0,F S,Lyon,0,0.5218189507722855,0.9954022020101548,0.2005904167890548,Ligue_1,0
12151,Gabriel Osho,2,139,0,0.0,0,0.0,0,0,0,0,D,Auxerre,0,0.0,0.650982778519392,0.650982778519392,Ligue_1,3
12159,Mahamadou Nagida,12,552,0,0.5331865195184946,0,0.0878148349002003,11,3,2,0,D S,Rennes,0,0.5331865195184946,2.2250723987817764,1.655240386724472,Ligue_1,9
12162,Ayyoub Bouaddi,24,1869,0,0.9921961771324276,1,1.515459575690329,14,18,5,1,D M S,Lille,0,0.9921961771324276,9.064821359701456,7.71344811655581,Ligue_1,32
12186,Kassoum Ouattara,15,992,0,1.185075655579567,3,2.7024725899100304,12,17,3,0,D M S,Monaco,0,1.185075655579567,7.205395624041557,4.093011476099491,Ligue_1,19
12255,Paris Brunner,6,107,0,0.0808441005647182,0,0.0,2,0,1,0,F S,Monaco,0,0.0808441005647182,0.0808441005647182,0.0,Ligue_1,2
12258,Luc Zogbe,6,100,0,0.0307915061712265,0,0.0833600759506225,2,1,0,0,D S,Brest,0,0.0307915061712265,1.2129064202308657,1.2129064202308657,Ligue_1,0
12284,Samir El Mourabet,27,1762,0,0.3099220907315612,1,1.6835105121135712,9,23,4,0,M S,Strasbourg,0,0.3099220907315612,8.00521631911397,6.456664737313986,Ligue_1,32
12317,Nhoa Sangui,20,1272,0,0.1576418615877628,0,1.214121287688613,3,16,0,0,D S,Paris FC,0,0.1576418615877628,4.339477080851793,3.569941539317369,Ligue_1,10
12330,Noah Edjouma,15,319,0,0.6705907993018627,0,0.4905140548944473,10,7,0,0,F M S,"Lille,Toulouse",0,0.6705907993018627,1.5204327329993248,0.512029554694891,Ligue_1,3
12344,Anthony Bermont,9,58,0,0.1163775622844696,0,0.0,3,0,0,0,S,Lens,0,0.1163775622844696,1.1616841405630112,1.0453065782785416,Ligue_1,0
12376,Lucas Michal,7,225,0,0.2148022260516882,0,0.0516573041677475,4,1,1,0,M S,"Metz,Monaco",0,0.2148022260516882,0.3125922428444028,0.1268871249631047,Ligue_1,0
12381,Panos Katseris,9,223,0,0.4267240576446056,0,0.6820591390132904,5,4,2,0,D S,Lorient,0,0.4267240576446056,1.4263358749449253,0.8874340616166592,Ligue_1,4
12382,Nathaniel Adjei,9,302,0,0.0,0,0.0,0,0,0,0,D S,Lorient,0,0.0,0.3708966355770826,0.3708966355770826,Ligue_1,4
12392,Arthur Vermeeren,14,608,0,0.0354134496301412,1,0.2061706986278295,2,7,1,1,M S,Marseille,0,0.0354134496301412,3.093569204211235,2.893163323402405,Ligue_1,8
12400,Rabby Nzingoula,4,44,0,0.0482503212988376,0,0.073959931731224,1,1,0,1,S,Strasbourg,0,0.0482503212988376,0.1222102530300617,0.0,Ligue_1,1
12446,Simon Ebonog,23,1392,0,1.2917916364967823,0,0.2815643865615129,17,5,6,0,M S,Le Havre,0,1.2917916364967823,1.8129883594810965,0.5120087815448642,Ligue_1,20
12451,Djaoui Cissé,21,942,0,0.7663131225854158,0,0.727335138246417,24,12,3,0,M S,Rennes,0,0.7663131225854158,4.379709208384156,3.385873191058636,Ligue_1,20
12467,Paul Argney,1,90,0,0.0,0,0.0,0,0,0,0,GK,Le Havre,0,0.0,0.0,0.0,Ligue_1,0
12530,Mikayil Faye,1,5,0,0.0,0,0.0,0,0,0,0,S,Rennes,0,0.0,0.1205417215824127,0.1205417215824127,Ligue_1,0
12589,Vincent Burlet,1,13,0,0.0,0,0.3438287079334259,0,1,0,0,S,Lille,0,0.0,0.3438287079334259,0.3438287079334259,Ligue_1,0
12598,Rafik Messali,12,493,0,0.0,0,0.6397527754306793,0,3,2,0,D M S,Toulouse,0,0.0,1.0807295013219118,0.4409767556935549,Ligue_1,6
12601,Darryl Bakola,8,46,0,0.0401496291160583,0,0.0255114305764436,2,1,0,0,S,Marseille,0,0.0401496291160583,1.3969884980469942,1.3313274383544922,Ligue_1,0
12731,Daren Mosengo,5,88,0,0.0,0,0.0,0,0,0,0,S,Le Havre,0,0.0,0.0388820432126522,0.0388820432126522,Ligue_1,0
12732,Yanis Zouaoui,24,1869,0,0.4376318054273724,1,1.918864157050848,12,27,5,0,D M S,Le Havre,0,0.4376318054273724,3.159421185031533,2.2502141259610653,Ligue_1,19
12769,Derek Cornelius,2,58,0,0.0,0,0.0,0,0,0,0,S,Marseille,0,0.0,0.0,0.0,Ligue_1,0
12772,Jeffrey de Lange,4,360,0,0.0,0,0.1029973775148391,0,1,0,0,GK,Marseille,0,0.0,2.000873800367117,1.897876437753439,Ligue_1,0
12808,Mathis Amougou,9,261,0,0.1270902082324028,0,0.1072222217917442,2,2,1,0,M S,Strasbourg,0,0.1270902082324028,0.5627001617103815,0.3641504216939211,Ligue_1,5
12824,Clément Akpa,23,1825,0,0.2357997857034206,0,0.4232827648520469,6,9,2,1,D S,Auxerre,0,0.2357997857034206,2.3449558448046446,2.244819093495608,Ligue_1,19
12825,Theo Bair,2,4,0,0.0,0,0.0,0,0,0,0,S,Auxerre,0,0.0,0.0,0.0,Ligue_1,0
12826,Lasso Coulibaly,14,248,0,0.2644320409744978,0,0.1614852882921695,3,3,1,0,M S,Auxerre,0,0.2644320409744978,0.3771710768342018,0.1118076220154762,Ligue_1,5
12841,Dayann Methalie,21,1493,0,0.9077294152230024,0,0.9407255575060844,11,7,6,0,D S,Toulouse,0,0.9077294152230024,3.855082903057337,2.3070487044751644,Ligue_1,24
12842,Mark McKenzie,24,1998,0,0.2593727596104145,2,2.104134736582637,6,14,6,0,D S,Toulouse,0,0.2593727596104145,4.988649100065231,3.6153275072574615,Ligue_1,25
12845,Mathieu Acapandié,1,10,0,0.0,0,0.0,0,0,0,0,S,Nantes,0,0.0,0.0,0.0,Ligue_1,0
12848,Florent Hanin,19,763,0,0.0599207058548927,0,0.4625928476452827,2,7,0,0,D S,Angers,0,0.0599207058548927,2.7065684720873837,2.279388442635536,Ligue_1,8
12849,Melvin Zinga,2,180,0,0.0,0,0.0,0,0,0,0,GK,Angers,0,0.0,0.3120133280754089,0.3120133280754089,Ligue_1,1
12851,Emmanuel Biumla,5,236,0,0.0,0,0.0,0,0,0,0,D S,Angers,0,0.0,0.1817069798707962,0.1817069798707962,Ligue_1,3
12879,Glen Kamara,3,40,0,0.0,0,0.0,0,0,0,0,S,Rennes,0,0.0,0.2629594877362251,0.2629594877362251,Ligue_1,0
12950,Jordan Teze,26,1955,0,0.3223925614729523,1,3.1036167796701197,9,27,7,0,D M S,Monaco,0,0.3223925614729523,9.784644782543182,7.52425304800272,Ligue_1,41
12969,Moïse Bombito,2,154,0,0.0,0,0.0,0,0,1,0,D,Nice,0,0.0,0.0,0.0,Ligue_1,1
13010,Enzo Molébé,1,7,0,0.0,0,0.0,0,0,0,0,S,Lyon,0,0.0,0.0,0.0,Ligue_1,0
13016,Hong Hyun-Seok,6,281,0,0.5409451853483915,0,0.0377709530293941,4,1,0,0,M S,Nantes,0,0.5409451853483915,0.8386293146759272,0.3660714421421289,Ligue_1,0
13024,Serigne Diop,2,2,0,0.0950392112135887,0,0.0,1,0,0,0,S,Brest,0,0.0950392112135887,0.0,0.0,Ligue_1,0
13049,Damián Pizarro,2,15,0,0.0,0,0.0,0,0,0,0,S,Le Havre,0,0.0,0.0123843951150774,0.0123843951150774,Ligue_1,0
13089,Patrik Carlgren,2,91,0,0.0,0,0.0,0,0,0,0,GK S,Nantes,0,0.0,0.0,0.0,Ligue_1,0
13091,Jaydee Canvot,2,180,0,0.100351944565773,0,0.0,2,0,1,0,D M,Toulouse,0,0.100351944565773,0.1547568142414093,0.0544048696756362,Ligue_1,13
13100,Juma Bah,21,1538,0,0.7680023089051247,0,1.5613946039229631,6,6,6,0,D S,Nice,0,0.7680023089051247,4.646709168329835,3.981178816407919,Ligue_1,0
13137,Sékou Doucouré,1,37,0,0.0,0,0.0,0,0,0,0,S,Nantes,0,0.0,0.0,0.0,Ligue_1,0
13141,Kyllian Antonio,2,117,0,0.0487033985555172,0,0.0,1,0,1,0,D S,Lens,0,0.0487033985555172,0.1507349461317062,0.1507349461317062,Ligue_1,3
13158,Marius Courcoul,18,336,0,0.0531341508030891,0,0.1314946906641125,2,3,0,0,M S,Angers,0,0.0531341508030891,0.940909923054278,0.7930673100054264,Ligue_1,9
13159,Marius Louãr,4,102,0,0.0,0,0.1132440865039825,0,2,0,0,D S,Angers,0,0.0,0.2425792217254638,0.1765472143888473,Ligue_1,0
13181,Samuel Nibombé,1,1,0,0.0,0,0.0,0,0,0,0,S,Monaco,0,0.0,0.0,0.0,Ligue_1,0
13211,Mathis Saka,1,2,0,0.0,0,0.0,0,0,0,0,S,Toulouse,0,0.0,0.0,0.0,Ligue_1,0
13214,Aladji Bamba,12,502,0,0.0,0,1.095674604177475,0,5,3,0,M S,Monaco,0,0.0,2.5407519415020943,1.8604584969580171,Ligue_1,16
13265,Everton Pereira,2,71,0,0.0265566799789667,0,0.0,1,0,0,0,M S,Nice,0,0.0265566799789667,0.04556879773736,0.04556879773736,Ligue_1,0
13281,Bernard Nguene,6,111,0,0.17829130589962,0,0.0,3,0,1,0,S,Nice,0,0.17829130589962,0.6149792969226837,0.4366880059242248,Ligue_1,1
13283,Raphaël Le Guen,2,5,0,0.0,0,0.0,0,0,0,0,S,Brest,0,0.0,0.0,0.0,Ligue_1,0
13335,Goduine Koyalipou,7,495,0,1.6959716901183128,0,0.1800976637750864,15,3,0,0,F S,Angers,0,1.6959716901183128,1.9285701774060728,0.4540673494338989,Ligue_1,3
13356,Henrick Do Marcolino,1,1,0,0.0,0,0.0,0,0,0,0,S,Rennes,0,0.0,0.0,0.0,Ligue_1,1
13388,Justin Bourgault,1,12,0,0.0337523818016052,0,0.0,1,0,0,0,S,Brest,0,0.0337523818016052,0.0337523818016052,0.0,Ligue_1,0
13407,Fredrik Oppegård,19,958,0,0.4826142154633999,0,0.6106191631406546,9,10,1,1,D M S,Auxerre,0,0.4826142154633999,2.329192116856575,1.4917932553216815,Ligue_1,18
13432,Nidal Celik,6,483,0,0.1184364110231399,0,0.0,1,0,1,0,D,Lens,0,0.1184364110231399,1.7790353894233704,1.7790353894233704,Ligue_1,8
13460,Aaron Anselmino,2,2,0,0.0,0,0.0,0,0,0,0,S,Strasbourg,0,0.0,0.0,0.0,Ligue_1,8
13552,Hamidou Makalou,12,143,0,0.0411848463118076,0,0.2467860728502273,2,5,0,0,M S,Brest,0,0.0411848463118076,0.8007997442036867,0.6726967627182603,Ligue_1,3
13577,Rudy Matondo,21,935,0,0.3231643158942461,0,0.2112536653876304,7,4,4,1,D M S,"Auxerre,Paris FC",0,0.3231643158942461,2.086701563559473,1.7533935559913516,Ligue_1,7
13594,Noham Kamara,1,1,0,0.0,0,0.0,0,0,0,0,S,Lyon,0,0.0,0.0,0.0,Ligue_1,0
13596,Telli Siwe,3,230,0,0.0185836032032966,0,0.0386768914759159,1,1,0,0,D,Auxerre,0,0.0185836032032966,0.061690067872405,0.0230131763964891,Ligue_1,3
13733,Andrija Bulatovic,14,535,0,0.6116267889738083,1,1.6375185437500477,6,8,1,0,M S,Lens,0,0.6116267889738083,3.089028649032116,2.548415794968605,Ligue_1,15
13736,Khalis Merah,17,858,0,0.9693154729902744,1,1.1619455106556416,4,9,2,0,F M S,Lyon,0,0.9693154729902744,4.677760656923056,3.515639670193196,Ligue_1,5
13737,Mathys de Carvalho,10,278,0,0.3661429677158594,0,0.0353253707289695,7,1,1,0,M S,Lyon,0,0.3661429677158594,1.2250130511820316,0.997142868116498,Ligue_1,5
13742,Ayumu Seko,24,2089,0,0.8750335117802024,0,0.424968265928328,14,9,3,0,D M S,Le Havre,0,0.8750335117802024,4.303363568149507,3.8300056774169207,Ligue_1,22
13745,Lionel Mpasi,4,308,0,0.0,0,0.0,0,0,1,0,GK S,Le Havre,0,0.0,0.0,0.0,Ligue_1,0
13752,Gabin Bernardeau,4,90,0,0.0966928359121084,0,0.1070689260959625,3,2,0,0,M S,Nice,0,0.0966928359121084,0.1256759222596883,0.0,Ligue_1,4
13753,Djibril Coulibaly,1,1,0,0.0,0,0.0,0,0,0,0,S,Nice,0,0.0,0.047170702368021,0.047170702368021,Ligue_1,0
13754,Hamza Koutoune,1,1,0,0.0,0,0.0,0,0,0,0,S,Nice,0,0.0,0.0,0.0,Ligue_1,0
13758,Seny Koumbassa,5,161,0,0.0588552728295326,0,0.0,1,0,0,0,D S,Toulouse,0,0.0588552728295326,0.4270237628370523,0.4270237628370523,Ligue_1,4
13781,Berke Özer,25,2212,0,0.0,1,0.082175962626934,0,3,3,0,GK,Lille,0,0.0,6.111792301759124,6.0474445428699255,Ligue_1,1
13784,Maxima Goffi,1,33,0,0.0,0,0.0,0,0,0,0,S,Lille,0,0.0,0.170015349984169,0.170015349984169,Ligue_1,1
13785,Arnaud Bodart,3,218,0,0.0,0,0.0,0,0,0,0,GK S,Lille,0,0.0,0.4509392380714416,0.4509392380714416,Ligue_1,0
13792,Ibrahim Osman,14,631,0,1.9371187165379524,2,1.1821768693625927,18,7,0,0,F M S,Auxerre,0,1.9371187165379524,3.7771418634802094,1.6237635500729084,Ligue_1,7
13793,Lamine Sy,18,1130,0,0.747686455026269,0,1.1892096921801567,7,9,0,0,D S,Auxerre,0,0.747686455026269,3.437641829252243,2.221484489738941,Ligue_1,22
13798,Oumar Pona,2,180,0,0.0,0,0.0,0,0,1,0,GK,Angers,0,0.0,0.4477007836103439,0.4477007836103439,Ligue_1,0
13799,Obed Nkambadio,11,990,0,0.0,0,0.0066623808816075,0,1,0,0,GK,Paris FC,0,0.0,3.50345600116998,3.496793620288372,Ligue_1,0
13803,Julien Lopez,5,31,0,0.0,0,0.0,0,0,0,0,S,Paris FC,0,0.0,0.0238264705985784,0.0238264705985784,Ligue_1,0
13804,Tuomas Ollila,9,294,0,0.0699264351278543,0,0.1540660858154297,3,1,0,0,D S,Paris FC,0,0.0699264351278543,0.4612734112888574,0.3913469761610031,Ligue_1,1
13807,Jonathan Fischer,26,2259,0,0.0,0,0.031860314309597,0,1,0,0,GK S,Metz,0,0.0,2.174764512106776,2.174764512106776,Ligue_1,0
13808,Michel Mboula,10,573,0,0.1100235544145107,0,0.0,2,0,1,0,D S,Metz,0,0.1100235544145107,1.7130143642425537,1.6644140519201756,Ligue_1,6
13810,Brian Madjo,5,157,0,0.3160543292760849,0,0.0,3,0,0,0,F S,Metz,0,0.3160543292760849,0.3160543292760849,0.0,Ligue_1,0
13811,Idrissa Gueye,3,126,0,0.1229544505476951,0,0.0,2,0,0,0,F S,Metz,0,0.1229544505476951,0.0465278960764408,0.0,Ligue_1,1
13812,Alpha Touré,27,1362,0,0.9905983842909336,1,0.3358151316642761,16,8,4,0,D M S,Metz,0,0.9905983842909336,3.023623302578926,2.13583401683718,Ligue_1,20
13814,Pape Sy,2,171,0,0.0,0,0.0,0,0,0,0,GK,Metz,0,0.0,0.0,0.0,Ligue_1,0
13815,Morgan Bokele,10,208,0,0.2119899019598961,0,0.0904730334877967,3,2,0,0,D S,Metz,0,0.2119899019598961,0.359622023999691,0.1079056411981582,Ligue_1,0
13816,Mike Penders,26,2340,0,0.0,0,0.0,0,0,3,0,GK,Strasbourg,0,0.0,5.184734491631389,5.184734491631389,Ligue_1,0
13817,Lucas Høgsberg,17,1325,0,0.2162238508462906,0,0.0,4,0,1,1,D S,Strasbourg,0,0.2162238508462906,4.810210019350052,4.810210019350052,Ligue_1,7
13825,Tylel Tati,19,1690,0,0.4968229848891496,0,0.0154627989977598,3,1,5,0,D,Nantes,0,0.4968229848891496,3.6279613599181175,3.540383316576481,Ligue_1,13
13826,Kwon Hyeok-Kyu,12,777,0,0.1029223259538412,0,0.0,3,0,2,0,M S,Nantes,0,0.1029223259538412,0.5964700691401958,0.5764972977340221,Ligue_1,0
13827,Yassine Benhattab,10,479,0,0.1792120113968849,0,0.6935239918529987,4,6,0,0,F M S,Nantes,0,0.1792120113968849,1.123983647674322,0.3270279392600059,Ligue_1,6
13828,Amady Camara,10,131,0,0.6945584956556559,0,0.1180351264774799,6,2,0,0,F S,Nantes,0,0.6945584956556559,0.9101400710642338,0.0975464200600981,Ligue_1,3
13871,Otávio,21,1732,0,0.2026524604298174,0,0.1337638385593891,11,3,6,1,D S,Paris FC,0,0.2026524604298174,5.522318439558148,5.407842945307493,Ligue_1,0
13902,Ismaël Guerti,3,15,0,0.0,0,0.0,0,0,0,0,S,Metz,0,0.0,0.0495099872350692,0.0495099872350692,Ligue_1,1
13903,Cleo Mélières,2,26,0,0.0,0,0.0,0,0,1,0,S,Metz,0,0.0,0.0571590811014175,0.0571590811014175,Ligue_1,0
13904,Abdoulaye Faye,10,839,0,0.4847129695117473,0,0.0,6,0,7,0,D S,Lorient,0,0.4847129695117473,2.286055088043213,2.286055088043213,Ligue_1,13
13905,Mathys Silistre,1,90,0,0.0,0,0.0,0,0,0,0,GK,Rennes,0,0.0,0.0,0.0,Ligue_1,0
13916,Rafael Luís,8,264,0,0.0479002967476844,0,0.0736904423683881,1,3,0,0,M S,Strasbourg,0,0.0479002967476844,1.2101527079939842,1.136462263762951,Ligue_1,0
13968,Daouda Guindo,20,1266,0,0.9660829417407512,0,0.494427677243948,17,4,3,1,D S,Brest,0,0.9660829417407512,2.7200844325125217,1.6573998853564262,Ligue_1,25
13999,Terry Yegbe,19,1538,0,0.823879374191165,1,0.3725151345133781,4,3,3,0,D S,Metz,0,0.823879374191165,2.1052322760224342,2.028651535511017,Ligue_1,6
14011,Martin Bley,1,1,0,0.0,0,0.0,0,0,0,0,S,Lorient,0,0.0,0.0,0.0,Ligue_1,0
14031,Charles Vanhoutte,21,1632,0,0.1226118933409452,2,0.9736454375088216,3,11,7,0,M S,Nice,0,0.1226118933409452,5.837230619043112,4.813162163831294,Ligue_1,24
14032,Tiago Gouveia,14,506,0,0.9029901213943958,0,0.6395432502031326,12,2,2,0,D M S,Nice,0,0.9029901213943958,1.151403535157442,0.701687641441822,Ligue_1,3
14034,Bahmed Deuff,10,199,0,0.2264048727229237,0,0.1548909842967987,6,1,0,0,M S,Nantes,0,0.2264048727229237,0.5084327226504683,0.1271368712186813,Ligue_1,2
14048,Calvin Verdonk,13,721,0,0.0258699608966708,0,0.6956469472497702,2,8,3,1,D S,Lille,0,0.0258699608966708,3.114697897806764,2.6324351839721203,Ligue_1,9
14049,Abu Francis,8,546,0,0.1765392795205116,0,0.0443781726062297,6,1,2,0,M S,Toulouse,0,0.1765392795205116,1.878791879862547,1.688640858978033,Ligue_1,0
14081,Ryan Rodin,3,16,0,0.0,0,0.0,0,0,0,0,S,Auxerre,0,0.0,0.0844174921512603,0.0844174921512603,Ligue_1,0
14083,Enzo Koffi,11,297,0,0.3517147842794657,0,0.2092204317450523,4,3,1,0,D S,Le Havre,0,0.3517147842794657,1.0550760067999363,0.855437770485878,Ligue_1,0
14098,Pape Cabral,4,53,0,0.5059756189584732,0,0.0,3,0,0,0,S,Monaco,0,0.5059756189584732,0.5961288139224052,0.5003542080521584,Ligue_1,1
14101,Mathis Jangeal,1,6,0,0.0,0,0.0,0,0,0,0,S,Paris Saint Germain,0,0.0,0.136464461684227,0.136464461684227,Ligue_1,0
14103,Tidiane Devernois,2,2,0,0.0,0,0.1240701107308268,0,2,0,0,S,Auxerre,0,0.0,0.0082670329138636,0.0082670329138636,Ligue_1,0
14147,Believe Munongo,7,307,0,0.1387483142316341,0,0.0908819772303104,3,2,0,0,M S,Metz,0,0.1387483142316341,0.9243753366172314,0.7718510031700134,Ligue_1,3
14159,Tadjidine Mmadi,2,8,0,0.0,0,0.0229813698679208,0,1,0,0,S,Marseille,0,0.0,0.0229813698679208,0.0229813698679208,Ligue_1,1
14160,Dan Sinaté,2,24,0,0.0591515302658081,0,0.0,1,0,0,0,S,Angers,0,0.0591515302658081,0.0846241191029548,0.0254725851118564,Ligue_1,0
14161,Lucas Rosier,2,2,0,0.0,0,0.0,0,0,0,0,S,Rennes,0,0.0,0.0,0.0,Ligue_1,0
14163,Yvan Zaddy,1,1,0,0.0,0,0.0,0,0,0,0,S,Auxerre,0,0.0,0.0,0.0,Ligue_1,0
14165,Brad-Hamilton Mantsounga,1,90,0,0.0,0,0.0,0,0,0,0,D,Nice,0,0.0,0.4459130764007568,0.4459130764007568,Ligue_1,0
14195,Adil Hamdani,4,20,0,0.0911009721457958,0,0.0,2,0,0,0,S,Lyon,0,0.0911009721457958,0.063235267996788,0.0,Ligue_1,0
14201,Elias Legendre,6,27,0,0.4692566990852356,0,0.1309029906988144,1,2,0,0,S,Rennes,0,0.4692566990852356,0.7294263541698456,0.1292666643857956,Ligue_1,0
14228,Mamoudou Cissokho,1,1,0,0.0,0,0.0,0,0,0,0,S,Auxerre,0,0.0,0.0,0.0,Ligue_1,0
14242,Zoumana Diallo,1,7,0,0.0,0,0.0824455916881561,0,1,0,0,S,Nice,0,0.0,0.0824455916881561,0.0,Ligue_1,0
14296,Everton Pereira da Silva,1,71,0,0.0754055231809616,0,0.0,1,0,0,0,M,Nice,0,0.0754055231809616,0.0352478735148906,0.0352478735148906,Ligue_1,0
14318,Noah Nsoki,1,4,0,0.0,0,0.0,0,0,0,0,S,Paris Saint Germain,0,0.0,0.0,0.0,Ligue_1,1
14320,Mohamed Benoit-Dao,1,1,0,0.0,0,0.0,0,0,0,0,S,Paris FC,0,0.0,0.0,0.0,Ligue_1,0
14357,Erawan Garnier,1,2,0,0.0,0,0.0981142669916153,0,1,0,0,S,Lens,0,0.0,0.0981142669916153,0.0,Ligue_1,1
14359,Gessime Yassine,7,171,0,0.1394811607897281,1,0.6285318359732628,3,3,0,0,M S,Strasbourg,0,0.1394811607897281,0.968782264739275,0.3040224015712738,Ligue_1,2
14376,Quinten Timber,9,736,0,0.9737968035042286,0,0.3663357496261596,6,6,2,0,M,Marseille,0,0.9737968035042286,2.611695259809494,2.092936865985393,Ligue_1,10
14378,Ali Youssef,1,90,0,0.0,0,0.0,0,0,1,0,D,Nantes,0,0.0,0.4589385688304901,0.4589385688304901,Ligue_1,0
14431,Giorgi Kvilitaia,5,115,0,0.1565071735531091,0,0.4536676704883575,3,2,0,0,F S,Metz,0,0.1565071735531091,0.1094144899398088,0.0,Ligue_1,2
14432,Ali Youssif,5,442,0,0.052574373781681,0,0.0896306335926055,2,1,2,0,D,Nantes,0,0.052574373781681,0.0819304175674915,0.0714996419847011,Ligue_1,0
14435,Jacen Russell-Rowe,7,212,0,0.7513042334467173,0,0.1697735171765089,6,5,0,0,F S,Toulouse,0,0.7513042334467173,0.999228835105896,0.5687938630580902,Ligue_1,2
14459,Yassir Zabiri,3,19,0,0.0940667763352394,0,0.0,1,0,0,0,S,Rennes,0,0.0940667763352394,0.0282455701380968,0.0282455701380968,Ligue_1,1
14499,Tochukwu Nnadi,3,24,0,0.0,0,0.0,0,0,0,0,S,Marseille,0,0.0,0.0,0.0,Ligue_1,0
14514,Daniel Semedo,1,7,0,0.0,0,0.0,0,0,0,0,S,Lorient,0,0.0,0.0,0.0,Ligue_1,0
14517,Steeve Kango,2,12,0,0.0,0,0.0,0,0,0,0,S,Lyon,0,0.0,0.0,0.0,Ligue_1,0
