id,player_name,games,time,goals,xG,assists,xA,shots,key_passes,yellow_cards,red_cards,position,team_title,npg,npxG,xGChain,xGBuildup,League,tackles
3423,Kylian Mbappe-Lottin,23,2041,23,21.64780845120549,4,6.512941654771566,111,54,3,0,F,Real Madrid,15,14.95830949023366,22.23695385456085,6.07964757271111,La_Liga,0
9002,Vedat Muriqi,26,2160,18,14.98125938884914,1,1.2104911403730512,74,12,3,1,F S,Mallorca,13,10.521593613550069,10.9022953286767,2.7047089827246964,La_Liga,3
11527,Lamine Yamal,23,1953,14,11.696614988148212,9,10.801214322447777,97,63,0,0,F M S,Barcelona,12,9.46678215265274,29.96692033857107,14.99508024007082,La_Liga,19
1235,Ante Budimir,26,2061,13,12.283620797097685,0,0.712651927024126,70,10,1,0,F S,Osasuna,9,8.56723266467452,7.506237840279937,0.8724451065063477,La_Liga,12
6441,Ferrán Torres,25,1558,12,13.659796830266714,1,2.1071850527077918,56,17,1,0,F M S,Barcelona,12,13.659796830266714,18.85624060407281,4.063856719993055,La_Liga,4
227,Robert Lewandowski,22,1030,11,13.244600269943476,1,1.707246646285057,50,9,2,0,F S,Barcelona,10,11.014767486602068,15.097747683525084,5.063795732334256,La_Liga,2
2234,Mikel Oyarzabal,24,2033,11,11.424993496388195,3,5.195232216268778,64,33,2,0,F S,Real Sociedad,7,8.452010948210955,16.407572150230408,5.870631724596024,La_Liga,13
2543,Borja Iglesias,24,1432,11,9.770618990063667,2,1.6599800884723663,40,17,6,0,F S,Celta Vigo,8,7.540786165744066,11.759857777506111,3.712372947484255,La_Liga,3
6531,Alexander Sørloth,26,1462,10,9.230048023164272,0,1.2237359210848808,50,10,3,1,F S,Atletico Madrid,10,9.230048023164272,10.513345445506276,1.30034436006099,La_Liga,4
8107,Jorge De Frutos,25,1868,10,9.39852156676352,1,2.185192434117198,41,23,2,0,F M,Rayo Vallecano,9,8.655243897810578,11.593741860240698,1.5291771087795496,La_Liga,12
7008,Vinícius Júnior,26,2069,9,9.973474495112896,5,5.246588980779052,74,48,6,0,F M S,Real Madrid,6,7.000364005565643,17.767170026898384,6.551719207316637,La_Liga,12
12160,Alberto Moleiro,26,1833,9,5.07492908090353,4,4.611291678622365,39,29,3,0,F M S,Villarreal,9,5.07492908090353,12.525592816993594,3.8367636390030384,La_Liga,11
14041,Vladyslav Vanat,24,1846,9,9.399721264839172,1,2.077208913862705,26,11,4,0,F,Girona,6,7.169888436794281,8.727086242288351,1.6265962794423103,La_Liga,3
6954,Juan Camilo Hernández,22,1866,8,8.682592749595642,3,4.052454952150583,63,28,2,0,F S,Real Betis,7,7.939315140247345,14.19253507256508,3.440162903629244,La_Liga,0
8026,Raphinha,18,1161,8,7.296199461445212,3,5.213481584563851,50,36,3,0,F M S,Barcelona,7,6.552921837195754,16.446984201669693,7.372651964426041,La_Liga,2
8187,Georges Mikautadze,22,1458,8,10.15859524346888,4,3.3805624451488256,40,17,1,0,F S,Villarreal,8,10.15859524346888,13.631259867921472,0.9945106888189912,La_Liga,1
10846,Julián Álvarez,27,1814,8,8.168195826932788,3,6.246315762400627,48,46,2,0,F S,Atletico Madrid,6,5.938362983986735,14.918634071946144,5.9993342738598585,La_Liga,11
1189,Lucas Boyé,20,1528,7,8.22836702130735,1,2.551776411011815,46,21,1,1,F M S,Alaves,6,7.485089352354407,11.226004030555488,3.659004306420684,La_Liga,21
2120,Gerard Moreno,13,772,7,4.073641765862703,0,2.642769679427147,22,18,0,0,F S,Villarreal,5,2.587086532264948,5.847267933189869,2.805291686207056,La_Liga,5
2589,Rafa Mir,22,1523,7,6.844356397166848,0,1.086331943050027,57,8,2,0,F M S,Elche,6,5.35792906023562,9.71628293581307,4.054512873291969,La_Liga,3
6170,André Silva,21,1203,7,6.862060454674065,0,1.3463149517774582,36,18,2,0,F S,Elche,6,6.118782845325768,7.259620310738683,1.3794817496091127,La_Liga,3
6637,Hugo Duro,25,1418,7,5.994393274188042,0,1.0660880766808989,26,13,4,1,F S,Valencia,7,5.994393274188042,7.332215897738934,1.7840082589536903,La_Liga,6
11094,Antony,22,1825,7,6.522263864055276,5,5.28869479522109,63,44,3,1,F M S,Real Betis,7,6.522263864055276,17.403583519160748,8.303991530556232,La_Liga,16
11783,Akor Adams,22,1458,7,8.522770423442125,3,0.8433635327965021,49,8,1,0,F S,Sevilla,5,7.036215174943209,8.340788539499044,1.0149144437164068,La_Liga,2
2270,Antoine Griezmann,24,853,6,5.22817380912602,1,2.2095108069479465,31,20,0,0,F S,Atletico Madrid,6,5.22817380912602,11.329400543123484,5.1656389608979225,La_Liga,4
2335,Pablo Fornals,27,2153,6,4.241605483926833,4,4.999027570709586,35,57,2,0,M S,Real Betis,6,4.241605483926833,17.95691378414631,10.224593899212778,La_Liga,21
4175,Pere Milla,24,1629,6,6.540062356740236,0,3.4254313986748457,50,29,4,1,F M S,Espanyol,6,6.540062356740236,8.930576240643859,2.4496226338669658,La_Liga,17
5682,Gonçalo Guedes,27,1544,6,3.490629728883505,4,2.4575627762824297,36,22,1,0,F M S,Real Sociedad,6,3.490629728883505,9.457606833428144,5.84881829097867,La_Liga,13
7020,Gorka Guruzeta,24,1607,6,8.197429660707712,1,2.419727431610226,56,17,2,1,F M S,Athletic Club,5,7.454152051359415,11.36316054314375,2.5459759924560785,La_Liga,3
8292,Dani Olmo,22,1411,6,6.921356825158,6,4.483275940641761,55,38,0,0,F M S,Barcelona,6,6.921356825158,16.975571803748608,7.915870152413845,La_Liga,18
10930,Etta Eyong,25,1600,6,9.068126692436635,4,2.7090571746230125,41,13,2,0,F S,"Levante,Villarreal",6,8.324849068187177,9.730580468662083,1.178514687344432,La_Liga,0
12322,Tajon Buchanan,25,1444,6,2.429425321519375,1,2.5965847074985504,22,15,7,0,F M S,Villarreal,6,2.429425321519375,7.17885777913034,2.39107268769294,La_Liga,17
3264,Mauro Arambarri,27,2399,5,5.382022429257631,2,0.7791327722370625,46,16,4,0,M,Getafe,3,3.8954672180116177,4.252427455037832,1.3238207614049315,La_Liga,35
5074,Kike García,25,1051,5,6.039704969152808,1,2.2512649903073907,35,15,3,0,F S,Espanyol,4,5.296427359804511,8.734355448745191,1.4166496358811855,La_Liga,0
6227,Brais Méndez,23,1362,5,3.938311054371298,2,1.7292586639523506,27,21,4,1,F M S,Real Sociedad,4,3.1950334003195167,8.21721264719963,4.4399906396865845,La_Liga,13
6400,Antonio Martínez,25,1710,5,7.668997213244438,2,2.0025639422237878,56,13,1,0,F S,Alaves,5,7.668997213244438,9.071996485814452,2.20798097923398,La_Liga,0
8042,Raul García,26,701,5,5.0923136211931705,0,0.4014175999909639,26,7,1,1,F S,Osasuna,5,5.0923136211931705,4.436079375445843,0.6412789802998304,La_Liga,0
8765,Roberto Navarro,22,807,5,3.0039532454684377,1,1.3722321689128876,14,17,1,0,M S,Athletic Club,5,3.0039532454684377,4.594656081870198,1.441140165552497,La_Liga,7
10095,Abdessamad Ezzalzouli,18,1391,5,6.765151135623455,5,4.64885868690908,50,18,3,0,F M S,Real Betis,5,6.765151135623455,13.227818593382835,3.85291594453156,La_Liga,0
11186,Alvaro Rodríguez,24,1530,5,8.632988597266376,4,3.278163105249405,53,27,0,0,F S,Elche,5,8.632988597266376,11.39185847248882,2.143536671064794,La_Liga,6
11322,Viktor Tsygankov,21,1692,5,4.288418769836426,2,2.473056494258344,32,31,1,0,F M S,Girona,5,4.288418769836426,8.745569534599781,3.1072435192763805,La_Liga,0
11402,Carlos Romero,24,2138,5,2.3073322270065546,2,2.477869786322117,23,17,2,0,D,Espanyol,5,2.3073322270065546,7.87500512227416,5.088069710880518,La_Liga,42
11822,Fermín López,21,1202,5,5.213188100606203,7,6.221707101911306,48,25,2,0,M S,Barcelona,5,5.213188100606203,19.12330003082752,9.956346198916435,La_Liga,13
12294,Carlos Vicente,21,1250,5,3.714753158390522,0,3.857187973335385,12,26,1,0,F M S,Alaves,2,1.4849203303456306,5.572600442916155,1.6297904159873724,La_Liga,18
13350,Roberto Fernández,26,1776,5,6.053465339355171,2,3.0181825878098607,42,16,2,0,F S,Espanyol,4,5.310187730006874,8.834903409704566,1.8411927334964275,La_Liga,2
13705,Federico Viñas,22,1541,5,6.415360026061535,1,2.113190598785877,37,18,2,3,F M S,Real Oviedo,4,5.672082416713238,6.461258336901665,1.866344852373004,La_Liga,24
556,Marcus Rashford,23,1322,4,7.008541365154088,6,4.088109420612454,65,36,2,0,F M S,Barcelona,4,7.008541365154088,14.217994539998472,6.653702098876238,La_Liga,7
2252,Borja Mayoral,14,1066,4,3.4059319589287043,1,0.5318673253059387,14,4,0,0,F S,Getafe,4,2.662654304876924,2.5814429819583893,0.4337698817253113,La_Liga,5
2290,Iago Aspas,23,776,4,4.120375998318195,3,3.6853601951152086,23,26,2,0,F M S,Celta Vigo,2,2.633820779621601,9.607239267788827,5.424367590807378,La_Liga,9
2478,Carlos Soler,22,1452,4,2.3962268959730864,2,2.786111063323915,24,29,2,1,M S,Real Sociedad,4,2.3962268959730864,5.640961013734341,3.057028206065297,La_Liga,14
2624,Djibril Sow,23,1610,4,1.067786879837513,1,1.089010767638683,15,15,3,0,M S,Sevilla,4,1.067786879837513,4.382154474034905,2.905713088810444,La_Liga,15
6427,Aitor Ruibal,21,1346,4,2.9682980263605714,1,1.4894947074353695,19,16,3,0,D F M S,Real Betis,4,2.9682980263605714,7.754921464249492,3.674519430845976,La_Liga,22
7071,Álvaro García,27,1826,4,6.074185658246279,4,5.416955496184528,41,30,3,0,F M S,Rayo Vallecano,4,6.074185658246279,11.826687527820468,1.9527512323111296,La_Liga,14
8230,German Valera,26,2068,4,2.0370508916676044,3,4.307785298675299,20,30,2,0,D F M S,Elche,4,2.0370508916676044,10.04640195146203,6.30590396374464,La_Liga,30
8549,Ferrán Jutglà,19,1055,4,3.3568152459338307,1,0.9652408957481384,30,9,4,0,F M S,Celta Vigo,4,3.3568152459338307,4.836519040167332,2.135445274412632,La_Liga,2
8696,Pape Alassane Gueye,21,1465,4,3.5217991173267365,2,1.4955191304907205,32,18,7,0,M S,Villarreal,3,2.778521485626697,9.995421305298803,6.978198701515794,La_Liga,0
8824,Jude Bellingham,18,1298,4,6.213099502027035,3,2.522140357643366,36,30,1,0,M S,Real Madrid,4,6.213099502027035,10.187230922281742,5.948564546182752,La_Liga,31
9211,Nico Williams,19,1335,4,4.948663843795657,2,3.842061704955995,37,27,1,0,M S,Athletic Club,3,3.462108565494418,9.563533578068018,3.1625841185450554,La_Liga,6
9275,Iván Romero,23,1819,4,6.7892038486897945,1,2.466235239058733,42,18,3,0,F M S,Levante,4,6.7892038486897945,10.726307705976067,3.052971288561821,La_Liga,17
10974,Samú Costa,24,1890,4,1.963902504183352,0,0.9610254997387528,21,10,9,0,M S,Mallorca,4,1.963902504183352,5.936506876721978,3.289631395600736,La_Liga,22
10975,Largie Ramazani,15,432,4,3.156232364475727,1,1.2417689636349678,19,7,3,0,M S,Valencia,1,0.9263994805514812,3.9201361257582894,1.928444663062692,La_Liga,5
12035,Gonzalo García,22,614,4,3.992838423699141,0,0.9051337353885174,13,8,1,0,F S,Real Madrid,4,3.992838423699141,5.664128132164478,1.482891496270895,La_Liga,7
12305,Isaac Romero,20,1039,4,4.885532781481743,0,0.8829511441290379,27,8,5,1,F S,Sevilla,4,4.142255142331123,5.820598574355245,1.3692637775093317,La_Liga,5
13048,Orri Óskarsson,10,251,4,2.9937300458550453,0,0.3993293642997741,8,2,1,0,F S,Real Sociedad,4,2.9937300458550453,3.724555589258671,0.3314962089061737,La_Liga,0
13279,Víctor Muñoz,27,2137,4,5.059640211984515,2,1.9249658240005372,59,19,3,0,F M S,Osasuna,4,5.059640211984515,8.649255268275738,3.04291167948395,La_Liga,12
13769,Carlos Espí,14,369,4,2.6749670282006264,0,0.0,14,0,1,0,F S,Levante,4,2.6749670282006264,2.712730124592781,0.1092739328742027,La_Liga,2
498,Alexis Sánchez,19,919,3,2.575265020132065,1,1.3559641279280186,19,20,1,0,F M S,Sevilla,2,1.831987401470542,5.089977003633976,2.7123195473104715,La_Liga,7
1709,Cristhian Stuani,13,197,3,3.813407562673092,0,0.0526840537786483,8,1,2,0,F S,Girona,0,0.8402970358729362,1.3176345080137253,0.5094254016876221,La_Liga,3
2306,Cédric Bakambu,13,371,3,3.792330779135227,0,0.5586347421631217,18,3,0,0,F S,Real Betis,3,3.792330779135227,4.62221672013402,0.9632450081408024,La_Liga,2
5656,Nicolas Pepe,26,1703,3,6.987649109214544,4,4.8143829349428415,45,36,3,0,F M S,Villarreal,3,6.987649109214544,15.856666861101983,6.155963907018304,La_Liga,17
6168,Leandro Cabrera,25,2250,3,2.759358901530504,0,0.7788209207355976,28,6,2,0,D,Espanyol,3,2.759358901530504,5.604106821119785,5.334727426990867,La_Liga,17
7070,Santiago Comesaña,25,1726,3,3.9206646233797073,3,2.044452004134655,20,16,4,1,M S,Villarreal,3,3.9206646233797073,13.982244092039764,9.220717086456716,La_Liga,0
7074,Nicolás González,19,1191,3,4.899025782942772,0,1.6893298961222172,39,10,3,0,D F M S,Atletico Madrid,3,4.899025782942772,8.262509971857071,3.8232798259705305,La_Liga,12
7308,Ander Barrenetxea,21,1204,3,1.6988332411274314,3,4.630262019112706,22,30,2,0,F M S,Real Sociedad,3,1.6988332411274314,8.225400967523456,4.57141413167119,La_Liga,8
7810,Ruben Vargas,13,908,3,2.2198394425213337,4,1.764968678355217,22,11,1,0,F M S,Sevilla,2,1.4765618108212948,3.865528576076031,1.4634124469012022,La_Liga,9
8066,Arnaut Danjuma Groeneveld,24,1476,3,5.044760745018721,2,3.26465561427176,32,12,0,0,F M S,Valencia,3,4.301483135670424,8.871719628572464,1.9616652689874168,La_Liga,0
8328,Azz-Eddine Ounahi,13,862,3,1.591191291809082,2,2.8503773286938667,28,17,5,0,M S,Girona,3,1.591191291809082,5.51066829264164,3.768959123641253,La_Liga,0
9001,Martín Satriano,8,709,3,1.3210706263780594,0,0.3085623644292354,16,5,3,0,F M,Getafe,3,1.3210706263780594,2.1971868686378,0.8003092631697655,La_Liga,7
9694,Diego López,23,1313,3,2.7840157272294164,0,1.287963455542922,21,9,2,0,F M S,Valencia,3,2.7840157272294164,5.353865049779415,1.4900244493037462,La_Liga,9
9796,Giuliano Simeone,24,1798,3,5.343799976631999,5,4.051865562796593,32,24,1,0,D F M S,Atletico Madrid,3,5.343799976631999,15.315017368644476,7.914911691099405,La_Liga,19
9812,Isi Palazón,26,1952,3,4.123574021272361,3,3.5431080237030983,39,33,8,0,F M S,Rayo Vallecano,1,2.637018760666251,9.810365417972209,6.087237652391195,La_Liga,0
10870,Williot Swedberg,20,844,3,3.5519397780299187,2,1.229947291314602,18,6,2,0,F M S,Celta Vigo,3,3.5519397780299187,5.988252740353346,2.333692591637373,La_Liga,10
11264,Carlos Álvarez,26,1820,3,2.535831674002111,1,4.416497340425849,28,37,3,0,M S,Levante,3,2.535831674002111,10.155631511472166,5.520392747595906,La_Liga,13
12190,Arda Güler,27,1799,3,4.583800667896867,8,7.376321686431766,42,59,1,0,F M S,Real Madrid,3,4.583800667896867,13.973660301417112,7.154402878135443,La_Liga,22
13358,Thiago Almada,19,848,3,3.392496343702078,1,1.9072739090770483,17,19,1,0,F M S,Atletico Madrid,3,3.392496343702078,8.032514184713364,3.614822160452604,La_Liga,12
13701,Ilyas Chaira,24,1645,3,4.72000571154058,1,1.598657631315291,46,12,1,1,F M S,Real Oviedo,3,4.72000571154058,8.346606563776731,3.042753230780363,La_Liga,25
13789,Adrián Liso,22,1420,3,2.374014066532254,0,0.1294377446174621,22,3,2,1,F M S,Getafe,3,2.374014066532254,2.7150214202702045,0.3200403545051813,La_Liga,14
770,Ayoze Pérez,18,836,2,3.328026592731476,3,1.6663309633731842,13,12,3,0,F S,Villarreal,2,3.328026592731476,6.518595054745674,1.6010967921465635,La_Liga,10
813,Salomón Rondón,16,1054,2,3.783308571204543,0,0.1934819892048835,24,5,2,0,F S,Real Oviedo,2,3.0400309544056654,3.1170474737882614,0.3357116375118494,La_Liga,0
2183,Rubén García,25,1575,2,1.296526838093996,5,4.622981356456876,20,30,5,0,F M S,Osasuna,2,1.296526838093996,4.86543008685112,2.914323723874986,La_Liga,26
2269,Koke,25,1555,2,0.7450706250965595,2,2.44200381077826,9,23,4,0,M S,Atletico Madrid,2,0.7450706250965595,10.19582087546587,9.122763128951192,La_Liga,22
2399,Iñaki Williams,19,1330,2,5.1383373867720366,2,2.0383873395621777,40,12,1,0,F M S,Athletic Club,1,4.395059777423739,6.811379419639707,1.9381506517529488,La_Liga,7
2551,Pepelu,22,1730,2,3.219678146764636,0,1.2045606933534143,22,20,3,0,M S,Valencia,1,0.9898452814668416,5.619259526021779,5.170427340082824,La_Liga,0
3425,Thomas Lemar,18,982,2,1.6924519538879397,1,1.2024975586682558,15,15,2,0,M S,Girona,2,1.6924519538879397,5.292797807138413,3.084255953785032,La_Liga,9
5091,Alex Berenguer,22,1619,2,4.221544406376779,3,4.643035616725683,32,38,3,0,F M S,Athletic Club,2,4.221544406376779,8.989138066768646,3.298029843717813,La_Liga,12
5681,Giovani Lo Celso,17,1098,2,2.733913687989116,2,2.545758880674839,27,24,3,0,M S,Real Betis,2,2.733913687989116,9.471436057239773,5.745127160102129,La_Liga,10
6241,Federico Valverde,26,2174,2,1.23029176145792,7,4.435267418622971,37,37,2,0,D F M S,Real Madrid,2,1.23029176145792,15.23462114110589,12.401435922831295,La_Liga,22
6933,Javi Puado,10,687,2,4.838970278389752,0,0.9579164311289788,15,10,2,0,F M S,Espanyol,1,3.3524150969460607,3.2629179880023003,1.2333675622940063,La_Liga,2
7604,Alejandro Catena,25,2211,2,2.2585138333961368,2,1.0749874860048294,14,9,8,1,D,Osasuna,2,2.2585138333961368,3.7148083243519063,2.8377012852579355,La_Liga,0
7779,Oihan Sancet,20,1381,2,5.96274059265852,0,1.1464529130607843,38,21,3,1,M S,Athletic Club,0,4.47631324082613,5.195808866992593,0.9560711421072484,La_Liga,5
7825,Iker Losada,15,486,2,1.9682039767503736,0,0.2703354358673095,9,5,1,0,M S,Levante,2,1.9682039767503736,1.8801570162177088,0.1951943002641201,La_Liga,6
7842,Aleix Febas,26,2315,2,1.8750616982579231,1,1.0952283209189773,19,20,7,0,M,Elche,2,1.8750616982579231,12.907384518533943,11.038537934422491,La_Liga,27
7870,Luis Rioja,25,1802,2,1.787530830129981,4,2.2656602524220943,32,26,1,0,D M S,Valencia,2,1.787530830129981,5.633505299687386,2.8281519412994385,La_Liga,16
8001,Takefusa Kubo,18,1203,2,2.50237294472754,3,3.2718304209411144,25,26,0,0,F M S,Real Sociedad,2,2.50237294472754,6.794313784688711,3.013954009860754,La_Liga,15
8091,Ronald Araújo,16,697,2,1.2320246659219265,0,0.0485102459788322,7,1,2,0,D S,Barcelona,2,1.2320246659219265,4.280064798891544,3.7620762437582016,La_Liga,6
8122,Sergio Carreira,23,1831,2,1.520052356645465,1,1.0122397849336269,12,16,2,0,D S,Celta Vigo,2,1.520052356645465,10.267125982791184,8.647977899760008,La_Liga,15
8417,Álex Baena,18,1008,2,1.411015858873725,2,3.202739235013724,19,30,3,0,M S,Atletico Madrid,2,1.411015858873725,6.937320735305548,3.531999491155148,La_Liga,7
8733,Alfonso Espino,20,903,2,1.5320359589532018,0,1.3046199213713408,12,7,2,0,D M S,Rayo Vallecano,2,1.5320359589532018,3.6775010339915752,1.572155710309744,La_Liga,16
8935,Pedri,19,1323,2,2.22481007874012,7,4.300828840583563,17,42,0,1,M S,Barcelona,2,2.22481007874012,18.510139606893063,14.102809138596058,La_Liga,20
9040,Conor Gallagher,19,630,2,1.2670744927600026,0,0.4999467879533767,13,4,2,0,M S,Atletico Madrid,2,1.2670744927600026,6.03503056243062,4.425485637038946,La_Liga,12
10078,Hugo Álvarez,18,799,2,0.7224356196820736,1,1.6506127286702394,6,19,2,0,D F S,Celta Vigo,2,0.7224356196820736,4.992344109341502,3.753314550966024,La_Liga,6
10319,Adrián De la Fuente,24,1901,2,2.2982550812885165,1,0.9636285891756416,25,9,5,0,D S,Levante,1,1.5549774644896388,3.81400138232857,3.4790526498109102,La_Liga,14
10576,Álvaro Fernández,23,1972,2,0.4011697340756655,2,1.4240361377596855,8,23,5,1,D S,Real Madrid,2,0.4011697340756655,13.349826410412788,12.124297957867384,La_Liga,0
10944,Fran Pérez,23,953,2,1.8924210891127584,1,1.6743681291118264,14,13,3,0,F M S,Rayo Vallecano,2,1.8924210891127584,5.218246567994356,2.114771693944931,La_Liga,0
10952,Joel Roca,22,881,2,2.685004223138094,1,0.8328595533967018,29,10,3,1,F M S,Girona,2,2.685004223138094,4.7347726579755545,1.355542490258813,La_Liga,8
11154,Pablo Durán,20,967,2,3.074493983760476,2,1.7264556540176272,24,7,0,0,F M S,Celta Vigo,2,3.074493983760476,4.954549264162779,0.9671859787777066,La_Liga,8
11208,Mateo Joseph,26,1508,2,3.8630388285964727,2,1.447319089435041,25,11,2,0,F M S,Mallorca,2,3.8630388285964727,6.5916916355490685,1.689476658590138,La_Liga,16
11349,Mario Martín,25,1554,2,1.663187149912119,0,0.301588854752481,20,7,8,0,F M S,Getafe,2,1.663187149912119,1.8431324679404495,0.9919202830642462,La_Liga,27
12263,Mikel Jauregizar,26,2205,2,1.058417223393917,0,1.2458198824897408,30,21,4,0,M,Athletic Club,2,1.058417223393917,7.283872233703732,5.707220802083612,La_Liga,37
12286,Nobel Mendy,17,1388,2,2.1846237517893314,0,0.0392255298793315,11,2,4,1,D S,Rayo Vallecano,2,2.1846237517893314,2.731635434553027,2.641879502683878,La_Liga,7
12643,Javier Rueda,19,949,2,1.5871453676372766,4,2.779754096642137,10,8,4,0,D S,Celta Vigo,2,1.5871453676372766,6.6933431178331375,4.583334609866142,La_Liga,0
12742,Peque,21,856,2,0.7329471576958895,1,0.6110825892537832,14,15,6,0,F M S,Sevilla,2,0.7329471576958895,2.532624928280711,1.491572609171271,La_Liga,6
12820,Marc Bernal,14,369,2,0.9174209907650948,1,0.6727183200418949,5,5,3,0,M S,Barcelona,2,0.9174209907650948,3.762845531105995,3.354059429839253,La_Liga,8
13201,Raúl,19,1332,2,1.406356928870082,0,0.2085437588393688,13,4,3,0,D S,Real Madrid,2,1.406356928870082,6.317444033920765,6.09959514439106,La_Liga,12
13361,Jones El Abdellaoui,17,463,2,2.2783313244581223,0,0.4015239104628563,15,8,0,0,D F M S,Celta Vigo,2,2.2783313244581223,3.31700574234128,1.1032363697886467,La_Liga,0
13700,Alberto Reina,25,1519,2,2.03816113434732,0,1.517842954955995,14,18,3,1,F M S,Real Oviedo,2,2.03816113434732,3.9689496122300634,1.4763036733493209,La_Liga,10
13840,Martim Neto,21,1114,2,1.0407912489026785,5,2.6142525896430016,12,21,2,0,M S,Elche,2,1.0407912489026785,6.038656696677208,4.191784080117941,La_Liga,7
13996,Tani Oluwaseyi,21,594,2,3.547338616102934,1,1.7641931250691414,15,4,1,0,F S,Villarreal,2,3.547338616102934,5.471443223766983,0.230652779340744,La_Liga,3
14388,Luis Vázquez,7,576,2,0.7864901581779122,0,0.0973719879984855,9,1,0,0,F,Getafe,2,0.7864901581779122,0.9849502528086304,0.3393254615366459,La_Liga,1
257,Jeremy Toljan,26,2277,1,0.6434833370149136,3,3.9679791163653135,6,22,6,0,D,Levante,1,0.6434833370149136,8.395949505269527,5.412068700417876,La_Liga,30
897,Juanmi,8,152,1,0.1390442848205566,0,0.0557351484894752,2,2,0,0,S,Getafe,1,0.1390442848205566,0.1778020001947879,0.0597276929765939,La_Liga,0
1003,Pablo Maffeo,22,1895,1,0.2054243674501776,0,0.3075101813301444,4,10,7,0,D S,Mallorca,1,0.2054243674501776,5.182882278226316,4.669947691261768,La_Liga,22
1450,Umar Sadiq,13,466,1,1.2802518866956234,0,1.0192812215536833,12,5,3,0,F S,"Real Sociedad,Valencia",1,1.2802518866956234,2.553167904727161,0.350645150989294,La_Liga,0
1621,Marcos Alonso,23,1981,1,2.1319804284721613,0,0.9213417880237104,20,11,2,0,D S,Celta Vigo,0,1.3887028191238642,10.027620919048786,9.404626026749613,La_Liga,17
1739,Eric Bailly,7,596,1,0.1909588724374771,0,0.0,4,0,1,0,D,Real Oviedo,1,0.1909588724374771,0.992934063076973,0.992934063076973,La_Liga,4
2163,Diego Llorente,10,532,1,0.7936483100056648,0,0.0,2,0,3,0,D S,Real Betis,1,0.7936483100056648,2.065768583212048,2.065768583212048,La_Liga,6
2186,Morales,18,268,1,2.406699176412076,1,1.0415049269795418,9,6,1,0,M S,Levante,0,1.6634215670637786,4.133077933918685,1.5232341531664133,La_Liga,0
2308,Denis Suárez,20,1001,1,1.3047452066093683,0,0.8896943870931864,5,15,4,0,M S,Alaves,1,1.3047452066093683,4.466906512156129,3.114109672605992,La_Liga,10
2418,Álvaro Odriozola,5,196,1,0.5725881457328796,0,1.1418001726269722,1,3,0,0,D S,Real Sociedad,1,0.5725881457328796,1.8545968532562256,0.1402085274457931,La_Liga,1
2453,Marc Bartra,21,1672,1,0.5471618492156267,0,0.0861724372953176,11,4,3,0,D S,Real Betis,1,0.5471618492156267,4.996516079641879,4.854510231874883,La_Liga,17
2456,Omar Mascarell,20,1398,1,0.1780394501984119,1,0.2668567895889282,2,5,4,0,M S,Mallorca,1,0.1780394501984119,3.243404122069478,2.8198512215167284,La_Liga,19
2505,José Gayá,22,1728,1,0.6476038191467524,1,1.558653086423874,8,16,6,1,D S,Valencia,1,0.6476038191467524,5.023490725085139,3.363724411465228,La_Liga,0
2521,Alfonso,20,1118,1,1.1962180444970727,2,3.667500264942646,10,14,6,0,D S,Villarreal,1,1.1962180444970727,5.18075810931623,2.148442979902029,La_Liga,0
2621,Sergi Darder,27,1902,1,2.0293214665725827,4,4.084099431522191,27,41,3,0,M S,Mallorca,1,2.0293214665725827,6.433651968836784,3.540234485641122,La_Liga,8
3059,Axel Witsel,21,1646,1,2.360667746514082,2,2.04308688826859,18,14,0,1,M S,Girona,1,2.360667746514082,7.466000203043222,6.904569435864687,La_Liga,16
3621,Neal Maupay,4,332,1,0.6476594656705856,0,0.1000702604651451,4,3,0,0,F,Sevilla,1,0.6476594656705856,1.1686111390590668,0.5097308307886124,La_Liga,0
5043,Kiko Femenía,22,1666,1,0.6291939127258956,1,1.151662740856409,7,14,4,0,D M S,Getafe,1,0.6291939127258956,2.546070782467723,1.124714333564043,La_Liga,19
5081,Edu Expósito,25,1715,1,2.009508113842457,6,6.340823046863079,29,58,5,0,M S,Espanyol,1,2.009508113842457,8.864596761763096,5.657533448189497,La_Liga,19
5140,Kike Barja,17,171,1,0.4263218808919191,0,0.0960105434060096,2,2,2,0,M S,Osasuna,1,0.4263218808919191,0.7573679909110069,0.2350355815142393,La_Liga,2
5556,Ademola Lookman,5,263,1,1.4645393528044224,0,0.1247686222195625,10,2,1,0,F S,Atletico Madrid,1,1.4645393528044224,0.8089628033339977,0.3573138266801834,La_Liga,0
5654,Baptiste Santamaria,19,731,1,0.516353402286768,1,0.7424618415534496,6,4,2,0,M S,Valencia,1,0.516353402286768,2.4516765056177974,2.205951330251992,La_Liga,5
5666,Mouctar Diakhaby,8,539,1,0.632166750729084,0,0.0550495460629463,4,1,3,0,D S,Valencia,1,0.632166750729084,1.056779257953167,1.0017297193408012,La_Liga,6
5706,Dodi Lukebakio,2,180,1,0.0546624809503555,0,0.8578585088253021,2,9,0,0,M,Sevilla,1,0.0546624809503555,1.0068341195583344,0.2612600550055504,La_Liga,0
6087,Takuma Asano,15,487,1,1.2583700492978096,0,0.9267593622207642,9,2,2,0,F M S,Mallorca,1,1.2583700492978096,2.471470389515161,1.1604285258799791,La_Liga,2
6126,Ander Guevara,18,483,1,0.6024258323013783,0,0.1165409386157989,4,2,2,0,M S,Alaves,1,0.6024258323013783,1.773981723934412,1.5899895848706365,La_Liga,5
6433,Jules Koundé,25,1894,1,2.112115003168583,3,4.20784854143858,12,20,4,0,D S,Barcelona,1,2.112115003168583,18.852283846586943,16.43561951443553,La_Liga,20
6560,Aurelien Tchouameni,24,2022,1,2.365042455494404,0,2.157383799552917,31,20,7,0,M S,Real Madrid,1,2.365042455494404,12.01997009664774,9.88106581568718,La_Liga,32
6592,Manuel Morlanes,21,1059,1,0.5794764002785087,0,0.7817228958010674,5,12,2,1,M S,Mallorca,1,0.5794764002785087,4.481871230527759,3.230545317754149,La_Liga,0
6651,Grady Diangana,15,690,1,0.6692810710519552,0,0.6262810826301575,12,6,2,0,F M S,Elche,1,0.6692810710519552,2.7786424551159143,1.8521046936511996,La_Liga,3
6740,Miguel Ángel Rubio,9,134,1,0.5629894137382507,0,0.0,1,0,0,0,D S,Espanyol,1,0.5629894137382507,0.2453732704743743,0.2453732704743743,La_Liga,0
6931,Fran Beltrán,17,974,1,0.5435894131660461,0,0.5008921306580305,12,4,2,0,M S,"Celta Vigo,Girona",1,0.5435894131660461,5.713829125277698,4.978095282800496,La_Liga,7
6955,Ezequiel Ávila,11,308,1,1.5638362690806389,0,0.3753992281854152,7,7,2,0,F S,Real Betis,0,0.8205586597323418,1.3596357367932796,0.8255968540906906,La_Liga,0
7007,Duje Caleta-Car,18,1409,1,1.6121487095952034,0,0.1966800149530172,10,3,4,1,D S,Real Sociedad,1,1.6121487095952034,3.50783758983016,3.311157550662756,La_Liga,11
7174,Adrià Pedrosa,18,731,1,0.5727642625570297,1,1.4391137268394232,9,20,4,0,D M S,"Elche,Sevilla",1,0.5727642625570297,3.9475302938371897,2.2996806614100933,La_Liga,13
7236,Leander Dendoncker,19,1338,1,0.538357574492693,0,0.4306179387494921,9,7,2,0,M S,Real Oviedo,1,0.538357574492693,2.1508139576762915,1.4654122050851583,La_Liga,25
7276,Robin Le Normand,20,1266,1,1.0887540504336355,0,0.0452499352395534,3,1,3,0,D S,Atletico Madrid,1,1.0887540504336355,5.527559144422412,5.42524085752666,La_Liga,11
7359,Eduardo Camavinga,19,1045,1,1.0450459476560354,0,1.213536286726594,10,10,0,0,D M S,Real Madrid,1,1.0450459476560354,5.7251318618655205,4.400168839842081,La_Liga,27
7605,Manuel Sánchez,23,2023,1,1.133629031479359,1,1.04822601005435,9,14,6,0,D S,Levante,1,1.133629031479359,6.339947169646621,4.795386981219053,La_Liga,0
7781,Frenkie de Jong,19,1490,1,1.0822599418461325,4,4.611209314316511,7,31,3,1,M S,Barcelona,1,1.0822599418461325,19.779743365943432,15.870863653719423,La_Liga,16
7829,Eder Militão,13,1006,1,1.4660748494789004,1,1.0907561480998993,17,7,2,0,D S,Real Madrid,1,1.4660748494789004,5.060470608994365,4.194195203483105,La_Liga,14
7888,Nemanja Gudelj,23,1676,1,0.6589974355883896,0,0.210020650178194,17,4,7,0,D M S,Sevilla,1,0.6589974355883896,3.1527456864714622,2.9050505571067333,La_Liga,20
7916,Pol Lozano,24,1737,1,0.4429000318050384,1,0.7308442760258913,12,18,6,0,M S,Espanyol,1,0.4429000318050384,5.115394790656865,4.536364396102727,La_Liga,14
8015,Rodrygo,19,633,1,2.848481699824333,3,2.88282679207623,27,17,2,0,F M S,Real Madrid,1,2.848481699824333,4.605150379240513,1.4849299378693104,La_Liga,8
8045,Eric Garcia,27,2192,1,3.304715894162655,1,1.553778799250722,23,25,2,0,D M S,Barcelona,1,3.304715894162655,20.48128317296505,19.703589849174023,La_Liga,37
8070,Mateu Morey,16,645,1,0.1837131008505821,0,0.516222694888711,4,3,2,0,D M S,Mallorca,1,0.1837131008505821,1.903493199497461,1.2830428071320057,La_Liga,8
8165,Lucien Agoume,24,1959,1,0.6484213899821043,2,2.402127394452691,11,20,8,0,F M S,Sevilla,1,0.6484213899821043,7.491266457363963,5.310547249391675,La_Liga,23
8183,Pablo Martínez,17,1176,1,1.843395377509296,2,2.815288371406496,23,19,2,0,M S,Levante,1,1.843395377509296,5.020540454424918,2.643798738718033,La_Liga,7
8283,Batista Mendy,22,1493,1,0.8146354220807552,0,0.4901229040697217,14,9,6,0,M S,Sevilla,1,0.8146354220807552,3.9711443819105625,3.391058219596744,La_Liga,19
8694,Chidera Ejuke,20,594,1,1.30491993855685,1,0.8655051756650209,16,9,0,0,F M S,Sevilla,1,1.30491993855685,2.8556315191090107,1.3196323737502098,La_Liga,8
8948,Aitor Paredes,17,1445,1,1.343791265040636,0,0.7405439838767052,12,3,4,0,D S,Athletic Club,1,1.343791265040636,3.130537413060665,2.976262249052525,La_Liga,12
9011,Óscar Mingueza,23,1437,1,0.4965645000338554,3,2.7527692038565874,14,20,3,0,D S,Celta Vigo,1,0.4965645000338554,9.920960634946823,8.284469652920961,La_Liga,15
9199,John Donald,14,449,1,0.7318225856870413,0,0.0,5,0,2,0,D M S,Elche,1,0.7318225856870413,3.472777573391795,2.740954987704754,La_Liga,8
9218,Juan Iglesias,26,2200,1,1.0457262322306633,2,1.3520012833178043,19,11,3,0,D M S,Getafe,1,1.0457262322306633,4.181675590574741,2.558728957548737,La_Liga,0
9241,Alfon,13,330,1,0.90212438441813,0,0.3436609134078026,11,6,0,0,D M S,"Sevilla,Villarreal",1,0.90212438441813,1.5762728825211525,0.4382742643356323,La_Liga,0
9280,Antonio Blanco,24,2066,1,0.7245643669739366,1,0.7409364469349384,29,13,5,0,M,Alaves,1,0.7245643669739366,6.397753044962883,5.6598174925893545,La_Liga,37
9466,Jon Ander Olasagasti,23,848,1,0.9610119815915824,2,2.017605601809919,13,15,2,1,M S,Levante,1,0.9610119815915824,2.9262440130114555,1.2808919567614794,La_Liga,0
9755,Inigo Ruiz de Galarreta,24,1621,1,0.4902944890782237,1,1.8204386411234736,15,17,11,0,M S,Athletic Club,1,0.4902944890782237,5.66986146569252,4.234583098441362,La_Liga,23
9809,José Ángel Carmona,25,1906,1,0.7871437855064869,3,1.4718744289129972,17,12,9,0,D S,Sevilla,1,0.7871437855064869,6.928106075152755,5.540021369233728,La_Liga,0
9810,Fran García,7,413,1,0.8450008686631918,0,0.0712588317692279,3,2,0,1,D M S,Real Madrid,1,0.8450008686631918,2.6221464797854424,2.171393595635891,La_Liga,3
9811,Óscar Valentín,23,1521,1,1.4860157845541837,0,0.7075029006227851,13,4,2,1,M S,Rayo Vallecano,1,1.4860157845541837,7.107411461882293,5.07965366076678,La_Liga,25
9815,Pathé Ciss,19,1331,1,1.8600295027717948,0,0.2659869743511081,13,10,4,2,D M S,Rayo Vallecano,1,1.8600295027717948,6.52568949572742,5.416764311492443,La_Liga,23
9825,Nicolás Serrano,11,306,1,0.5777395609766245,0,0.4487133324146271,13,7,0,0,M S,Athletic Club,1,0.5777395609766245,1.2423209380358458,0.4696573466062546,La_Liga,4
10143,Bryan Zaragoza,19,1138,1,1.910445837303996,1,2.2636110819876194,26,18,1,0,F M S,Celta Vigo,0,1.1671682186424732,6.203656457364559,4.05707526486367,La_Liga,5
10200,Rafa Marín,17,1488,1,0.1980429971590638,0,0.6769408583641052,4,5,1,0,D S,Villarreal,1,0.1980429971590638,6.537496130913496,5.959507789462805,La_Liga,16
10209,Jofre Carreras,18,734,1,1.6911055576056242,0,1.2595863789319992,17,11,1,0,M S,Espanyol,1,1.6911055576056242,3.3052010722458363,0.8137213066220284,La_Liga,0
10273,Iker Benito,5,147,1,0.3859800510108471,0,0.1449243836104869,2,2,1,0,M S,Osasuna,1,0.3859800510108471,0.672303281724453,0.2468011081218719,La_Liga,0
10334,Kike Salas,16,1299,1,0.5822444036602974,0,0.2502306345850229,11,5,0,0,D S,Sevilla,1,0.5822444036602974,3.055879656225443,2.820422612130642,La_Liga,19
10364,Nahuel Tenaglia,24,2160,1,1.364607154391706,0,0.2480285670608282,16,5,2,0,D,Alaves,1,1.364607154391706,3.731083925813437,3.452122261747718,La_Liga,26
10382,Eray Cömert,9,651,1,1.062997318804264,0,0.1295950748026371,2,2,2,0,D S,Valencia,1,1.062997318804264,3.0853282026946545,2.129713337868452,La_Liga,9
10388,Luka Ilic,16,585,1,1.2200551461428404,0,0.1334696114063263,6,2,2,1,F M S,Real Oviedo,1,1.2200551461428404,1.6928737461566925,0.9520091339945792,La_Liga,4
10494,Pablo Barrios Rivas,21,1591,1,1.4028489515185356,1,1.6999459583312273,21,20,0,0,M S,Atletico Madrid,1,1.4028489515185356,9.95724107325077,7.401665868237615,La_Liga,0
10716,Manor Solomon,6,129,1,0.608427070081234,1,0.471932552754879,2,2,0,0,M S,Villarreal,1,0.608427070081234,2.177966743707657,1.168964058160782,La_Liga,1
10857,Pablo Ibáñez,26,1636,1,3.293620552867651,1,1.0028311982750893,37,14,5,0,M S,Alaves,1,3.293620552867651,5.844205816276372,4.054977513849735,La_Liga,23
10947,Ramón Terrats,18,481,1,0.758997499011457,1,1.6398357152938845,6,7,0,0,M S,Espanyol,1,0.758997499011457,2.440411630086601,0.461003016680479,La_Liga,10
10949,Arnau Martinez,24,1806,1,1.0403652293607593,1,1.6112718880176544,10,12,6,0,D M S,Girona,1,1.0403652293607593,7.140713211148977,6.547497380524874,La_Liga,29
10999,Marcão,13,935,1,0.9158304017037152,0,0.0,10,0,3,1,D S,Sevilla,1,0.9158304017037152,2.0380470361560583,2.0380470361560583,La_Liga,4
11025,Pablo Torre,24,829,1,1.2664346005767584,2,1.6714036725461483,9,22,3,0,M S,Mallorca,1,1.2664346005767584,3.549829114228487,1.4453071802854538,La_Liga,5
11087,Pep Chavarría,24,2012,1,0.5039447294548154,2,2.356702733784914,14,18,4,1,D S,Rayo Vallecano,1,0.5039447294548154,7.955865642055869,5.588295368477702,La_Liga,24
11216,Rodrigo Mendoza,20,1008,1,0.6250370051711798,0,0.8039742140099406,14,11,5,0,F M S,"Atletico Madrid,Elche",1,0.6250370051711798,3.174310240894556,2.198946786113084,La_Liga,9
11531,Unai Gómez,19,592,1,1.4200693126767874,1,0.6146819815039635,14,8,1,1,F M S,Athletic Club,1,1.4200693126767874,2.066599352285266,0.4151075799018144,La_Liga,4
11900,Lucas Beltrán,21,1118,1,3.609963538125157,2,1.8854527920484545,27,12,0,0,F S,Valencia,1,3.609963538125157,7.607607822865248,2.388245379552245,La_Liga,8
11943,Dean Huijsen,19,1416,1,1.882600774988532,2,1.1273782718926668,16,9,5,1,D S,Real Madrid,1,1.882600774988532,7.410574413836002,7.0216326378285885,La_Liga,11
11953,Sergi Altimira,18,908,1,0.3705677799880504,1,0.4689296148717403,3,9,2,0,M S,Real Betis,1,0.3705677799880504,2.9923257790505886,2.591717030853033,La_Liga,23
12005,Pau Cubarsí,22,1950,1,0.5516378730535507,0,0.3548167273402214,10,4,2,0,D,Barcelona,1,0.5516378730535507,14.3078010417521,14.261014077812431,La_Liga,20
12078,Alan Matturro,13,597,1,0.5872737485915422,0,0.0120277749374508,4,1,0,1,D S,Levante,1,0.5872737485915422,1.0942655354738235,1.0440322235226631,La_Liga,9
12171,Hector Fort,9,323,1,0.6469519808888435,2,0.2132606506347656,10,4,0,0,D S,Elche,1,0.6469519808888435,1.9192268531769516,1.2659369874745607,La_Liga,2
12182,Jon Aramburu,25,2061,1,1.774022463709116,0,0.3547795210033655,15,8,8,0,D S,Real Sociedad,1,1.774022463709116,5.436660232022405,5.149748409166932,La_Liga,51
12537,Asier Osambela,11,266,1,0.2776791490614414,0,0.1108405254781246,3,2,1,0,D S,Osasuna,1,0.2776791490614414,0.3200869727879762,0.1284750830382108,La_Liga,2
12726,Christantus Uche,3,270,1,1.4415657743811607,1,0.6371117904782295,6,4,1,0,F,Getafe,1,1.4415657743811607,2.1472005546092987,0.0685230549424886,La_Liga,2
12790,Abel Bretones,21,1398,1,0.5832634549587965,0,0.4400219097733497,11,9,5,1,D M S,Osasuna,1,0.5832634549587965,1.766706621274352,1.1452561439946294,La_Liga,11
12862,Luka Sucic,12,509,1,1.065207064151764,1,0.2508108150213957,11,5,1,0,F M S,Real Sociedad,1,1.065207064151764,1.4592936942353845,0.1684832507744431,La_Liga,3
12893,Enzo Boyomo,20,1644,1,0.6644543185830116,1,1.3433338664472103,3,7,4,0,D S,Osasuna,1,0.6644543185830116,2.730791710317135,1.4584983922541142,La_Liga,26
13003,Santiago Mouriño,20,1711,1,1.121639359742403,2,0.7844699025154114,12,8,7,1,D S,Villarreal,1,1.121639359742403,8.842917772009969,8.54569804109633,La_Liga,44
13335,Goduine Koyalipou,11,217,1,1.2652598228305578,0,0.358752429485321,10,1,1,0,F S,Levante,1,1.2652598228305578,1.43799864128232,0.0,La_Liga,3
13380,Vitor Reis,26,2237,1,1.4675985500216484,1,0.8119628597050905,12,7,6,1,D S,Girona,1,1.4675985500216484,6.925861392170191,5.846249280497432,La_Liga,21
13417,Maroan Sannadi,8,246,1,0.9551242720335722,0,0.5883069485425949,7,2,2,0,F S,Athletic Club,1,0.9551242720335722,1.5783750098198652,0.0349437519907951,La_Liga,0
13620,Miguel Román,19,1297,1,1.1040805764496326,0,2.089981175027788,9,17,3,0,M S,Celta Vigo,1,1.1040805764496326,8.5124043636024,6.327844304963946,La_Liga,17
13627,Alejandro Rego,19,671,1,0.5154665904119611,0,0.3944954536855221,10,7,5,0,M S,Athletic Club,1,0.5154665904119611,1.6089756414294245,1.102309960871935,La_Liga,13
13765,Unai Elgezabal,12,963,1,0.6192532349377871,0,0.1339095868170261,3,2,2,0,D M S,Levante,1,0.6192532349377871,1.465649597346783,1.465649597346783,La_Liga,4
13829,Tyrhys Dolan,25,1706,1,2.021849825978279,3,2.9358638506382704,23,22,3,1,M S,Espanyol,1,2.021849825978279,6.818324723280966,3.38288848195225,La_Liga,28
13839,Marc Aguado,26,1860,1,0.1253808066248893,1,0.0920451274141669,2,4,2,0,M S,Elche,1,0.1253808066248893,3.9126953668892384,3.80858600884676,La_Liga,21
13845,Valentín Gómez,19,1194,1,0.9138773661106824,0,0.362750107422471,9,6,5,0,D S,Real Betis,1,0.9138773661106824,3.949677079916,3.363830417394638,La_Liga,21
13847,Franco Mastantuono,16,772,1,2.09313652664423,0,2.442584613338113,23,11,4,1,D F M S,Real Madrid,1,2.09313652664423,5.961241610348225,3.5769545771181583,La_Liga,12
13936,Jon Gorrotxategi,24,1876,1,0.7921612514182925,3,0.844047530554235,11,13,7,0,M S,Real Sociedad,1,0.7921612514182925,7.812090750783682,6.946129966527224,La_Liga,26
13983,David Carmo,20,1628,1,0.9620246645063162,0,0.5050461739301682,9,7,6,1,D S,Real Oviedo,1,0.9620246645063162,3.8941762782633305,2.9872417859733105,La_Liga,16
14013,Adam El Mokhtari,7,85,1,0.2682787664234638,0,0.0723635628819465,5,1,0,0,S,Elche,1,0.2682787664234638,0.3396428460255265,0.1728641474619507,La_Liga,0
14050,Kervin Arriaga,18,1122,1,0.2650419557467103,1,0.404125414788723,8,3,4,1,M S,Levante,1,0.2650419557467103,2.619885805994272,2.115129765123129,La_Liga,18
14059,Alemão,16,627,1,2.098992560058832,0,0.235862685367465,14,5,1,0,F S,Rayo Vallecano,1,2.098992560058832,2.412449324503541,0.2172038163989782,La_Liga,0
14064,Roony Bardghji,15,292,1,1.4823282193392515,1,1.71273129619658,16,11,0,0,M S,Barcelona,1,1.4823282193392515,5.576553113758564,3.628486040979624,La_Liga,1
14440,Álvaro Fidalgo,5,376,1,0.5112983882427216,0,0.1195524334907531,3,2,0,0,M,Real Betis,1,0.5112983882427216,1.5601259618997574,0.9845123309642076,La_Liga,1
200,Andreas Christensen,12,346,0,0.1262912936508655,0,0.0158752612769603,2,1,1,0,D S,Barcelona,0,0.1262912936508655,2.093648664653301,2.0777733996510506,La_Liga,3
250,Ørjan Nyland,4,360,0,0.0,0,0.0,0,0,1,0,GK,Sevilla,0,0.0,0.7688105702400208,0.7688105702400208,La_Liga,0
308,Ricardo Rodríguez,18,1210,0,0.1240109074860811,1,0.4445841759443283,2,5,0,0,D S,Real Betis,0,0.1240109074860811,2.5319439359009266,2.1916849054396152,La_Liga,6
323,Adnan Januzaj,12,283,0,0.2582807317376137,0,0.6689504720270634,7,11,1,0,F M S,Sevilla,0,0.2582807317376137,1.0545724965631962,0.7336611598730087,La_Liga,4
375,Odisseas Vlachodimos,23,2070,0,0.0,0,0.0,0,0,1,0,GK,Sevilla,0,0.0,1.8051845226436851,1.8051845226436851,La_Liga,0
391,David Alaba,8,244,0,0.1817060969769954,0,0.0,3,0,1,0,D S,Real Madrid,0,0.1817060969769954,1.1427506282925606,1.126721553504467,La_Liga,4
492,Héctor Bellerín,16,1084,0,0.201129525899887,2,2.847050029784441,3,18,1,0,D S,Real Betis,0,0.201129525899887,6.710860542953014,5.189137019217014,La_Liga,6
548,Daley Blind,25,2129,0,0.0461420468054711,0,0.6967162359505892,3,10,1,0,D S,Girona,0,0.0461420468054711,9.299791956320403,9.09918318130076,La_Liga,29
565,Nyom,11,286,0,0.1312073022127151,0,0.10628392547369,3,2,4,1,D S,Getafe,0,0.1312073022127151,0.2094545178115368,0.0132335685193538,La_Liga,0
680,Thibaut Courtois,27,2430,0,0.0,0,0.0,0,0,1,0,GK,Real Madrid,0,0.0,5.513455541804433,5.513455541804433,La_Liga,1
681,César Azpilicueta,14,1017,0,0.0,1,0.5297197308391333,0,2,4,0,D,Sevilla,0,0.0,2.222176797688008,1.6924570724368095,La_Liga,16
965,Santiago Cazorla,17,527,0,0.2232247032225132,1,1.4485632833093405,5,15,0,1,M S,Real Oviedo,0,0.2232247032225132,3.8620847016572952,3.5297797806560998,La_Liga,0
973,Paulo Gazzaniga,24,2112,0,0.0,0,0.0,0,0,4,1,GK,Girona,0,0.0,2.755161786451936,2.755161786451936,La_Liga,0
1244,Wojciech Szczesny,6,540,0,0.0,0,0.0,0,0,0,0,GK,Barcelona,0,0.0,2.2537071891129017,2.2537071891129017,La_Liga,0
1423,Matías Vecino,3,72,0,0.0422598384320735,0,0.0,2,0,0,0,M S,Celta Vigo,0,0.0422598384320735,0.5074471011757851,0.488187201321125,La_Liga,3
1762,Ovie Ejaria,7,181,0,0.2249453254044056,0,0.0751299932599067,3,1,1,0,M S,Real Oviedo,0,0.2249453254044056,1.2129120826721191,1.0246025137603283,La_Liga,2
1791,Trent Alexander-Arnold,13,645,0,0.1582415290176868,2,1.335720743983984,5,14,1,0,D M S,Real Madrid,0,0.1582415290176868,5.3847425282001495,4.636225622147322,La_Liga,6
1822,Antonio Rüdiger,10,851,0,0.6901147784665227,0,0.2461171746253967,7,1,0,0,D S,Real Madrid,0,0.6901147784665227,3.9335558265447617,3.617424547672272,La_Liga,3
1830,Ionut Radu,27,2430,0,0.0,0,0.0,0,0,0,0,GK,Celta Vigo,0,0.0,6.392667671665549,6.392667671665549,La_Liga,0
1857,David López,3,207,0,0.6544463038444519,0,0.0,1,0,0,0,D S,Girona,0,0.6544463038444519,0.6020162813365459,0.6020162813365459,La_Liga,2
2090,Marc-André ter Stegen,2,180,0,0.0,0,0.0,0,0,0,0,GK,Girona,0,0.0,0.0245697945356369,0.0245697945356369,La_Liga,0
2107,Pau López,8,720,0,0.0,0,0.0,0,0,1,0,GK,Real Betis,0,0.0,0.5038064289838076,0.5038064289838076,La_Liga,0
2122,Joan Jordán,3,15,0,0.0,0,0.0,0,0,1,0,S,Sevilla,0,0.0,0.4800020158290863,0.4800020158290863,La_Liga,0
2198,Moi Gómez,19,943,0,0.4181990008801222,1,1.045689405873418,11,9,2,0,M S,Osasuna,0,0.4181990008801222,3.404423721134662,2.240721615962684,La_Liga,6
2228,Aritz Elustondo,9,368,0,0.4674798175692558,0,0.0,3,0,0,0,D S,Real Sociedad,0,0.4674798175692558,0.7318602856248617,0.7318602856248617,La_Liga,4
2229,Yuri,23,1930,0,0.3451912133023143,3,2.454088427126408,14,23,3,0,D S,Athletic Club,0,0.3451912133023143,6.412321850657463,5.286301767453551,La_Liga,0
2255,Isco,1,29,0,0.1044719666242599,1,0.4573355913162231,2,2,0,0,S,Real Betis,0,0.1044719666242599,0.1367052942514419,0.0322333201766014,La_Liga,0
2260,Daniel Carvajal,10,496,0,0.1413034433498978,0,1.0435964912176132,2,4,0,0,D S,Real Madrid,0,0.1413034433498978,2.4955685865134,1.7774202357977629,La_Liga,0
2261,Jan Oblak,26,2340,0,0.0,0,0.0,0,0,0,0,GK,Atletico Madrid,0,0.0,4.628587525337935,4.628587525337935,La_Liga,0
2278,Giménez,12,991,0,1.5400749556720257,1,0.5037803649902344,13,1,3,0,D S,Atletico Madrid,0,1.5400749556720257,3.762656446546316,3.157967444509268,La_Liga,0
2280,Jonny,25,2196,0,0.7760782577097416,0,1.0117835495620966,6,13,5,0,D,Alaves,0,0.7760782577097416,8.562559632584453,7.163850337266922,La_Liga,0
2328,Thomas Partey,17,702,0,0.3256993256509304,0,0.1881933361291885,8,5,0,0,M S,Villarreal,0,0.3256993256509304,2.875082081183791,2.480194002389908,La_Liga,4
2346,Aarón,26,2340,0,0.0,0,0.0463917031884193,0,1,2,0,GK,Real Oviedo,0,0.0,2.3198010437190533,2.273409336805344,La_Liga,0
2353,Pedro Bigas,19,1487,0,0.8019985742866993,2,1.71605977229774,7,10,3,0,D S,Elche,0,0.8019985742866993,7.874520979821682,7.374915264546871,La_Liga,15
2378,Daniel Parejo,23,1047,0,0.1502215936779976,0,1.6071249833330512,2,19,2,0,M S,Villarreal,0,0.1502215936779976,3.5235439278185368,2.675127537921071,La_Liga,20
2379,João Cancelo,5,272,0,0.1099121570587158,1,1.4028488397598269,3,4,0,0,D S,Barcelona,0,0.1099121570587158,2.905595362186432,2.31417316198349,La_Liga,3
2385,Mat Ryan,25,2250,0,0.0933680385351181,0,0.0,2,0,2,0,GK,Levante,0,0.0933680385351181,2.1501586213707924,2.0567905828356743,La_Liga,0
2403,Íñigo Lekue,8,437,0,0.1312863305211067,0,0.0,3,0,2,0,D S,Athletic Club,0,0.1312863305211067,1.6493438556790352,1.518057502806187,La_Liga,8
2415,David Soria,27,2430,0,0.0,0,0.0465003028512001,0,1,2,0,GK,Getafe,0,0.0,0.5397756733000278,0.5397756733000278,La_Liga,0
2417,Igor Zubeldia,20,1750,0,0.3188817761838436,1,0.6090575475245714,6,5,7,0,D S,Real Sociedad,0,0.3188817761838436,4.386040832847357,3.972673024982214,La_Liga,18
2446,Dani Ceballos,15,438,0,0.0812624134123325,0,0.589991744607687,3,9,1,0,M S,Real Madrid,0,0.0812624134123325,5.186502583324909,4.858281694352627,La_Liga,10
2479,Toni Lato,8,398,0,0.0,1,0.4503989275544882,0,3,2,0,D M S,Mallorca,0,0.0,1.10753071308136,0.7126760222017765,La_Liga,6
2498,Aymeric Laporte,16,1312,0,0.5068761464208364,1,0.3874635566025972,8,4,2,0,D S,Athletic Club,0,0.5068761464208364,2.9109347071498632,2.5181544683873653,La_Liga,10
2509,Dimitri Foulquier,15,1149,0,0.4250113200396299,0,0.2367486469447612,6,6,1,0,D S,Valencia,0,0.4250113200396299,4.307144995778799,4.124748399481177,La_Liga,9
2518,Marcos Llorente,23,1752,0,1.706272929906845,4,4.123315867036581,15,18,4,0,D M S,Atletico Madrid,0,1.706272929906845,13.5439747069031,9.60887515731156,La_Liga,28
2555,Remiro,27,2430,0,0.0,0,0.112358346581459,0,3,0,0,GK,Real Sociedad,0,0.0,5.059323694556952,4.946965340524912,La_Liga,0
2584,Raíllo,21,1855,0,0.6182664772495627,1,0.2984450571238994,11,6,3,0,D,Mallorca,0,0.6182664772495627,3.770597593858838,3.539214251562953,La_Liga,0
2597,Dani Calvo,11,874,0,0.0,0,0.4596666097640991,0,1,2,0,D S,Real Oviedo,0,0.0,0.5721391793340445,0.5721391793340445,La_Liga,6
2609,Gerard Gumbau,19,642,0,0.3610206330195069,1,0.4884886834770441,9,10,4,0,M S,Rayo Vallecano,0,0.3610206330195069,2.6569777820259333,2.32912690192461,La_Liga,10
2619,Stole Dimitrievski,8,720,0,0.0,0,0.0,0,0,0,0,GK,Valencia,0,0.0,1.0266846045851707,1.0266846045851707,La_Liga,0
3208,Óscar Trejo,6,63,0,0.1115266382694244,0,0.1523229591548442,1,3,1,0,S,Rayo Vallecano,0,0.1115266382694244,0.8704848363995552,0.6497752517461777,La_Liga,0
4091,Unai López,20,1212,0,0.6030859900638461,3,1.4412714848294854,16,26,5,1,M S,Rayo Vallecano,0,0.6030859900638461,4.627951190806925,3.6884275525808334,La_Liga,12
4120,Álex Moreno,21,1839,0,1.4656613990664482,3,2.2245982475578785,15,11,4,0,D S,Girona,0,1.4656613990664482,7.573150731623173,4.700070239137858,La_Liga,14
4160,David Costas,17,1441,0,0.4482393264770508,0,0.1541126631200313,1,4,2,0,D S,Real Oviedo,0,0.4482393264770508,2.8291703928261995,2.767661428079009,La_Liga,19
4168,Javi Muñoz,13,480,0,0.3258062414824962,0,0.1269101649522781,13,5,0,0,F M S,Getafe,0,0.3258062414824962,0.6164086405187845,0.2833839058876037,La_Liga,0
5050,Clement Lenglet,11,850,0,0.1453948058187961,0,0.0711851418018341,3,3,2,1,D,Atletico Madrid,0,0.1453948058187961,3.6960518304258585,3.5738051179796457,La_Liga,4
5058,Carles Aleñá,26,1640,0,2.049841169267893,4,3.621789767406881,23,28,4,0,F M S,Alaves,0,2.049841169267893,6.948884451761842,3.4134707041084766,La_Liga,24
5065,Diego Rico,23,1634,0,0.2927396623417735,0,0.8315106853842735,11,9,3,0,D S,Getafe,0,0.2927396623417735,1.4229106130078435,0.5435091145336628,La_Liga,27
5073,Florian Lejeune,27,2423,0,1.33691671397537,0,0.2568598454818129,36,12,4,0,D,Rayo Vallecano,0,1.33691671397537,7.860891826450825,7.520819492638111,La_Liga,31
5077,Mikel Vesga,17,293,0,0.1971089020371437,0,0.0809323443099856,2,2,0,0,M S,Athletic Club,0,0.1971089020371437,0.3969048364087939,0.2973845712840557,La_Liga,7
5086,Marc Roca,21,1540,0,0.7463184013031423,2,1.7122993599623442,10,12,1,0,M S,Real Betis,0,0.7463184013031423,6.453552218154073,5.666375217959285,La_Liga,24
5110,Mariano,9,266,0,0.1475527435541153,0,0.7592702507972717,5,2,1,0,F S,Alaves,0,0.1475527435541153,0.9259187541902064,0.019095754250884,La_Liga,1
5162,Nacho Vidal,17,1330,0,1.3678102605044842,0,0.1759592741727829,8,4,3,0,D S,Real Oviedo,0,1.3678102605044842,2.6426141541451216,1.234034288674593,La_Liga,20
5179,Jon Guridi,16,562,0,0.9596322737634182,0,0.0303482804447412,6,1,0,0,F M S,Alaves,0,0.9596322737634182,1.801022220402956,0.9717370606958866,La_Liga,7
5185,Unai Simón,27,2430,0,0.0,0,0.0318873859941959,0,1,0,0,GK,Athletic Club,0,0.0,2.737743943929672,2.705856569111347,La_Liga,0
5199,Raba,11,235,0,0.1994561273604631,1,0.3187341094017029,7,2,0,0,F S,Valencia,0,0.1994561273604631,0.4685311866924166,0.0853096926584839,La_Liga,0
5353,Josip Brekalo,14,482,0,0.3088910253718495,0,1.6458159163594246,9,11,1,0,F M S,Real Oviedo,0,0.3088910253718495,2.2394321858882904,0.8675312828272581,La_Liga,7
5615,Valentin Rosier,20,1583,0,0.1899453224614262,1,1.2211529146879911,5,11,3,1,D S,Osasuna,0,0.1899453224614262,3.4859599471092224,2.280376287177205,La_Liga,21
5672,Iván Balliu,10,237,0,0.61431117169559,0,0.0222387239336967,2,1,3,0,D S,Rayo Vallecano,0,0.61431117169559,1.2450470887124538,0.6084972210228443,La_Liga,4
5947,Mihailo Ristic,4,265,0,0.01605817489326,0,0.0660375989973545,1,2,0,0,D,Celta Vigo,0,0.01605817489326,0.6196794584393501,0.5375836826860905,La_Liga,0
6075,Antonio Sivera,26,2340,0,0.0,0,0.0,0,0,1,0,GK,Alaves,0,0.0,2.271491705439985,2.271491705439985,La_Liga,1
6118,Portu,10,463,0,1.6742162741720676,0,0.189590573310852,9,3,2,0,F M S,Girona,0,1.6742162741720676,2.053294636309147,0.457047451287508,La_Liga,1
6149,Unai Núñez,4,332,0,0.0670580491423606,0,0.0,2,0,1,0,D,Valencia,0,0.0670580491423606,0.7178099155426025,0.7010859549045563,La_Liga,3
6151,Djené Dakonam,25,1878,0,0.0686510754749178,0,0.0664796605706214,3,1,6,1,D M S,Getafe,0,0.0686510754749178,1.625915888696909,1.5979001708328724,La_Liga,0
6177,Luiz Felipe,9,383,0,0.2370056584477424,0,0.0,3,0,1,0,D S,Rayo Vallecano,0,0.2370056584477424,0.2854873761534691,0.2854873761534691,La_Liga,5
6224,Marko Dmitrovic,26,2340,0,0.0,0,0.0304153487086296,0,1,0,0,GK,Espanyol,0,0.0,3.4199922056868672,3.389576849527657,La_Liga,2
6233,Ferland Mendy,2,91,0,0.0,0,0.0,0,0,0,0,D S,Real Madrid,0,0.0,0.152797058224678,0.152797058224678,La_Liga,1
6242,Johan Mojica,27,2036,0,0.4293287647888064,3,2.6982689993456006,13,22,4,0,D S,Mallorca,0,0.4293287647888064,6.467021679505706,4.396238441579044,La_Liga,26
6291,Diego Pampín,6,357,0,0.1348268613219261,0,0.0878514070063829,3,2,2,0,D S,Levante,0,0.1348268613219261,0.5484582781791687,0.3257800117135048,La_Liga,5
6306,Juan Foyth,13,946,0,0.0737326610833406,0,0.0,2,0,2,0,D S,Villarreal,0,0.0737326610833406,4.523703388869762,4.523703388869762,La_Liga,13
6324,Marash Kumbulla,7,419,0,0.0868991632014513,0,0.0225842390209436,3,1,1,0,D S,Mallorca,0,0.0868991632014513,0.6233834195882082,0.5607796404510736,La_Liga,2
6325,Andoni Gorosabel,15,768,0,0.1820996245369315,1,0.4473420679569244,4,8,2,0,D S,Athletic Club,0,0.1820996245369315,3.55963989533484,3.144068170338869,La_Liga,15
6421,Brahim Diaz,19,519,0,0.4928147457540035,4,2.002123210579157,7,13,1,0,F M S,Real Madrid,0,0.4928147457540035,3.983513928949833,1.922927986830473,La_Liga,5
6485,Júnior Firpo,9,617,0,0.4448377713561058,1,0.957407258450985,5,8,2,0,D S,Real Betis,0,0.4448377713561058,2.773687727749348,2.300057761371136,La_Liga,12
6656,Sergio Gómez,25,1893,0,0.6956860916689038,2,4.391778367571533,8,30,2,0,D M S,Real Sociedad,0,0.6956860916689038,6.7981043718755245,3.93996280990541,La_Liga,44
6750,Gonzalo Villar,2,27,0,0.0,0,0.0,0,0,1,0,S,Elche,0,0.0,0.0,0.0,La_Liga,0
6766,Dani Vivian,22,1920,0,1.3388212267309427,0,1.5774906277656555,13,5,8,1,D S,Athletic Club,0,1.3388212267309427,4.57416020706296,3.5480506233870983,La_Liga,0
6916,Fernando Calero,20,1595,0,1.864722820930183,0,0.5543733611702919,9,3,3,0,D S,Espanyol,0,1.864722820930183,2.328415486961603,2.1239466555416584,La_Liga,13
7050,Lucas Torró,25,1839,0,1.657860640436411,1,0.996150997467339,19,10,6,0,M S,Osasuna,0,1.657860640436411,4.1857057716697454,3.0821194937452674,La_Liga,14
7086,David Hancko,25,2032,0,0.987446265295148,2,2.1513782758265734,19,13,1,0,D S,Atletico Madrid,0,0.987446265295148,8.994603548198938,6.7490778639912605,La_Liga,24
7095,Juan Musso,1,90,0,0.0,0,0.0,0,0,1,0,GK,Atletico Madrid,0,0.0,0.1303227841854095,0.1303227841854095,La_Liga,0
7287,Iñaki Peña,16,1440,0,0.0,0,0.4040794968605041,0,3,0,0,GK,Elche,0,0.0,3.897747155278921,3.5779708586633205,La_Liga,0
7306,Aihen Muñoz,16,663,0,0.4396745823323726,0,0.3257849067449569,5,4,1,0,D S,Real Sociedad,0,0.4396745823323726,3.117821928113699,2.461114764213562,La_Liga,16
7338,Bryan Gil Salvatierra,23,1375,0,2.174213159829378,3,3.487660083919764,20,19,3,0,F M S,Girona,0,2.174213159829378,9.276120889931915,6.19707190617919,La_Liga,0
7350,Yangel Herrera,9,417,0,0.689001614227891,0,0.0,6,0,1,0,M S,"Girona,Real Sociedad",0,0.689001614227891,0.8408532906323671,0.6846388392150402,La_Liga,1
7385,Javi Galán,15,995,0,0.1605566628277301,1,1.3801342006772757,4,19,1,0,D S,"Atletico Madrid,Osasuna",0,0.1605566628277301,3.720238883048296,3.09549305960536,La_Liga,18
7424,Alex Sola,1,10,0,0.0,0,0.0,0,0,0,0,S,Getafe,0,0.0,0.0,0.0,La_Liga,0
7500,Giacomo Raspadori,12,203,0,0.8766965568065643,1,0.9504356123507024,7,4,1,0,F S,Atletico Madrid,0,0.8766965568065643,1.947984542697668,0.268772192299366,La_Liga,1
7515,Andrei Ratiu,24,2107,0,1.966951260343194,3,4.499579044058919,24,27,6,0,D M,Rayo Vallecano,0,1.966951260343194,10.35656490176916,7.1612110659480095,La_Liga,27
7528,Sergio Camello,13,443,0,1.368752581998706,0,0.1662612203508615,9,6,1,1,F S,Rayo Vallecano,0,1.368752581998706,1.7590397410094738,0.3599741011857986,La_Liga,2
7529,Iván Martín,25,1917,0,0.9734207801520824,1,1.5791969820857048,9,16,3,1,M S,Girona,0,0.9734207801520824,7.7486040480434895,5.857261378318071,La_Liga,33
7549,Abel Ruiz,5,58,0,0.0896493941545486,0,0.1312386691570282,1,2,0,0,S,Girona,0,0.0896493941545486,0.1810910403728485,0.0,La_Liga,1
7574,Leo Petrot,24,1173,0,0.3349515125155449,0,0.025175416842103,6,1,1,0,D S,Elche,0,0.3349515125155449,2.503188777714968,2.319222029298544,La_Liga,17
7613,Moussa Diarra,3,225,0,0.0,0,0.0150750838220119,0,1,1,0,D,Alaves,0,0.0,0.0612770691514015,0.0612770691514015,La_Liga,2
7655,Carl Starfelt,18,1402,0,0.3869095593690872,0,0.0776824131608009,4,1,1,1,D S,Celta Vigo,0,0.3869095593690872,5.746874716132879,5.6940568797290325,La_Liga,15
7826,Joseph Aidoo,5,375,0,0.3532345592975616,0,0.0,2,0,0,0,D S,Celta Vigo,0,0.3532345592975616,1.7498727180063725,1.7498727180063725,La_Liga,2
7838,Martin Valjent,27,2430,0,0.4177664685994386,0,0.1219035629183054,13,2,3,0,D,Mallorca,0,0.4177664685994386,6.738571520894766,6.418445783667266,La_Liga,20
7841,Dani Rodríguez,2,56,0,0.0234660059213638,0,0.0,1,0,0,0,S,Mallorca,0,0.0234660059213638,0.0965382605791091,0.0730722546577453,La_Liga,1
7857,Jon Moncayola,25,2117,0,2.069802885875106,4,3.6873783096671104,17,27,6,0,D M S,Osasuna,0,2.069802885875106,8.01638924330473,3.9013476110994816,La_Liga,18
7859,Sergio Herrera,27,2430,0,0.0,0,0.0,0,0,3,0,GK,Osasuna,0,0.0,1.1883362848311665,1.1883362848311665,La_Liga,0
7860,Domingos Duarte,24,2074,0,0.6063171457499266,0,0.0,10,0,9,0,D,Getafe,0,0.6063171457499266,0.4520395649597049,0.3796699745580554,La_Liga,10
7882,Sheraldo Becker,9,124,0,0.1651192680001258,0,0.2503879070281982,3,2,0,0,S,Osasuna,0,0.1651192680001258,0.4155071675777435,0.0,La_Liga,1
7927,Sofyan Amrabat,8,593,0,0.112477296963334,0,0.1859090998768806,4,4,3,0,M S,Real Betis,0,0.112477296963334,2.5722275860607624,2.2977540343999863,La_Liga,6
7981,Nianzou Kouassi,10,560,0,0.3954171296209097,0,0.1417838707566261,6,2,5,0,D S,Sevilla,0,0.3954171296209097,1.5104735866189003,1.3536195307970047,La_Liga,0
8002,Rodrigo Riquelme,19,641,0,2.085785521194339,1,1.466417740099132,19,14,1,0,M S,Real Betis,0,2.085785521194339,5.985759269446135,2.637932867743075,La_Liga,5
8014,Abdón Prats,10,61,0,0.5610876977443695,0,0.114988125860691,3,2,0,0,S,Mallorca,0,0.5610876977443695,1.2143099550157783,0.6818445790559053,La_Liga,0
8058,Thierry Correia,17,1071,0,0.225376509130001,1,1.1290858332067728,4,8,4,0,D S,Valencia,0,0.225376509130001,4.208315731957555,3.2533126529306173,La_Liga,13
8267,Guido Rodríguez,4,230,0,0.0797989424318075,0,0.0,3,0,0,0,M S,Valencia,0,0.0797989424318075,0.1816687565296888,0.1336214393377304,La_Liga,8
8329,Unai Vencedor,16,837,0,0.0,0,1.509224282577634,0,12,3,1,M S,Levante,0,0.0,2.1353150978684425,1.1437988132238388,La_Liga,0
8409,Juanlu Sanchez,22,1536,0,0.6089474335312843,2,1.1261691823601725,11,17,2,1,D M S,Sevilla,0,0.6089474335312843,3.9699860773980618,2.4576761946082115,La_Liga,28
8413,Javier López,14,945,0,0.1117896419018507,0,0.4128877660259604,3,10,1,0,D S,Real Oviedo,0,0.1117896419018507,2.5029097367078066,2.18217433989048,La_Liga,0
8416,Sergio Lozano,1,7,0,0.0,0,0.0,0,0,0,0,S,Levante,0,0.0,0.0,0.0,La_Liga,1
8423,Jon Pacheco Dozagarat,19,1591,0,0.2430377919226884,0,0.7593822702765465,4,5,2,0,D S,Alaves,0,0.2430377919226884,1.957039469853044,1.809780428186059,La_Liga,0
8424,Aimar Oroz,20,1501,0,1.2539583258330822,2,2.991520581766963,22,29,5,0,F M S,Osasuna,0,1.2539583258330822,5.156155861914158,2.7256320100277662,La_Liga,15
8500,Víctor García,13,534,0,0.2218792699277401,1,0.8887178860604763,7,7,0,0,F M S,Levante,0,0.2218792699277401,0.9911760725080968,0.2964967377483845,La_Liga,6
8548,Arnau Tenas,3,270,0,0.0,0,0.0,0,0,0,0,GK,Villarreal,0,0.0,0.1706001982092857,0.1706001982092857,La_Liga,1
8584,Raul Moro,6,300,0,0.1058255061507225,2,1.3092872090637684,3,6,0,0,M S,Osasuna,0,0.1058255061507225,2.041031789034605,0.8235235176980495,La_Liga,0
8689,Yvan Neyou,5,49,0,0.0,0,0.0,0,0,2,0,S,Getafe,0,0.0,0.0,0.0,La_Liga,0
8725,Luis Milla,26,2304,0,0.8646286781877279,8,5.236236838623881,17,57,2,1,M,Getafe,0,0.8646286781877279,4.827286451123655,2.743091408163309,La_Liga,21
8744,Juan Cruz,14,604,0,0.5461479425430298,0,0.0736327618360519,1,2,0,0,D S,Osasuna,0,0.5461479425430298,1.3310620803385973,1.257429299876094,La_Liga,0
8760,Arsen Zakharyan,15,359,0,0.7771880850195885,0,0.9222379773855208,13,9,1,0,M S,Real Sociedad,0,0.7771880850195885,2.409864693880081,1.195064628496766,La_Liga,5
8764,Oriol Rey,15,947,0,0.2747505372390151,0,0.1694198278710246,6,5,2,0,M S,Levante,0,0.2747505372390151,4.683156504295766,4.365011230111122,La_Liga,9
8821,Donny van de Beek,2,37,0,0.0774523969739675,0,0.0,2,0,0,0,M S,Girona,0,0.0774523969739675,0.3744987845420837,0.2970463931560516,La_Liga,0
8861,Urko Gonzalez,25,1628,0,0.502807954326272,1,0.1709040571004152,11,7,4,0,M S,"Espanyol,Real Sociedad",0,0.502807954326272,3.666020171716809,3.253694297745824,La_Liga,23
8872,Matteo Ruggeri,19,1241,0,0.1998444329947233,3,2.900176053866744,4,18,3,0,D S,Atletico Madrid,0,0.1998444329947233,8.107002526521683,6.882467538118362,La_Liga,20
8893,Josan,14,443,0,0.2787706330418587,2,2.241609025746584,3,15,2,0,D M S,Elche,0,0.2787706330418587,4.121374503709376,1.9871291751042008,La_Liga,5
8895,Tete Morente,3,232,0,0.1192639544606208,0,0.3938394486904144,1,2,1,0,D M,Elche,0,0.1192639544606208,0.4123200140893459,0.0184805653989315,La_Liga,0
8902,José Salinas,9,213,0,0.0,0,0.129030168056488,0,4,2,0,D S,Espanyol,0,0.0,0.9803878664970398,0.9603677988052368,La_Liga,2
8946,Mourad El Ghezouani,2,42,0,0.1101522445678711,0,0.0302054788917303,1,1,0,0,S,Elche,0,0.1101522445678711,0.2580279465764761,0.1176702231168747,La_Liga,3
8963,Nahuel Molina,19,897,0,0.069164702668786,1,1.3222720678895712,4,12,2,0,D S,Atletico Madrid,0,0.069164702668786,5.942391574382782,4.955556325614452,La_Liga,15
8972,Victor Chust,21,1608,0,0.3222646526992321,0,0.0647720042616128,5,3,5,1,D S,Elche,0,0.3222646526992321,5.217671614140272,5.217671614140272,La_Liga,23
9008,Jairo Izquierdo,1,22,0,0.0,0,0.0,0,0,0,0,S,Elche,0,0.0,0.0,0.0,La_Liga,0
9024,Yeremi Pino,2,165,0,0.1250712722539901,1,0.8602673262357712,2,6,0,0,M,Villarreal,0,0.1250712722539901,2.0280728340148926,1.4558568000793457,La_Liga,1
9217,Jesús Vázquez,16,639,0,0.1920692585408687,0,0.3937843590974808,6,7,2,0,D S,Valencia,0,0.1920692585408687,2.6679428163915877,2.3077298626303677,La_Liga,6
9243,Ilaix Moriba,27,1782,0,1.1515593770891428,1,1.6196029260754583,15,13,4,0,M S,Celta Vigo,0,1.1515593770891428,9.147804985754192,6.64162389934063,La_Liga,29
9297,Abdelkabir Abqar,15,981,0,0.3874060558155179,2,0.7393411099910736,7,4,7,0,D S,Getafe,0,0.3874060558155179,0.4170134654268622,0.2576315831393003,La_Liga,0
9424,Pablo Cuñat,2,180,0,0.0,0,0.0,0,0,0,0,GK,Levante,0,0.0,0.0,0.0,La_Liga,0
9465,Beñat Turrientes,18,785,0,0.6615610606968403,1,0.8381881788372993,14,7,4,0,M S,Real Sociedad,0,0.6615610606968403,3.063355876132846,1.963305614888668,La_Liga,18
9505,Beñat Prados,2,87,0,0.0202444195747375,0,0.03657878190279,1,2,1,0,M S,Athletic Club,0,0.0202444195747375,0.1660694107413292,0.1294906288385391,La_Liga,2
9519,Carlos Domínguez,7,512,0,0.0428886748850345,0,0.0324050560593605,1,1,1,0,D S,Celta Vigo,0,0.0428886748850345,2.398045636713505,2.3656405806541443,La_Liga,8
9520,Hugo Sotelo,14,922,0,0.0896841175854206,1,1.493307976052165,2,19,2,0,M S,Celta Vigo,0,0.0896841175854206,4.581185942515731,4.084088444709778,La_Liga,10
9768,Jesús Areso,22,1344,0,0.095483249053359,1,1.4450690392404797,3,20,3,0,D S,Athletic Club,0,0.095483249053359,2.5964280515909195,1.9221692010760307,La_Liga,15
9773,Joan García,21,1890,0,0.0,0,0.0,0,0,1,0,GK,Barcelona,0,0.0,9.610811933875084,9.610811933875084,La_Liga,3
9793,Matías Dituro,11,990,0,0.0,0,0.0772495418787002,0,1,1,0,GK,Elche,0,0.0,3.080236691981554,3.002987165004015,La_Liga,0
9804,Gavi,2,50,0,0.0,1,0.1401124224066734,0,3,0,0,S,Barcelona,0,0.0,0.5714934319257736,0.4636357426643371,La_Liga,1
9805,Álex Balde,21,1555,0,0.3146120570600033,2,2.844735460355878,8,21,1,0,D S,Barcelona,0,0.3146120570600033,14.710758801549671,11.918121438473465,La_Liga,0
9813,Randy Nteka,8,67,0,0.208919795230031,0,0.0221588034182786,4,1,0,0,S,Rayo Vallecano,0,0.208919795230031,0.138408089056611,0.0221588034182786,La_Liga,2
9824,Julen Agirrezabala,18,1620,0,0.0,0,0.0134038729593157,0,1,1,0,GK,Valencia,0,0.0,0.8106938730925322,0.8106938730925322,La_Liga,1
9839,Leo Román,22,1980,0,0.0,0,0.0,0,0,3,0,GK,Mallorca,0,0.0,2.475074078887701,2.475074078887701,La_Liga,1
9922,Jon Karrikaburu,6,106,0,0.6936077550053596,0,0.0238551869988441,6,1,0,0,S,Real Sociedad,0,0.6936077550053596,0.4677266627550125,0.0,La_Liga,1
9970,Antonio Sánchez,22,833,0,0.5342528652399778,0,0.725907351821661,6,7,2,1,M S,Mallorca,0,0.5342528652399778,2.665071927011013,1.4421144593507051,La_Liga,7
10067,Rubén Sánchez,13,433,0,0.0547466268762946,0,0.0744905658066272,3,3,2,0,D S,Espanyol,0,0.0547466268762946,2.6743216067552567,2.606812447309494,La_Liga,0
10101,Carlos Martín,5,281,0,0.2828658670186996,0,0.5321508049964905,3,1,1,0,F M S,Rayo Vallecano,0,0.2828658670186996,1.0096961371600628,0.1946794763207435,La_Liga,2
10107,César Tárrega,22,1688,0,0.2831924427300691,0,0.09015997312963,7,2,5,0,D S,Valencia,0,0.2831924427300691,3.5200801035389304,3.4549699714407325,La_Liga,18
10121,Ilias Akhomach,16,646,0,2.207326017320156,0,1.024390147998929,18,7,2,0,M S,"Rayo Vallecano,Villarreal",0,2.207326017320156,4.136064056307077,1.8868465796113012,La_Liga,4
10128,Javi Llabrés,14,133,0,0.2208419982343912,0,0.0436721295118331,4,1,0,0,M S,Mallorca,0,0.2208419982343912,0.2662875801324844,0.0748725105077028,La_Liga,0
10155,Rubén Iranzo,1,1,0,0.0,0,0.0,0,0,0,0,S,Valencia,0,0.0,0.0,0.0,La_Liga,0
10189,Marc Pubill,11,770,0,0.1135148983448743,1,0.6268223077058792,4,3,1,0,D S,Atletico Madrid,0,0.1135148983448743,3.889517311006784,3.4078688956797123,La_Liga,7
10322,Javier Guerra,25,1257,0,1.2087046187371016,3,1.9358734302222729,15,14,3,0,M S,Valencia,0,1.2087046187371016,4.797839784994721,2.8018827717751265,La_Liga,8
10380,Zito,2,61,0,0.0,0,0.0,0,0,0,0,S,Mallorca,0,0.0,0.459022618830204,0.459022618830204,La_Liga,0
10397,Ugo Raghouber,6,411,0,0.0199626199901103,0,0.0577274151146411,1,1,0,0,M S,Levante,0,0.0199626199901103,0.2953772041946649,0.2754145842045545,La_Liga,4
10526,Abu Kamara,9,162,0,0.3746976628899574,0,0.0520618315786123,3,2,1,0,M S,Getafe,0,0.3746976628899574,0.4386438447982073,0.0118843521922826,La_Liga,2
10614,Damián Rodríguez,2,155,0,0.0666191801428794,0,0.1211103573441505,3,2,1,0,M,Celta Vigo,0,0.0666191801428794,1.6293264627456665,1.5556451082229614,La_Liga,0
10620,Luca Koleosho,3,48,0,0.024271871894598,0,0.0189368296414613,1,1,0,0,S,Espanyol,0,0.024271871894598,0.2459692731499672,0.2027605772018432,La_Liga,1
10858,Jorge Herrando,23,1358,0,0.1706695649772882,1,0.6935188174247742,3,2,2,0,D S,Osasuna,0,0.1706695649772882,1.3869066331535578,1.353971404954791,La_Liga,13
10875,Omar El Hilali,24,1869,0,0.0136713292449712,2,1.2945632822811604,1,10,5,0,D S,Espanyol,0,0.0136713292449712,3.32749826926738,2.5961883487179875,La_Liga,36
10936,Charles Pickel,16,472,0,0.3117977902293205,0,0.0352792246267199,7,2,1,1,M S,Espanyol,0,0.3117977902293205,1.914375212043524,1.793533420190215,La_Liga,3
10982,Copete,21,1767,0,1.944704715162516,0,0.1642674310132861,13,5,5,0,D S,Valencia,0,1.944704715162516,4.536973598413169,4.47673115786165,La_Liga,15
11057,André Almeida,15,810,0,0.8195844329893589,1,1.4069484220817683,8,12,0,0,F M S,Valencia,0,0.8195844329893589,4.590641496703029,3.132709037512541,La_Liga,0
11091,Veljko Birmancevic,1,10,0,0.053722932934761,0,0.0554199330508708,1,1,0,0,S,Getafe,0,0.053722932934761,0.1259191632270813,0.0167762897908687,La_Liga,0
11151,Marc Casadó,17,800,0,0.4599047219380736,1,0.4292725957930088,9,10,0,0,M S,Barcelona,0,0.4599047219380736,7.280439987778664,6.657594092190266,La_Liga,6
11185,Pablo Marín,24,1076,0,1.223766099661589,0,0.2073611952364444,12,6,1,0,M S,Real Sociedad,0,1.223766099661589,3.231280269101262,1.9699427485466003,La_Liga,11
11266,Manu Bueno,4,62,0,0.0956592112779617,0,0.200551226735115,1,2,0,0,S,Sevilla,0,0.0956592112779617,0.7844276577234268,0.583876445889473,La_Liga,1
11306,Cyril Ngonge,3,106,0,0.1050126776099205,1,0.4052549302577972,3,2,1,0,M S,Espanyol,0,0.1050126776099205,0.4164338856935501,0.0766668459400534,La_Liga,1
11343,Gabriel Suazo,19,1438,0,0.2580093722790479,2,2.21848070435226,4,31,5,0,D S,Sevilla,0,0.2580093722790479,4.667832415550947,3.5096077863126998,La_Liga,49
11381,Dawda Camara,2,73,0,0.1603239923715591,0,0.0742387026548385,2,1,0,0,F S,Girona,0,0.1603239923715591,0.1399038955569267,0.0,La_Liga,0
11383,Renato Veiga,24,1743,0,0.1798072038218379,0,0.0500294882804155,8,2,3,1,D S,Villarreal,0,0.1798072038218379,8.045156557112932,7.894638635218143,La_Liga,5
11395,Iker Muñoz,11,517,0,0.1436905190348625,0,0.0368459671735763,5,1,3,0,M S,Osasuna,0,0.1436905190348625,0.6317615490406752,0.4512250628322363,La_Liga,4
11401,Haissem Hassan,25,1524,0,1.4501554518938065,3,1.5957269202917814,29,16,1,0,F M S,Real Oviedo,0,1.4501554518938065,4.659428903833032,2.347943864762783,La_Liga,15
11617,Yago Alonso,8,269,0,0.1545259803533554,0,0.0823154151439666,2,2,1,0,M S,Elche,0,0.1545259803533554,0.6895101312547922,0.5053495075553656,La_Liga,0
11705,Federico Gattoni,1,5,0,0.0,0,0.0,0,0,0,0,S,Sevilla,0,0.0,0.0,0.0,La_Liga,0
11740,Álvaro Vallés,19,1710,0,0.0,0,0.0,0,0,1,0,GK,Real Betis,0,0.0,2.3961056051775813,2.3961056051775813,La_Liga,0
11744,Sergi Cardona,22,1471,0,0.6444841884076595,3,2.3500813134014606,12,12,3,0,D S,Villarreal,0,0.6444841884076595,8.763998858630657,7.849836375564337,La_Liga,21
11809,Lucas Bergström,5,450,0,0.0,0,0.0,0,0,1,0,GK,Mallorca,0,0.0,0.9126056060194968,0.9126056060194968,La_Liga,0
11825,Abderrahmane Rebbach,20,808,0,2.230539808049798,0,2.9503216929733758,26,18,4,0,F M S,Alaves,0,2.230539808049798,3.139633633196354,0.4731731861829757,La_Liga,0
11826,Carlos Benavídez,8,205,0,0.2258257940411567,0,0.0830722209066152,3,2,0,1,D S,Alaves,0,0.2258257940411567,0.2854678854346275,0.0614383835345506,La_Liga,3
11834,Adrià Alti,1,7,0,0.0,0,0.0,0,0,0,0,S,Villarreal,0,0.0,0.028195347636938,0.028195347636938,La_Liga,0
11890,Natan,24,2087,0,0.3566119400784373,0,0.1875674026086926,8,5,6,0,D,Real Betis,0,0.3566119400784373,6.585558835417032,6.464273635298014,La_Liga,12
11924,Clemens Riedel,13,875,0,0.1087655127048492,1,0.1441612020134925,3,2,3,0,D S,Espanyol,0,0.1087655127048492,2.617148268967867,2.5517796762287617,La_Liga,10
12044,Dani Pérez,1,1,0,0.0,0,0.0,0,0,0,0,S,Real Betis,0,0.0,0.0,0.0,La_Liga,0
12046,Jhon Solis,12,362,0,0.1824372038245201,0,0.0616481304168701,3,1,0,0,M S,Girona,0,0.1824372038245201,0.8263201098889112,0.7203838434070349,La_Liga,3
12180,Javier Rodríguez,23,1767,0,0.7932804152369499,0,0.1425361493602395,8,7,3,0,D S,Celta Vigo,0,0.7932804152369499,7.179317361675203,6.6592885768041015,La_Liga,0
12189,Hugo Rincón,24,1428,0,0.6515499819070101,1,0.9917018599808216,6,9,3,0,D S,Girona,0,0.6515499819070101,4.899130407720804,3.957275642082095,La_Liga,22
12207,Victor Parada,19,1243,0,1.2461828151717782,2,1.9331878861412408,6,12,6,1,D S,Alaves,0,1.2461828151717782,4.500885840505362,3.3925301916897297,La_Liga,4
12298,Augusto Batalla,27,2430,0,0.0,0,0.0504690390080213,0,2,4,0,GK,Rayo Vallecano,0,0.0,6.0445070546120405,6.024347005411983,La_Liga,1
12323,Johnny Cardoso,12,726,0,0.0442219888791441,0,0.3355124518275261,2,3,4,0,M S,Atletico Madrid,0,0.0442219888791441,2.686145931482315,2.4048207625746727,La_Liga,17
12353,Jon Martín,17,1530,0,1.0390478884801269,0,0.1884760037064552,11,2,4,0,D,Real Sociedad,0,1.0390478884801269,4.693118136376143,4.439863245934248,La_Liga,10
12426,Stanis Idumbo Muzambo,1,48,0,0.0494507662951946,0,0.2678038775920868,1,1,0,0,M,Sevilla,0,0.0494507662951946,0.3172546625137329,0.0,La_Liga,0
12472,Iñigo Arguibide,6,187,0,0.0,0,0.0317141897976398,0,1,0,1,D S,Osasuna,0,0.0,0.1376515524461865,0.1059373626485467,La_Liga,3
12642,Yoel Lago,4,340,0,0.0,0,0.0244398601353168,0,1,2,0,D,Celta Vigo,0,0.0,0.9825319685041904,0.9580921083688736,La_Liga,3
12721,Ladislav Krejcí,2,180,0,0.1215347275137901,0,0.0,1,0,1,0,D,Girona,0,0.1215347275137901,0.1134412828832864,0.1134412828832864,La_Liga,0
12723,Alejandro Francés,16,498,0,0.2258009938523173,1,0.8213679492473602,7,8,1,1,D S,Girona,0,0.2258009938523173,2.8610158190131187,2.4613997787237167,La_Liga,8
12724,Adama Boiro,9,597,0,0.0368569269776344,0,0.1399121209979057,1,3,1,0,D S,Athletic Club,0,0.0368569269776344,1.17734382674098,1.0413606464862823,La_Liga,7
12821,Gerard Martín,22,1286,0,0.0641641151160001,0,0.6431598840281367,2,11,5,0,D S,Barcelona,0,0.0641641151160001,9.245283214375377,8.756374103948474,La_Liga,21
12863,Pedro Díaz,24,1238,0,0.8614912834018469,0,0.9808621993288398,28,18,1,0,F M S,Rayo Vallecano,0,0.8614912834018469,5.2461009081453085,3.8893898893147703,La_Liga,17
12864,Pelayo Fernández,1,37,0,0.0570813156664371,0,0.0,1,0,0,0,S,Rayo Vallecano,0,0.0570813156664371,0.0853876248002052,0.0853876248002052,La_Liga,0
12870,Buba Sangaré,2,82,0,0.0734957829117775,0,0.0,1,0,0,0,D S,Elche,0,0.0734957829117775,0.0734957829117775,0.0,La_Liga,1
12883,Marc Domenech,7,198,0,0.1169546842575073,1,0.5047692880034447,3,2,0,0,M S,Mallorca,0,0.1169546842575073,0.6539514735341072,0.0512349978089332,La_Liga,2
12884,Endrick,1,5,0,0.0,0,0.0,0,0,0,0,S,Real Madrid,0,0.0,0.0,0.0,La_Liga,0
12901,Antoniu Roca,8,92,0,0.1816798001527786,0,0.0163562446832656,3,1,1,0,M S,Espanyol,0,0.1816798001527786,1.5741547010838983,1.3761186562478542,La_Liga,0
12914,Pau Navarro,15,1267,0,0.0226786062121391,0,0.4357209205627441,1,4,3,0,D,Villarreal,0,0.0226786062121391,3.625039368867874,3.226991578936577,La_Liga,24
12917,Luiz Júnior,24,2160,0,0.0,0,0.0,0,0,3,0,GK,Villarreal,0,0.0,5.291440322995186,5.291440322995186,La_Liga,0
12951,Jan Salas,2,6,0,0.0,0,0.0,0,0,0,0,S,Mallorca,0,0.0,0.0,0.0,La_Liga,0
12995,Bojan Miovski,1,44,0,0.0,0,0.0,0,0,0,0,F,Girona,0,0.0,0.0,0.0,La_Liga,0
13005,Yáser Asprilla,15,601,0,0.5583002185449004,0,1.7849864326417446,15,12,0,0,F M S,Girona,0,0.5583002185449004,1.4411142249591649,0.7090051285922527,La_Liga,4
13047,Coba da Costa,14,318,0,0.2343458440154791,0,0.0849930155090987,5,3,1,0,M S,Getafe,0,0.2343458440154791,0.6364300651475787,0.4354630215093493,La_Liga,6
13083,Matías Moreno,18,1408,0,1.0884073935449123,0,0.1163646019995212,7,2,4,0,D S,Levante,0,1.0884073935449123,4.851206663995981,4.75349609926343,La_Liga,17
13110,Toni Fernández,1,48,0,0.0,0,0.0881161764264106,0,1,0,0,F,Barcelona,0,0.0,0.0881161764264106,0.0,La_Liga,0
13113,David Jiménez,2,78,0,0.090881623327732,0,0.0,1,0,0,0,D S,Real Madrid,0,0.090881623327732,0.2897253930568695,0.198843777179718,La_Liga,1
13198,Ramón Martínez,2,99,0,0.0,0,0.0,0,0,0,0,S,Sevilla,0,0.0,0.885494738817215,0.885494738817215,La_Liga,0
13200,Fernando López,6,420,0,0.1486128941178321,0,0.292031267657876,2,3,0,0,F M S,Celta Vigo,0,0.1486128941178321,1.5066390559077265,1.321895644068718,La_Liga,0
13267,Arkaitz Mariezkurrena,1,1,0,0.0,0,0.0,0,0,0,0,S,Real Sociedad,0,0.0,0.0,0.0,La_Liga,0
13278,Youssef Lekhedim,19,1005,0,0.7701235758140683,1,2.032607551664114,10,11,3,0,D S,Alaves,0,0.7701235758140683,4.904796464368701,2.824230298399925,La_Liga,7
13319,Facundo Garcés,10,786,0,0.61756222974509,0,0.0,8,0,3,0,D S,Alaves,0,0.61756222974509,0.7101098354905844,0.6371504832059145,La_Liga,8
13334,Ismael Bekhoucha,4,106,0,0.0254324898123741,1,0.721170961856842,1,1,2,0,D S,Getafe,0,0.0254324898123741,1.1573026180267334,0.4361315965652466,La_Liga,5
13374,Ángel Ortiz,12,535,0,0.0273902136832475,0,0.8803559150546789,1,6,1,0,D S,Real Betis,0,0.0273902136832475,1.54257298912853,0.8120450833812356,La_Liga,14
13376,Pablo García,14,331,0,1.302853174507618,0,0.0550342518836259,11,2,1,0,M S,Real Betis,0,1.302853174507618,1.5911442004144192,0.3231924325227737,La_Liga,5
13420,Vladyslav Krapyvtsov,2,136,0,0.0,0,0.0,0,0,0,0,GK S,Girona,0,0.0,0.0656651929020881,0.0656651929020881,La_Liga,0
13543,Valde,1,81,0,0.0,0,0.018097510561347,0,1,0,0,D,Real Madrid,0,0.0,0.162386879324913,0.1442893743515014,La_Liga,0
13558,Daniel Díaz,1,13,0,0.0,0,0.0,0,0,0,0,S,Real Sociedad,0,0.0,0.0,0.0,La_Liga,0
13580,Mikel Goti,4,64,0,0.7785072475671768,0,0.0,3,0,0,0,M S,Real Sociedad,0,0.7785072475671768,0.1768126040697097,0.0,La_Liga,1
13600,Andrés Castrín,9,645,0,0.1965512186288833,0,0.0332721732556819,4,1,3,0,D S,Sevilla,0,0.1965512186288833,1.0559398233890531,1.0559398233890531,La_Liga,0
13615,Oso,10,677,0,0.7178159095346928,2,1.5509299635887146,8,12,0,0,D M S,Sevilla,0,0.7178159095346928,3.3261935357004404,1.589462647214532,La_Liga,0
13638,Hugo Solozabal,1,4,0,0.0,0,0.0,0,0,0,0,S,Getafe,0,0.0,0.0,0.0,La_Liga,0
13646,Lander Pinillos,1,1,0,0.0,0,0.0,0,0,0,0,S,Alaves,0,0.0,0.0,0.0,La_Liga,0
13649,Claudio Echeverri,7,201,0,0.2308242600411176,0,0.3836648315191269,5,4,3,0,M S,Girona,0,0.2308242600411176,1.0070371199399233,0.6097346469759941,La_Liga,5
13694,Jozhua Vertrouwd,7,259,0,0.0846294984221458,0,0.077861838042736,1,2,0,0,D S,Rayo Vallecano,0,0.0846294984221458,0.8323214426636696,0.8255295380949974,La_Liga,2
13695,Samu Becerra,3,9,0,0.0,0,0.0846294984221458,0,1,0,0,S,Rayo Vallecano,0,0.0,0.0,0.0,La_Liga,0
13697,Oier Luengo,3,228,0,0.070125862956047,1,0.098943255841732,1,1,0,0,D,Real Oviedo,0,0.070125862956047,0.2799486219882965,0.2799486219882965,La_Liga,5
13698,Rahim Alhassane,19,1402,0,0.0499004358425736,0,1.3877692874521017,2,14,1,0,D S,Real Oviedo,0,0.0499004358425736,4.295082878321409,3.419774617999792,La_Liga,0
13699,Kwasi Sibo,17,1067,0,0.2585728103294968,0,0.0260249059647321,7,2,3,0,M S,Real Oviedo,0,0.2585728103294968,3.644772589206696,3.3980602603405714,La_Liga,13
13702,Borja Sánchez,1,9,0,0.0,0,0.0,0,0,0,0,S,Real Oviedo,0,0.0,0.0,0.0,La_Liga,0
13703,Marco Esteban,1,40,0,0.0,0,0.0,0,0,0,0,S,Real Oviedo,0,0.0,0.0,0.0,La_Liga,0
13704,Omar Falah,1,9,0,0.0,0,0.0,0,0,0,0,S,Real Oviedo,0,0.0,0.0,0.0,La_Liga,0
13748,Jofre Torrents,3,33,0,0.0,0,0.0,0,0,0,0,S,Barcelona,0,0.0,1.2118503153324127,1.2118503153324127,La_Liga,2
13749,Dro Fernández,4,83,0,0.0,0,0.0516483634710311,0,2,0,0,M S,Barcelona,0,0.0,0.6772245950996876,0.6255762316286564,La_Liga,0
13761,Filip Ugrinic,16,913,0,0.2930274456739425,3,1.873154257424176,11,11,3,0,F M S,Valencia,0,0.2930274456739425,3.701054193079472,3.0730371801182628,La_Liga,6
13764,Calebe,17,742,0,0.1414615493267774,0,0.4210248803719878,5,10,2,0,D F M S,Alaves,0,0.1414615493267774,2.977892049588263,2.4599050730466843,La_Liga,14
13766,Jorge Cabello,5,367,0,0.0,0,0.0,0,0,1,0,D S,Levante,0,0.0,0.7887009792029858,0.7887009792029858,La_Liga,3
13767,Roger Brugué,15,914,0,2.8458912689238787,1,0.6584169827401638,18,6,1,0,F M S,Levante,0,2.8458912689238787,5.168369673192501,2.3214142620563507,La_Liga,0
13770,Paco Cortés,9,353,0,0.3853255193680525,0,0.7920461632311344,9,4,1,0,F M S,Levante,0,0.3853255193680525,1.656908594071865,0.5975478962063789,La_Liga,1
13772,Nacho Pérez,2,79,0,0.0,0,0.0242412872612476,0,1,0,0,D S,Levante,0,0.0,0.0242412872612476,0.0,La_Liga,1
13787,Manuel Fernández,13,726,0,0.0420662704855203,0,0.0310803558677434,2,2,2,0,D S,Celta Vigo,0,0.0420662704855203,3.782723367214203,3.709576785564423,La_Liga,0
13788,Davinchi,7,416,0,0.1721816435456276,0,0.0291446186602115,3,2,1,0,D S,Getafe,0,0.1721816435456276,0.3509474098682403,0.1916308961808681,La_Liga,10
13790,Joselu Pérez,2,16,0,0.0140858823433518,0,0.0,1,0,0,0,S,Getafe,0,0.0140858823433518,0.0140858823433518,0.0,La_Liga,0
13821,Urko Izeta,10,129,0,1.1373591683804989,0,0.3224271722137928,7,2,2,0,F S,Athletic Club,0,1.1373591683804989,0.6109912991523743,0.0324519015848636,La_Liga,0
13823,Miguel Sierra,4,50,0,0.1966240983456373,0,0.0,4,0,0,0,S,Sevilla,0,0.1966240983456373,0.2267779856920242,0.0301538873463869,La_Liga,0
13836,Álvaro Núñez,19,1668,0,0.1696221120655536,2,2.517910910770297,4,20,2,0,D M,Elche,0,0.1696221120655536,8.485914068296552,7.542240547016263,La_Liga,15
13837,David Affengruber,25,2009,0,0.7534260423853993,0,0.3038414008915424,8,6,5,1,D S,Elche,0,0.7534260423853993,6.487953940406442,5.793788155540824,La_Liga,27
13838,Ali Houary,2,133,0,0.0558448247611522,0,0.0,2,0,0,0,M,Elche,0,0.0558448247611522,0.0558448247611522,0.0,La_Liga,2
13841,Federico Redondo,8,66,0,0.0,0,0.0,0,0,0,0,S,Elche,0,0.0,0.069215327501297,0.069215327501297,La_Liga,1
13843,Bambo Diaby,4,98,0,0.0,0,0.0,0,0,1,0,D S,Elche,0,0.0,0.0600255103781819,0.0600255103781819,La_Liga,0
13848,Thiago Pitarch,2,151,0,0.1911620050668716,0,0.2106472104787826,3,1,0,0,M,Real Madrid,0,0.1911620050668716,0.5685203075408936,0.1667110845446586,La_Liga,0
13855,Iván Corralejo,1,11,0,0.0,0,0.0,0,0,0,0,S,Real Betis,0,0.0,0.0551396198570728,0.0551396198570728,La_Liga,0
13889,Jano Monserrate,1,13,0,0.0,0,0.0,0,0,0,0,S,Atletico Madrid,0,0.0,0.0,0.0,La_Liga,2
13953,Santiago Colombatto,21,1570,0,0.5880112154409289,1,1.904111286625266,12,19,5,0,M S,Real Oviedo,0,0.5880112154409289,5.170584846287966,4.194736115634441,La_Liga,13
13954,Álex Forés,14,265,0,0.7922417521476746,1,0.0199069753289222,8,1,0,0,F S,Real Oviedo,0,0.7922417521476746,1.322949506342411,0.5908136367797852,La_Liga,0
13991,Jan Virgili,22,1476,0,1.8502737414091823,4,3.4738964876160026,26,25,0,1,F M S,Mallorca,0,1.8502737414091823,6.500305534340441,2.412831014022231,La_Liga,8
13997,Hugo Lopez,2,57,0,0.0,0,0.0,0,0,0,0,M S,Villarreal,0,0.0,0.0,0.0,La_Liga,1
14001,Nelson Deossa,16,597,0,0.4419036190956831,0,0.5050768200308084,16,5,3,0,M S,Real Betis,0,0.4419036190956831,3.827945278957486,3.135099284350872,La_Liga,7
14012,Fábio Cardoso,4,309,0,0.0,0,0.0,0,0,0,0,D,Sevilla,0,0.0,0.2649941742420196,0.2649941742420196,La_Liga,3
14018,Lucas Ahijado,15,973,0,1.077176619321108,1,1.3409880846738815,8,8,2,0,D S,Real Oviedo,0,1.077176619321108,4.3753247037529945,2.797293933108449,La_Liga,27
14086,Alex Sancris,15,628,0,0.3494899617508054,1,0.989602810703218,11,8,1,1,F M S,Getafe,0,0.3494899617508054,0.8718908708542585,0.4326532557606697,La_Liga,5
14089,Lancinet Kourouma,5,23,0,0.0,0,0.0,0,0,0,1,S,Girona,0,0.0,0.0,0.0,La_Liga,0
14116,Diego Morcillo,1,8,0,0.5672497153282166,0,0.0,1,0,0,0,S,Alaves,0,0.5672497153282166,0.6797209978103638,0.112471267580986,La_Liga,0
14167,Selton Sánchez,7,191,0,0.2842219620943069,1,0.1571777909994125,4,4,0,0,M S,Athletic Club,0,0.2842219620943069,1.3910062201321125,0.949606478214264,La_Liga,2
14173,Pablo Agudín,4,46,0,0.0426228204742074,0,0.0,2,0,0,0,S,Real Oviedo,0,0.0426228204742074,0.0299487896263599,0.0,La_Liga,0
14183,Asier Hierro,1,30,0,0.0869530513882637,0,0.0195711869746446,1,1,0,0,S,Athletic Club,0,0.0869530513882637,0.1065242365002632,0.0,La_Liga,0
14202,Jorge Montes,1,24,0,0.0,0,0.0,0,1,0,0,S,Getafe,0,0.0,0.0,0.0,La_Liga,2
14205,Tomás Marqués,1,3,0,0.0,0,0.0,0,0,0,0,S,Barcelona,0,0.0,0.0,0.0,La_Liga,0
14208,Gorka Carrera,1,8,0,0.0,0,0.0,0,0,0,0,S,Real Sociedad,0,0.0,0.0185927096754312,0.0185927096754312,La_Liga,0
14216,Eder García,2,30,0,0.0365744195878505,0,0.0,1,0,1,0,S,Athletic Club,0,0.0365744195878505,0.0672711096704006,0.03069669008255,La_Liga,0
14221,Carlos Macià,4,64,0,0.0231574438512325,0,0.0,1,0,1,0,S,Villarreal,0,0.0231574438512325,0.0448665767908096,0.0217091329395771,La_Liga,0
14222,Aitor Mañas,6,58,0,0.5702066421508789,0,0.0306509360671043,1,2,0,0,S,Alaves,0,0.5702066421508789,0.2890326306223869,0.2583816945552826,La_Liga,2
14227,Juan Arango,2,14,0,0.0,0,0.0,0,0,1,0,S,Girona,0,0.0,0.0,0.0,La_Liga,0
14246,Jorge Cestero,2,8,0,0.0,0,0.0,0,0,0,0,S,Real Madrid,0,0.0,0.0,0.0,La_Liga,0
14258,Kareem Tunde,11,687,0,0.4318553917109966,0,0.5041966401040554,11,3,1,0,M S,Levante,0,0.4318553917109966,1.8389179510995743,1.1556425020098686,La_Liga,7
14259,Lander Astiazarán,1,1,0,0.0211206022650003,0,0.0,1,0,0,0,S,Real Sociedad,0,0.0211206022650003,0.0,0.0,La_Liga,0
14287,Alejandro Mestanza,3,68,0,0.0186938811093568,0,0.0,1,0,0,0,M S,Getafe,0,0.0186938811093568,0.0623364271596074,0.0436425460502505,La_Liga,1
14316,Nicolás Fonseca,9,308,0,0.0894034868106246,0,0.0806901380419731,5,2,2,0,M S,Real Oviedo,0,0.0894034868106246,1.2429078351706266,1.1535043343901634,La_Liga,10
14323,Julio Díaz,1,90,0,0.0327764712274074,0,0.0134829543530941,1,1,0,0,D,Atletico Madrid,0,0.0327764712274074,0.1804566234350204,0.1341971904039383,La_Liga,1
14334,Thiago Borbas,5,40,0,0.5530440509319305,0,0.0,3,0,1,0,S,Real Oviedo,0,0.5530440509319305,0.0933774597942829,0.0351529419422149,La_Liga,0
14352,César Palacios,1,22,0,0.0884153470396995,0,0.0,1,0,0,0,S,Real Madrid,0,0.0884153470396995,0.1082489490509033,0.0198336020112037,La_Liga,0
14362,Hugo Burcio,1,4,0,0.0,0,0.0,0,0,0,0,S,Celta Vigo,0,0.0,0.1351992636919021,0.1351992636919021,La_Liga,0
14364,Job Ochieng,1,21,0,0.0,0,0.1534191071987152,0,2,0,0,S,Real Sociedad,0,0.0,0.1534191071987152,0.1138365715742111,La_Liga,0
14366,Álex Sánchez,1,5,0,0.0,1,0.0798447132110595,0,1,0,0,S,Elche,0,0.0,0.0798447132110595,0.0798447132110595,La_Liga,1
14387,Zaid Romero,7,630,0,0.4051246307790279,0,0.0180885568261146,5,1,1,0,D,Getafe,0,0.4051246307790279,0.6620251312851906,0.4702281877398491,La_Liga,6
14389,Sebastián Boselli,5,111,0,0.3355171978473663,0,0.0,2,0,0,0,D S,Getafe,0,0.3355171978473663,0.0,0.0,La_Liga,3
14392,Ángel Pérez,4,219,0,0.1726779751479625,0,0.0,3,0,0,0,M S,Alaves,0,0.1726779751479625,0.8527507372200489,0.6800727248191833,La_Liga,3
14393,Thiago Fernández,5,129,0,0.1801001764833927,1,0.9489700980484486,3,2,1,0,S,Real Oviedo,0,0.1801001764833927,1.5735945031046867,0.5027487389743328,La_Liga,1
14396,Alexander Freeman,3,26,0,0.0,0,0.0,0,0,0,0,S,Villarreal,0,0.0,0.0,0.0,La_Liga,0
14397,Tai Abed,2,17,0,0.0,0,0.0,0,0,0,0,S,Levante,0,0.0,0.0,0.0,La_Liga,0
14400,Lucas Cepeda,5,271,0,0.5320266000926495,0,0.1248888727277517,7,4,1,0,M S,Elche,0,0.5320266000926495,1.1806114614009855,0.6972932517528534,La_Liga,3
14413,Wesley,2,60,0,0.0,0,0.0,0,0,0,0,M S,Real Sociedad,0,0.0,0.0609943121671676,0.0609943121671676,La_Liga,0
14439,Obed Vargas,2,50,0,0.0,0,0.0,0,0,0,0,S,Atletico Madrid,0,0.0,0.3803324401378631,0.3803324401378631,La_Liga,2
14500,Andrés Antañón,1,15,0,0.0,0,0.0,0,0,0,0,S,Celta Vigo,0,0.0,0.0,0.0,La_Liga,0
14502,Manuel Ángel,1,1,0,0.0,0,0.0,0,0,0,0,S,Real Madrid,0,0.0,0.0,0.0,La_Liga,1
8260,Erling Haaland,28,2349,22,22.83012153953314,7,4.683228434994817,98,20,1,0,F S,Manchester City,19,19.78544609993696,25.735398642718792,4.016049100086093,EPL,6
13222,Thiago,29,2482,18,19.269277423620224,1,3.020253881812096,67,17,6,0,F S,Brentford,12,13.941095478832722,17.507677353918552,3.4387592002749443,EPL,13
11363,Antoine Semenyo,28,2520,15,11.118625881150365,4,3.091043023392558,67,32,6,0,F M,"Bournemouth,Manchester City",14,9.59628818370402,15.76863793283701,4.557715917006135,EPL,20
8272,João Pedro,29,2175,14,13.869568087160587,5,3.730416428297758,57,27,4,0,F M S,Chelsea,14,13.869568087160587,16.999156791716814,4.4597298093140125,EPL,15
8995,Hugo Ekitike,26,1804,11,11.659978337585926,4,2.388741862028837,63,20,0,0,F S,Liverpool,11,11.659978337585926,15.829283699393272,4.767495485022664,EPL,7
501,Danny Welbeck,28,1654,10,9.275936648249626,0,1.185541220009327,38,15,4,0,F S,Brighton,9,6.992430003359914,9.543954636901615,2.848026349209249,EPL,11
5555,Dominic Calvert-Lewin,26,1941,10,12.063183745369315,1,1.47741187363863,53,17,1,0,F S,Leeds,8,10.540846040472388,13.365608947351577,2.021199882030487,EPL,4
7254,Viktor Gyokeres,28,1903,10,9.229129385203125,0,2.0942770866677165,42,16,4,0,F S,Arsenal,8,7.706791710108519,11.245859511196612,2.8281738813966517,EPL,5
5596,Harry Wilson,27,2152,9,4.57005781494081,6,4.014644900336862,58,28,6,0,M S,Fulham,9,4.57005781494081,8.486977934837341,2.1877821926027536,EPL,13
6552,Bryan Mbeumo,24,2093,9,9.548183772712946,3,4.239177297800779,57,36,4,0,F M,Manchester United,9,9.548183772712946,16.348540268838406,4.478062420152128,EPL,8
8327,Bruno Guimarães,23,2022,9,5.774607993662357,4,3.148786906152964,32,38,5,0,M S,Newcastle United,7,4.252270318567753,11.55058690533042,7.467195816338062,EPL,35
8497,Cole Palmer,18,1287,9,8.072691597044468,1,1.3294505942612886,41,15,4,0,F M S,Chelsea,4,4.266847498714924,12.240252897143364,7.138222800567746,EPL,9
1776,Jarrod Bowen,29,2606,8,7.393051039427519,5,4.682176673784852,65,29,4,0,F M,West Ham,7,6.631882194429636,10.8391887024045,2.747356364503503,EPL,19
4105,Raúl Jiménez,28,1940,8,10.750260040163994,3,1.8267507925629616,61,22,5,0,F S,Fulham,5,8.466753512620926,9.817982278764248,1.251327358186245,EPL,17
5735,Jean-Philippe Mateta,23,1938,8,12.90343551337719,0,1.1059113293886185,54,6,2,0,F,Crystal Palace,5,10.619928851723673,12.29112795367837,1.591218525543809,EPL,3
6026,Richarlison,24,1301,8,5.921402600593865,3,2.222267522476613,39,14,5,0,F M S,Tottenham,8,5.921402600593865,7.968784650787711,1.966493731364608,EPL,10
6857,Morgan Gibbs-White,29,2508,8,8.334883481264114,2,3.089745642617345,63,43,1,0,F M S,Nottingham Forest,7,7.573714643716812,12.363507192581892,3.91202799603343,EPL,11
8865,Ollie Watkins,28,2204,8,11.483465692028403,1,1.402627767995,57,15,2,0,F S,Aston Villa,8,11.483465692028403,14.067171584814789,3.154669270850718,EPL,11
11356,Enzo Fernández,28,2429,8,10.125447830185294,3,7.121045686304569,55,47,8,0,M S,Chelsea,6,8.603110132738948,23.91641671955585,14.079762626439331,EPL,23
11504,Eli Junior Kroupi,24,1067,8,4.894560286775231,0,1.2249113814905286,29,15,3,0,F M S,Bournemouth,8,4.894560286775231,5.360028311610222,1.4511282667517662,EPL,6
11974,Benjamin Sesko,24,1289,8,9.450103585608304,1,0.5251399390399456,51,8,1,0,F S,Manchester United,8,9.450103585608304,10.901142291724682,1.4301269259303808,EPL,3
12412,Morgan Rogers,29,2600,8,4.913326134905219,5,5.570946145802736,66,36,6,0,F M,Aston Villa,8,4.913326134905219,11.613775355741382,3.911024693399668,EPL,17
1228,Bruno Fernandes,26,2272,7,9.78115815948695,14,11.881508886814116,64,93,3,0,M,Manchester United,4,5.975313878618181,17.960100623779,8.188381880521774,EPL,27
5675,Ismaila Sarr,19,1652,7,8.347075961530209,1,1.8981870282441375,34,14,2,0,F M,Crystal Palace,5,6.8247382417321205,9.243515774607658,2.352248603478074,EPL,9
6055,Phil Foden,25,1808,7,6.085879135876894,3,4.706622212193906,51,43,4,0,F M S,Manchester City,7,6.085879135876894,18.12963211350143,10.555935440585015,EPL,12
8117,Nick Woltemade,25,1574,7,7.658320881426334,2,1.2546645868569613,30,12,0,0,F M S,Newcastle United,6,6.897152043879032,6.384652951732278,1.9063511341810224,EPL,10
9156,Kevin Schade,26,2088,7,9.688832169398664,3,4.065017273649573,44,25,6,1,F M S,Brentford,7,8.927663331851363,14.964553851634264,3.882648851722479,EPL,20
10746,Jaidon Anthony,28,1972,7,3.695904151536524,1,2.2244724445044994,38,27,4,0,F M S,Burnley,7,3.695904151536524,7.507806003093719,3.149129059165716,EPL,15
13729,Zian Flemming,20,1016,7,5.42773347441107,0,0.3313431553542614,30,4,3,0,F S,Burnley,5,3.905395795591176,3.753569102846086,1.0898376610130072,EPL,4
2248,Casemiro,27,2034,6,5.339816559106112,2,2.4127955362200737,41,26,6,1,M S,Manchester United,6,5.339816559106112,10.807754296809437,7.1538231037557125,EPL,34
6544,Lukas Nmecha,23,758,6,6.451611816883087,1,0.8132571838796139,21,5,0,0,F S,Leeds,4,4.168105281889439,4.043499059975147,1.0531500801444054,EPL,4
7080,Matheus Cunha,26,1896,6,4.983402883633971,2,2.397460673004389,68,23,1,0,F M S,Manchester United,6,4.983402883633971,12.559682786464691,6.717769170179963,EPL,18
7322,Bukayo Saka,26,1920,6,8.061512884683907,3,6.3535894230008125,59,51,1,0,F M S,Arsenal,5,7.300344047136605,17.751774415373802,7.304609648883343,EPL,14
8706,Eberechi Eze,25,1434,6,3.698735872283578,2,2.4650733713060617,42,13,1,0,F M S,"Arsenal,Crystal Palace",6,3.698735872283578,8.950610425323248,3.6122574489563695,EPL,10
9739,Kiernan Dewsbury-Hall,22,1840,6,2.983370441943407,3,4.931063819676638,28,26,6,0,M S,Everton,6,2.983370441943407,9.404616296291351,5.63035374134779,EPL,17
11296,Cody Gakpo,27,1982,6,7.535395007580519,3,5.564502587541938,64,41,2,0,F M S,Liverpool,6,7.535395007580519,14.601085171103476,4.713595332577825,EPL,9
12916,Thierno Barry,29,1637,6,7.599746348336339,0,0.9004040528088808,32,9,3,0,F S,Everton,6,7.599746348336339,9.064992675557733,2.1115467119961977,EPL,2
12963,Evanilson,27,2067,6,9.202775344252586,0,2.316022977232933,53,24,1,0,F S,Bournemouth,6,9.202775344252586,12.540939830243587,3.1703092753887177,EPL,3
468,Callum Wilson,24,1006,5,6.273417538031936,1,0.517014168202877,32,7,0,0,F M S,West Ham,5,6.273417538031936,4.769984465092421,0.3199837375432253,EPL,1
1250,Mohamed Salah,21,1806,5,7.080513298511505,6,5.435673952102661,53,42,1,0,F M S,Liverpool,4,6.319344460964203,12.970676392316818,4.4353780299425125,EPL,8
2203,Emiliano Buendía,27,1384,5,3.217120067216456,2,2.350503511726856,38,23,5,0,M S,Aston Villa,5,3.217120067216456,6.383945677429438,2.1818810030817986,EPL,0
6382,Pedro Neto,28,2167,5,4.777144946157932,4,7.050045987591147,39,44,2,1,F M S,Chelsea,5,4.777144946157932,16.444048397243023,7.714541547000408,EPL,9
6681,Harvey Barnes,28,1490,5,6.658115012571216,0,2.3357367310673,49,16,1,0,F M S,Newcastle United,5,6.658115012571216,8.902536446228623,2.30247307009995,EPL,5
7526,Martín Zubimendi,30,2558,5,2.6751351822167635,1,0.8392688743770123,24,15,4,0,M S,Arsenal,5,2.6751351822167635,12.218644432723522,10.404780069366096,EPL,30
7698,Leandro Trossard,26,1707,5,5.790925524197519,5,3.5453566927462816,44,30,1,0,F M S,Arsenal,5,5.790925524197519,11.592767370864747,4.327562585473061,EPL,14
9307,Iliman Ndiaye,23,1995,5,4.1347062792629,3,3.798044921830297,28,22,2,0,M,Everton,3,2.612368581816554,11.154355254024267,5.130959146656096,EPL,31
9492,Crysencio Summerville,24,1890,5,4.631036996841431,1,2.202819134108722,43,20,4,0,F M S,West Ham,5,4.631036996841431,8.295046374201775,2.6862583477050066,EPL,19
9662,Dango Ouattara,23,1647,5,6.123468678444624,2,3.306397460401058,35,16,4,0,F M S,Brentford,5,6.123468678444624,7.871884463354945,1.339124166406691,EPL,9
9789,Brian Brobbey,22,1197,5,2.9694521576166157,1,0.9400600213557482,20,7,3,0,F S,Sunderland,5,2.9694521576166157,3.944379683583975,0.508546207100153,EPL,1
10741,Marcus Tavernier,25,1974,5,6.402116705663502,4,3.546401210129261,52,29,4,0,M S,Bournemouth,3,4.879779003560543,11.640456456691028,5.872450836002827,EPL,15
11965,Tijjani Reijnders,25,1487,5,4.4121488109231,2,3.0334676280617714,40,16,2,0,M S,Manchester City,5,4.4121488109231,12.348645962774754,6.628960287198424,EPL,4
13364,Diego Gómez,26,1811,5,4.823976919054985,0,1.4889474026858809,31,19,7,0,F M S,Brighton,5,4.823976919054985,10.370495110750198,5.073094197548926,EPL,43
500,Alex Iwobi,23,2000,4,1.7119219740852714,3,3.28681926522404,27,35,2,0,M,Fulham,4,1.7119219740852714,8.213872151449323,5.075162149965763,EPL,14
5304,Mikel Merino,21,977,4,4.551519326865673,3,2.2901399955153465,21,12,1,0,F M S,Arsenal,4,4.551519326865673,7.0440468192100525,3.1536439023911957,EPL,13
5553,Declan Rice,29,2503,4,3.5819981563836336,5,7.007381655275822,35,55,2,0,D M S,Arsenal,4,3.5819981563836336,16.443448670208454,10.945677014067767,EPL,28
7148,Wilson Isidor,26,1065,4,4.676430657505989,0,0.0,38,0,2,0,F S,Sunderland,4,4.676430657505989,5.017655044794083,0.5651923306286335,EPL,6
7218,Cristian Romero,21,1714,4,1.7972017470747232,1,1.6926744878292084,15,10,8,2,D S,Tottenham,4,1.7972017470747232,5.518742011860013,3.812605606392026,EPL,26
7365,Lucas Paquetá,18,1544,4,2.440835335291922,1,3.011969303712249,23,23,5,1,F M,West Ham,2,0.9184976601973176,4.265645559877157,1.5286574847996235,EPL,22
8150,Anthony Gordon,23,1634,4,7.495121639221907,2,3.689731147140265,41,25,3,1,F S,Newcastle United,1,5.211615037173033,9.539633948355911,3.891585888341069,EPL,10
8288,Tomas Soucek,26,1424,4,4.221384443342686,0,0.7478361316025257,17,9,2,1,M S,West Ham,4,4.221384443342686,5.746605269610882,3.4696182888001204,EPL,12
8378,Malick Thiaw,26,2214,4,4.954277092590928,0,0.8268706873059273,24,6,3,0,D S,Newcastle United,4,4.954277092590928,6.047487641684711,5.54402111005038,EPL,22
8397,Florian Wirtz,25,1899,4,5.906989771872759,2,3.980567004531622,41,44,1,0,F M S,Liverpool,4,5.906989771872759,16.21584977582097,8.642282004468143,EPL,22
8651,Enzo Le Fée,28,2320,4,4.35833235271275,4,2.462719484232366,24,35,5,0,F M S,Sunderland,1,1.3136937823146582,6.559950737282634,4.314346369355917,EPL,42
9749,Donyell Malen,21,600,4,4.73893653601408,1,0.3693819381296634,26,7,0,0,F M S,Aston Villa,4,4.73893653601408,6.387579720467329,1.917095586657524,EPL,2
9788,Dominik Szoboszlai,27,2426,4,3.604421813040972,3,5.571791388094425,51,56,6,1,D M,Liverpool,4,2.8432529605925083,15.770742565393448,11.383078400045632,EPL,29
9910,Anton Stach,24,1976,4,2.4967103749513626,3,5.482630979269743,45,50,3,0,M S,Leeds,4,2.4967103749513626,9.454313909634948,5.951755382120609,EPL,31
9983,Beto,29,1026,4,7.109044969081879,0,0.6106509361416101,28,6,2,0,F S,Everton,4,7.109044969081879,7.924833387136459,0.8341207131743431,EPL,4
10050,Micky van de Ven,27,2370,4,2.423757927492261,1,0.9611182175576688,15,4,7,1,D,Tottenham,4,2.423757927492261,5.227067185565829,4.918129874393344,EPL,16
10697,Ryan Gravenberch,27,2354,4,1.1117887115105989,3,2.10018627718091,29,24,5,0,M,Liverpool,4,1.1117887115105989,11.553215941414235,9.682438276708126,EPL,27
10751,Brenden Aaronson,28,1904,4,5.345193395391107,3,4.404278870671988,37,24,1,0,F M S,Leeds,4,5.345193395391107,11.462826183065772,2.523965936154127,EPL,22
11070,Jørgen Strand Larsen,27,1830,4,5.339312080293894,1,0.5936462795361876,32,9,4,0,F S,"Crystal Palace,Wolverhampton Wanderers",3,3.816974373534322,5.189182497560978,1.7784941419959068,EPL,0
11592,Nico O&#039;Reilly,27,2041,4,4.265409953892231,3,2.7748976945877075,27,17,4,0,D M S,Manchester City,4,4.265409953892231,15.919784044846892,11.651771795004606,EPL,0
11966,Noah Okafor,23,1298,4,4.759005755186081,0,1.3100237771868706,26,13,3,0,F M S,Leeds,4,4.759005755186081,8.000808700919151,2.69681229442358,EPL,13
833,Virgil van Dijk,29,2610,3,3.4012297224253416,0,0.2185664977878332,22,9,4,0,D,Liverpool,3,3.4012297224253416,9.469640091992916,8.538678822107613,EPL,11
1653,Michael Keane,25,1955,3,3.26446395739913,0,0.097673699259758,20,1,0,1,D S,Everton,3,3.26446395739913,4.020392543636262,3.10913806874305,EPL,20
1679,Dominic Solanke,10,590,3,2.3151127472519875,0,0.2087526395916938,12,5,1,0,F S,Tottenham,3,2.3151127472519875,2.349329650402069,0.6005332246422768,EPL,12
5613,Gabriel,24,2077,3,3.190568901598453,4,2.645656555891037,17,6,3,0,D S,Arsenal,3,3.190568901598453,6.53884993866086,6.0379380732774734,EPL,0
6063,Jacob Murphy,24,1142,3,2.909942144528032,1,4.063673306256533,36,18,1,0,F M S,Newcastle United,3,2.909942144528032,6.428038906306028,1.491458848118782,EPL,7
6456,Callum Hudson-Odoi,27,1645,3,2.802096726372838,2,3.252285764552653,28,37,0,0,M S,Nottingham Forest,3,2.802096726372838,10.133163780905306,4.982683036476374,EPL,6
6615,Trevoh Chalobah,28,2470,3,1.3682188214734197,0,0.6142567321658134,13,4,3,1,D,Chelsea,3,1.3682188214734197,13.84453658759594,13.712863557040691,EPL,21
7208,Samuel Chukwueze,15,725,3,1.5521398168057203,4,2.5674110017716885,18,18,0,0,M S,Fulham,3,1.5521398168057203,5.226646088063717,1.915565214119852,EPL,4
7230,Emile Smith-Rowe,29,1445,3,3.566971182823181,0,1.139207122847438,28,14,1,0,M S,Fulham,3,3.566971182823181,6.755793187767267,3.2418158538639545,EPL,0
7498,Lyle Foster,21,1170,3,3.2930330969393253,1,0.8452617973089218,17,9,4,0,F M S,Burnley,3,3.2930330969393253,4.493907934054732,1.150099268183112,EPL,10
7723,John McGinn,22,1663,3,2.3858819976449013,2,1.997352025471628,18,22,3,0,M S,Aston Villa,3,2.3858819976449013,5.81129614263773,2.51037806738168,EPL,16
7768,Mason Mount,17,827,3,1.713440142571926,0,1.3764615170657637,18,14,0,0,M S,Manchester United,3,1.713440142571926,4.889510989189148,2.916035391390324,EPL,8
8094,Mathis Cherki,24,1287,3,2.377608433365822,8,7.584966499358416,31,40,1,0,F M S,Manchester City,3,2.377608433365822,14.533473938703535,8.458965020254254,EPL,0
8211,Amine Adli,25,899,3,3.469593830406666,1,1.1871899049729109,18,15,2,0,M S,Bournemouth,3,3.469593830406666,5.813224578276277,2.0427860878407955,EPL,14
8859,Mikkel Damsgaard,25,1524,3,1.925893358886242,4,5.239979084581137,20,32,0,0,M S,Brentford,3,1.925893358886242,8.601198509335518,4.63405149243772,EPL,23
8864,Matthew Cash,27,2376,3,1.1092024743556976,2,2.835349707864225,25,25,7,0,D,Aston Villa,3,1.1092024743556976,7.182766109704971,5.229100275784731,EPL,0
9451,Chimuanya Ugochukwu,28,1943,3,2.4567793495953083,1,0.399788212031126,19,8,1,1,M S,Burnley,3,2.4567793495953083,6.33728463947773,4.194899432361126,EPL,0
9453,Moisés Caicedo,24,2045,3,1.2985489182174206,1,2.0080485120415688,20,12,8,1,M S,Chelsea,3,1.2985489182174206,14.465123483911157,12.792449744418263,EPL,42
9780,Mathys Tel,22,740,3,2.0386966820806265,0,0.7105592433363199,24,14,0,0,F M S,Tottenham,3,2.0386966820806265,3.5969702061265707,1.3286948539316654,EPL,7
10715,João Palhinha,26,1775,3,1.4433689191937449,2,0.6405610861256719,23,6,6,0,D M S,Tottenham,3,1.4433689191937449,3.705661428160965,2.505663584917784,EPL,53
10807,Jan Paul van Hecke,27,2404,3,2.502455440349877,2,0.8352001160383224,17,9,7,0,D,Brighton,3,2.502455440349877,11.19317302107811,10.546234678477049,EPL,21
10809,Keane Lewis-Potter,27,1139,3,1.949206368997693,1,1.441189806908369,19,11,1,0,D F M S,Brentford,3,1.949206368997693,3.9033021833747625,0.961608836427331,EPL,9
11385,Yasin Ayari,22,1711,3,1.9381146244704723,2,0.9990442283451556,39,12,1,0,M S,Brighton,3,1.9381146244704723,7.1067189052701,5.138047395274043,EPL,23
11707,Jurriën Timber,29,2438,3,4.030840836465359,5,2.5891424333676696,25,28,5,0,D S,Arsenal,3,4.030840836465359,11.404931304976344,8.62573772110045,EPL,34
11944,Patrick Dorgu,22,1327,3,2.0813217908144,3,2.645839985460043,20,24,5,0,D M S,Manchester United,3,2.0813217908144,5.760951640084386,1.712141117081046,EPL,30
12408,Daniel Muñoz,21,1786,3,2.1168669052422047,2,3.841661341488362,18,20,5,0,D,Crystal Palace,3,2.1168669052422047,7.767154305242002,2.890629746951163,EPL,31
12756,Rodrigo Gomes,14,585,3,1.7572994995862246,0,0.1513135097920894,15,3,0,0,D F M S,Wolverhampton Wanderers,3,1.7572994995862246,2.3278657738119364,0.4648168440908193,EPL,13
12948,Mateus Fernandes,27,2237,3,1.0514070615172386,3,2.4589064326137304,21,28,4,0,M S,West Ham,3,1.0514070615172386,6.497131893411279,4.099555928260088,EPL,50
13717,Chemsdine Talbi,21,1153,3,1.3657173933461308,1,0.4604962673038244,17,10,0,0,F M S,Sunderland,3,1.3657173933461308,2.096960673108697,0.5078275054693222,EPL,4
87,Joelinton,22,1582,2,1.8881868356838825,1,1.7916766311973331,27,15,8,0,M S,Newcastle United,2,1.8881868356838825,7.891422659158707,5.483187763020396,EPL,18
668,Idrissa Gueye,20,1684,2,1.6852614805102348,1,1.020302813500166,24,11,1,1,M,Everton,2,1.6852614805102348,6.814236461184919,5.2981118047609925,EPL,1
675,Jack Grealish,20,1645,2,3.084938551299274,6,4.558330744504929,26,38,2,1,F M S,Everton,2,3.084938551299274,9.290637398138642,3.2924681939184666,EPL,15
1018,Josh Cullen,18,1533,2,1.0142266415059566,2,1.8168634045869112,11,13,2,0,M,Burnley,2,1.0142266415059566,6.162752605974674,4.625554047524929,EPL,19
1433,Federico Chiesa,21,204,2,1.4821802712976933,1,1.321059763431549,14,2,2,0,M S,Liverpool,2,1.4821802712976933,3.407454904168844,0.6860316321253777,EPL,5
4456,Chris Wood,8,560,2,2.067298755049705,0,0.1742956526577472,16,3,0,0,F S,Nottingham Forest,2,2.067298755049705,2.1495288610458374,0.1634026430547237,EPL,1
5232,Alexander Isak,10,519,2,2.7675887029618025,1,0.8461103290319443,15,2,0,0,F S,Liverpool,2,2.7675887029618025,3.7432759013026953,0.9481621384620668,EPL,5
5543,Gabriel Jesus,11,283,2,2.5946019776165485,0,0.0834909602999687,14,1,2,0,F S,Arsenal,2,2.5946019776165485,2.3332987390458584,0.6240958645939827,EPL,0
5722,Ibrahim Sangare,21,1614,2,1.5703946938738227,2,1.2396442871540785,16,8,4,0,M S,Nottingham Forest,2,1.5703946938738227,5.014841312542558,3.042841177433729,EPL,24
6377,Joe Rodon,27,2370,2,1.540682628750801,0,0.2685265392065048,15,4,1,0,D,Leeds,2,1.540682628750801,5.492673324421048,5.242659466341138,EPL,16
6482,Eddie Nketiah,12,396,2,1.942964792251587,0,0.9605132089927793,15,7,2,0,M S,Crystal Palace,2,1.942964792251587,2.89599169138819,0.1487936852499842,EPL,6
6837,Ryan Sessegnon,22,1619,2,1.4290872383862734,1,2.163218889385462,13,12,0,0,D M S,Fulham,2,1.4290872383862734,6.700102489441633,4.195320911705494,EPL,22
6937,Georginio Rutter,24,1621,2,2.453262004069984,2,3.4466031827032566,35,21,2,0,F M S,Brighton,2,2.453262004069984,8.871944658458233,3.859835660085082,EPL,15
6963,Justin Kluivert,18,909,2,2.203129260800779,0,2.294822184368968,16,22,4,0,M S,Bournemouth,2,2.203129260800779,5.1779105216264725,2.274018134921789,EPL,7
7166,Mathias Jensen,27,1475,2,1.3094573188573122,1,3.729501808062196,22,20,3,0,M S,Brentford,2,1.3094573188573122,6.669712861999869,3.755356479436159,EPL,18
7352,Tyler Adams,18,1447,2,0.8387879431247711,1,0.1020683646202087,8,3,7,0,M,Bournemouth,2,0.8387879431247711,4.412377405911684,4.23015221580863,EPL,19
7438,James Garner,29,2607,2,1.9049460906535387,5,5.177249558269978,40,42,7,0,D M,Everton,2,1.9049460906535387,8.110840583220124,5.784503811039031,EPL,52
7603,Marc Guehi,27,2430,2,3.577785151079297,2,2.4105198183096945,24,12,5,0,D,"Crystal Palace,Manchester City",2,3.577785151079297,11.943472008220851,9.816872383467851,EPL,19
8044,Joshua Zirkzee,18,482,2,3.4082061797380447,1,1.168784772977233,21,10,1,0,F M S,Manchester United,2,3.4082061797380447,5.993388883769512,2.3713151291012764,EPL,5
8067,Reece James,26,1777,2,1.0767917223274708,4,3.532641679048538,17,23,4,0,D M S,Chelsea,2,1.0767917223274708,10.602753330022097,8.98663179948926,EPL,32
8127,Amad Diallo Traore,23,1740,2,4.558089273050427,2,4.054526809602976,39,35,2,0,D M S,Manchester United,2,4.558089273050427,13.459777554497125,6.492470625787973,EPL,0
8379,Alexis Mac Allister,28,2029,2,3.3513216068968177,2,1.6687649516388774,41,21,4,0,M S,Liverpool,2,3.3513216068968177,10.467505918815732,6.886993400752544,EPL,22
8845,Hee-Chan Hwang,20,1175,2,2.4406477455049758,1,1.046207521110773,15,10,3,0,F M S,Wolverhampton Wanderers,1,1.679478907957673,3.593897730112076,1.1083498634397984,EPL,0
8875,Tolu Arokodare,26,1193,2,5.130414433777332,1,1.1045170426368711,36,10,1,0,F S,Wolverhampton Wanderers,2,4.36924559623003,3.5237545408308506,1.0024887146428227,EPL,3
8941,Jacob Ramsey,19,876,2,0.954727522097528,1,0.5906340591609478,11,12,3,1,M S,Newcastle United,2,0.954727522097528,3.1156382095068693,2.5231339186429977,EPL,10
8961,Rúben Dias,25,2052,2,0.4370618928223848,0,0.4093561610206961,10,6,3,0,D S,Manchester City,2,0.4370618928223848,14.39133687876165,13.95382341183722,EPL,6
9017,Malo Gusto,26,1675,2,1.8716575969010592,3,2.774583311751485,11,17,2,1,D M S,Chelsea,2,1.8716575969010592,13.285070441663263,10.697814498096704,EPL,21
9021,Pape Sarr,20,1110,2,1.8380955327302215,3,1.3346282206475737,13,6,2,0,M S,Tottenham,2,1.8380955327302215,5.330255221575499,4.261238850653172,EPL,0
9024,Yeremi Pino,26,1760,2,3.986956901848316,1,5.981142683885992,37,38,4,0,F M S,Crystal Palace,2,3.986956901848316,11.59422844927758,3.9428930561989546,EPL,1
9154,Elliot Anderson,29,2600,2,2.4178320532664657,2,2.845718474127352,35,43,5,0,M,Nottingham Forest,1,1.6566632157191634,11.158043097704647,8.441627332940698,EPL,51
9556,William Osula,16,215,2,0.8723433278501034,0,0.0606511794030666,8,1,0,0,F S,Newcastle United,2,0.8723433278501034,0.66515988484025,0.1278870292007923,EPL,1
9667,Amadou Onana,20,1419,2,1.8126329593360424,0,0.3574353605508804,12,3,2,0,M S,Aston Villa,2,1.8126329593360424,4.05248430930078,3.153553245589137,EPL,22
9767,Habib Diarra,12,939,2,2.093785153701901,0,0.1594700682908296,15,2,4,0,M S,Sunderland,1,1.3326163161545992,2.122412709519267,0.7199767213314772,EPL,3
9790,Josko Gvardiol,16,1307,2,1.818312879651785,2,0.4376047477126121,16,4,2,0,D S,Manchester City,2,1.818312879651785,10.00234431028366,9.454283580183985,EPL,13
10184,Archie Gray,19,1223,2,1.44215187150985,2,1.5382179077714682,8,6,5,0,D M S,Tottenham,2,1.44215187150985,2.824602928943932,1.6684331679716706,EPL,7
10760,Brennan Johnson,26,1125,2,1.92363403737545,1,0.9084314703941344,16,12,4,0,F M S,"Crystal Palace,Tottenham",2,1.92363403737545,3.746913464739919,1.1817792858928442,EPL,9
10806,Kaoru Mitoma,19,1415,2,3.291976537555456,1,3.0475502870976925,22,26,3,0,F M S,Brighton,2,3.291976537555456,8.542844533920288,3.506238567642868,EPL,7
10945,Santiago Bueno,21,1829,2,0.941756222397089,1,0.3029267247766256,5,7,4,0,D S,Wolverhampton Wanderers,2,0.941756222397089,3.1845091842114925,2.873971384949982,EPL,21
10948,Valentín Castellanos,9,760,2,3.449847921729088,0,0.5715610533952713,21,9,2,0,F,West Ham,2,3.449847921729088,3.664408313110471,0.966875744983554,EPL,5
12027,Mohammed Kudus,19,1577,2,2.362326920963824,5,2.574139247648418,26,21,3,0,F M,Tottenham,2,2.362326920963824,4.9626108556985855,1.4065115749835968,EPL,17
12149,Alex Scott,29,2195,2,2.9755522944033146,1,1.7566952286288142,36,17,3,0,M S,Bournemouth,2,2.9755522944033146,10.147472351789474,6.559703931212425,EPL,24
12721,Ladislav Krejcí,23,1961,2,1.399999689310789,1,0.7987983375787735,14,7,2,1,D M S,Wolverhampton Wanderers,2,1.399999689310789,3.452746171504259,1.95310303196311,EPL,0
12905,Nicolò Savona,14,1036,2,1.2354809269309044,0,0.5944582391530275,5,6,2,0,D S,Nottingham Forest,2,1.2354809269309044,3.0064694937318563,1.5372497662901878,EPL,12
13484,Mateus Mané,19,1226,2,1.305744158104062,1,1.177688671275973,28,13,0,0,M S,Wolverhampton Wanderers,2,1.305744158104062,2.6072516702115536,1.1610879823565483,EPL,8
13711,Maxim De Cuyper,23,1145,2,1.5899631939828396,0,2.467844311147928,11,19,2,0,D M S,Brighton,2,1.5899631939828396,4.476359833031893,2.812046557664871,EPL,9
13715,Dan Ballard,25,1939,2,3.611607030034065,0,1.5318535398691893,23,12,3,0,D S,Sunderland,2,3.611607030034065,4.536588193848729,2.441676042973995,EPL,0
13718,Eliezer Mayenda,17,728,2,2.0108928252011538,0,0.7425303682684898,13,4,0,0,F M S,Sunderland,2,2.0108928252011538,2.4835963249206543,0.4882403369992971,EPL,3
13775,Estêvão,19,753,2,3.76144253462553,2,2.7679440770298243,26,15,3,0,F M S,Chelsea,2,3.76144253462553,9.106667935848236,3.582291418686509,EPL,0
13778,Igor Jesus,28,1718,2,4.5825654631480575,3,1.81343262642622,52,9,0,0,F S,Nottingham Forest,2,4.5825654631480575,6.559770906344056,1.369366891682148,EPL,11
13834,Ao Tanaka,20,753,2,1.0707658715546131,0,0.8854008875787258,11,8,1,0,M S,Leeds,2,1.0707658715546131,4.683371929451823,3.3302051573991776,EPL,9
14118,Charalampos Kostoulas,16,264,2,1.8748089708387847,1,0.6786143630743027,15,6,2,0,F S,Brighton,2,1.8748089708387847,2.4863460958004,0.343852112069726,EPL,6
14395,Rayan,6,457,2,1.089946810156107,1,1.1611870508641005,11,9,1,0,M S,Bournemouth,2,1.089946810156107,2.8535650353878736,1.3519788812845943,EPL,0
204,Granit Xhaka,25,2086,1,0.410862329415977,5,3.072755334898829,11,27,4,0,M S,Sunderland,1,0.410862329415977,5.996486191637814,4.77432849816978,EPL,22
239,Pascal Groß,10,825,1,0.6787896156311035,1,1.5222585797309875,9,18,2,0,M S,Brighton,1,0.6787896156311035,3.83050499483943,2.884191777557134,EPL,9
489,James Milner,17,540,1,0.920978294685483,1,0.5441477969288826,6,7,2,0,M S,Brighton,0,0.1598094571381807,2.0696497187018394,1.883870840072632,EPL,8
592,Ross Barkley,12,199,1,0.4282311946153641,0,0.8096214346587658,8,6,0,0,S,Aston Villa,1,0.4282311946153641,1.3796904161572456,0.7401537336409092,EPL,5
605,Jordan Henderson,27,1660,1,0.5513727776706219,3,3.006186317652464,6,17,4,0,M S,Brentford,1,0.5513727776706219,6.843007743358612,4.184807598590851,EPL,12
660,Ben Davies,3,137,1,0.7982581853866577,0,0.0247377622872591,2,1,1,0,D S,Tottenham,1,0.7982581853866577,0.0247377622872591,0.0247377622872591,EPL,4
695,Bertrand Traoré,12,675,1,0.6248076185584068,0,0.9887753147631884,12,8,1,0,F M S,Sunderland,1,0.6248076185584068,2.016919732093811,1.230125552974641,EPL,4
702,Tammy Abraham,6,145,1,1.029679886996746,0,0.1292063184082508,6,3,0,0,F S,Aston Villa,1,1.029679886996746,1.0280331522226334,0.0,EPL,1
885,Kyle Walker-Peters,18,937,1,1.1882447563111782,0,0.2290176190435886,5,5,2,0,D S,West Ham,1,1.1882447563111782,3.0865802317857742,1.9071616008877756,EPL,23
910,Harrison Reed,5,11,1,0.0220005363225936,0,0.0,1,0,0,0,S,Fulham,1,0.0220005363225936,0.1045800596475601,0.0825795233249664,EPL,0
934,Axel Tuanzebe,11,939,1,0.5582677125930786,0,0.0,2,0,1,0,D,Burnley,1,0.5582677125930786,2.4150575436651707,1.856789831072092,EPL,6
1537,Sasa Lukic,19,1215,1,1.9415023736655712,2,1.461697947233915,12,22,6,0,M S,Fulham,1,1.9415023736655712,4.806786088272929,2.261820299550891,EPL,19
1665,James Tarkowski,29,2610,1,2.160161018371582,1,1.3793210610747335,13,14,5,0,D,Everton,1,2.160161018371582,4.570215324871242,3.9876691279932857,EPL,24
1687,Harry Maguire,16,1047,1,0.9206833504140376,1,0.1949986815452575,9,1,2,0,D S,Manchester United,1,0.9206833504140376,3.1548191606998444,3.1548191606998444,EPL,8
2496,Rodri,17,1141,1,0.906001528725028,0,2.0539193116128445,11,21,2,0,M S,Manchester City,1,0.906001528725028,9.380220659077168,8.20568223297596,EPL,21
2517,Martin Odegaard,20,1057,1,1.0983065199106932,5,3.974275888875127,20,29,0,0,M S,Arsenal,1,1.0983065199106932,9.711462166160343,6.450560929253697,EPL,0
3635,Bernardo Silva,29,2200,1,1.747450865805149,4,4.42872660420835,15,32,7,0,M S,Manchester City,1,1.747450865805149,18.91897378489375,14.353476852178574,EPL,14
5659,Nordi Mukiele,25,2167,1,1.787856967188418,3,2.514418549835682,16,19,4,0,D,Sunderland,1,1.787856967188418,6.874417394399643,5.016088761389256,EPL,36
5743,Randal Kolo Muani,21,1229,1,2.0544045716524124,0,0.8660596832633018,14,15,2,0,F M S,Tottenham,1,2.0544045716524124,2.7327149976044893,0.6457132212817669,EPL,14
5786,Yoane Wissa,12,413,1,2.4206629674881697,0,0.1348032802343368,11,2,1,0,F S,Newcastle United,1,2.4206629674881697,3.44701724126935,1.2510587573051453,EPL,2
5789,Boubacar Kamara,18,1434,1,1.0521572744473815,3,0.7290232917293906,7,15,5,0,M S,Aston Villa,1,1.0521572744473815,5.69795267097652,4.270241666585207,EPL,16
5973,Kenny Tete,21,1715,1,0.728774206712842,0,0.9490535911172628,16,11,2,0,D S,Fulham,1,0.728774206712842,3.944374708458781,3.1575920060276985,EPL,36
6108,Rodrigo Bentancur,20,1440,1,0.7332391375675797,1,0.7604504339396954,9,9,5,0,M S,Tottenham,1,0.7332391375675797,3.411687638610601,3.0354520082473755,EPL,21
6122,Douglas Luiz,14,800,1,0.6563441567122936,0,1.3754995642229917,10,17,2,0,M S,"Aston Villa,Nottingham Forest",1,0.6563441567122936,3.446824219077825,2.2330237478017807,EPL,9
6219,Enes Ünal,15,130,1,1.5921945832669735,0,0.0,11,0,1,0,S,Bournemouth,1,1.5921945832669735,1.7358809188008308,0.3903236053884029,EPL,1
6326,Ibrahima Konaté,28,2433,1,1.843844497576356,0,0.6984626250341535,10,7,5,0,D,Liverpool,1,1.843844497576356,8.452264718711376,8.133840821683407,EPL,26
6369,Ethan Ampadu,26,2320,1,1.4155464097857475,1,0.9531614473089576,18,15,7,0,M,Leeds,1,1.4155464097857475,9.930535932071509,9.152242358773949,EPL,34
6807,Jaka Bijol,16,1128,1,0.5177812986075878,1,0.7845794856548309,10,3,2,0,D S,Leeds,1,0.5177812986075878,4.2257021348923445,3.356810176745057,EPL,9
6820,David Brooks,23,1034,1,4.910262323915958,2,3.618304811418057,41,22,7,0,M S,Bournemouth,1,4.910262323915958,9.382071796804668,1.977342803031206,EPL,9
6835,Tom Cairney,19,524,1,0.6234453469514847,0,0.2230945602059364,12,5,3,0,M S,Fulham,1,0.6234453469514847,2.548783652484417,1.9775266237556932,EPL,3
6888,William Saliba,24,1979,1,1.5777585953474045,0,0.3815049678087234,5,5,1,0,D S,Arsenal,1,1.5777585953474045,9.58116235025227,9.093078836798668,EPL,14
7078,Sean Longstaff,17,944,1,0.6963180564343929,2,2.4830981642007828,13,22,2,0,M S,Leeds,1,0.6963180564343929,2.797569300979376,1.7294726222753525,EPL,23
7134,Marc Cucurella,25,1904,1,1.3303389567881825,3,3.4860777463763952,15,26,5,1,D S,Chelsea,1,1.3303389567881825,12.104025952517986,10.283100083470345,EPL,32
7281,Diogo Dalot,27,2056,1,1.5596101135015488,3,2.8887234097346663,18,25,5,0,D S,Manchester United,1,1.5596101135015488,10.020020369440315,7.847220888361335,EPL,24
7752,Gabriel Martinelli,24,777,1,4.024692412465811,2,1.5631729662418363,24,8,2,0,F M S,Arsenal,1,4.024692412465811,6.878284759819508,2.5040688533335924,EPL,7
7753,James Justin,20,1085,1,1.145538710989058,1,1.5883157588541508,13,8,2,0,D M S,Leeds,1,1.145538710989058,2.521679420024157,0.9641657322645188,EPL,21
7762,Jean-Ricner Bellegarde,21,1030,1,0.857077888213098,0,0.7375384941697121,20,9,4,0,F M S,Wolverhampton Wanderers,1,0.857077888213098,4.093862370587885,2.886320129968226,EPL,14
7814,Taiwo Awoniyi,10,192,1,1.6753642410039902,0,0.7374996244907379,7,3,0,0,F S,Nottingham Forest,1,1.6753642410039902,1.4543474167585373,0.0523677803575992,EPL,1
7902,Matthijs de Ligt,13,1170,1,1.3233719654381275,0,0.4281761646270752,11,3,0,0,D,Manchester United,1,1.3233719654381275,2.8319015204906464,2.3887862116098404,EPL,13
7908,Marshall Munetsi,13,863,1,1.8389983009546995,1,0.3808544501662254,14,3,2,0,F M S,Wolverhampton Wanderers,1,1.8389983009546995,3.097170224413276,1.000556039623916,EPL,13
8006,Evann Guessand,18,804,1,1.7833428084850311,2,1.2377337515354156,10,5,0,0,M S,"Aston Villa,Crystal Palace",1,1.7833428084850311,3.6505997143685818,1.244725327938795,EPL,2
8129,Riccardo Calafiori,21,1414,1,2.5522291101515293,2,0.3853544294834137,24,4,5,0,D S,Arsenal,1,2.5522291101515293,6.858921185135841,5.737467268481851,EPL,18
8204,Neco Williams,28,2442,1,1.3048991728574038,1,3.1603912534192204,31,26,4,1,D,Nottingham Forest,1,1.3048991728574038,7.601252535358071,5.304671870544553,EPL,49
8214,Tyrick Mitchell,29,2587,1,1.3404496610164642,1,2.0605312287807465,13,22,5,0,D,Crystal Palace,1,1.3404496610164642,8.873305830173194,6.427675002254546,EPL,51
8252,Nicolás Domínguez,18,915,1,0.7124216975644231,0,0.7514081094413996,15,9,1,0,M S,Nottingham Forest,1,0.7124216975644231,3.362470768392086,2.2724769935011864,EPL,20
8384,Armando Broja,19,795,1,2.5165178887546062,1,0.5188675355166197,16,4,0,0,F S,Burnley,1,2.5165178887546062,2.59495497494936,1.0258077569305897,EPL,3
8393,Omar Marmoush,16,511,1,2.7595748230814934,2,1.433489676564932,22,10,1,0,F M S,Manchester City,1,2.7595748230814934,4.226667325943708,0.3561779838055372,EPL,6
8430,Chris Richards,25,2244,1,0.9075306672602892,0,0.3573410520330071,9,7,3,0,D,Crystal Palace,1,0.9075306672602892,5.164213485084474,4.931256462819874,EPL,31
8476,Jarrad Branthwaite,7,493,1,0.2857708930969238,0,0.0926196295768022,5,2,1,0,D S,Everton,1,0.2857708930969238,0.983104918152094,0.8464303687214851,EPL,5
8635,Sven Botman,16,1066,1,1.0884297844022512,0,0.5999382883310318,8,3,1,0,D S,Newcastle United,1,1.0884297844022512,2.0157711151987314,1.899130880832672,EPL,7
8662,Dan Ndoye,21,1135,1,1.1724078450351954,1,1.552884567528963,15,14,1,0,F M S,Nottingham Forest,1,1.1724078450351954,3.970884874463082,1.7598291002213955,EPL,11
8700,Xavi Simons,23,1557,1,1.6475392654538157,4,4.216296252794564,33,30,4,1,F M S,Tottenham,1,1.6475392654538157,7.924568371847272,4.31469205301255,EPL,16
8780,Joël Veltman,17,814,1,0.9520808160305024,0,0.252019003033638,3,4,4,0,D S,Brighton,1,0.9520808160305024,2.436355007812381,2.2945651542395358,EPL,16
8853,Maxence Lacroix,27,2399,1,2.524975959211588,2,1.2082335203886032,17,5,3,1,D,Crystal Palace,1,2.524975959211588,8.797521974891424,8.118317051790655,EPL,31
8868,Liam Delap,20,715,1,4.162056306377053,0,0.0999906212091445,27,2,2,0,F S,Chelsea,1,4.162056306377053,6.323341367766261,2.861364807933569,EPL,1
8981,Jéremy Doku,21,1199,1,2.697500055655837,4,5.33372307382524,21,40,0,0,F M S,Manchester City,1,2.697500055655837,12.49923892132938,6.257683956064284,EPL,11
8986,Omar Alderete,25,2181,1,1.2633268032222986,1,0.5747162271291018,17,8,5,0,D S,Sunderland,1,1.2633268032222986,3.590771585702896,2.945605501532554,EPL,14
9205,Jayden Bogle,27,2297,1,1.8243333054706452,1,1.9782375246286392,15,13,5,0,D M S,Leeds,1,1.8243333054706452,9.154735306277871,6.115323407575488,EPL,32
9501,Fabio Carvalho,6,97,1,0.6895682029426098,0,0.0,2,0,0,0,M S,Brentford,1,0.6895682029426098,0.6895682029426098,0.0,EPL,2
9558,Hannibal Mejbri,21,889,1,0.4101439262740314,3,1.9008086025714876,12,12,6,0,M S,Burnley,1,0.4101439262740314,3.6358229415491214,2.307725973427296,EPL,12
9680,Vitaly Janelt,22,1237,1,0.7498585553839803,4,3.589389992877841,12,19,7,0,M S,Brentford,1,0.7498585553839803,5.500424522906542,2.943715939298272,EPL,16
9733,Nathan Collins,26,2156,1,2.3358377683907747,2,1.807285774499178,13,7,4,0,D S,Brentford,1,2.3358377683907747,5.982942899689078,5.240800973027945,EPL,9
9802,Nico González,21,1385,1,0.5000531869009137,0,0.7464621812105179,12,8,6,0,M S,Manchester City,1,0.5000531869009137,13.562091901898384,13.081854162737727,EPL,0
9911,Piero Hincapié,20,1489,1,0.3972719712182879,1,1.302315779030323,2,11,2,0,D S,Arsenal,1,0.3972719712182879,6.336841411888599,5.522832289338112,EPL,20
9977,Loum Tchaouna,22,840,1,0.8988146763294935,0,0.4585248008370399,15,5,1,0,F M S,Burnley,1,0.8988146763294935,2.6252362951636314,1.4869662057608366,EPL,7
10140,Hugo Bueno,27,1855,1,0.6378538571298122,1,2.56738471519202,10,29,1,0,D M S,Wolverhampton Wanderers,1,0.6378538571298122,4.379309091717005,2.506812259554863,EPL,29
10216,Lewis Hall,22,1558,1,0.964859563857317,1,1.7492574080824852,19,16,2,0,D S,Newcastle United,1,0.964859563857317,6.497256022877991,5.666524005122483,EPL,25
10348,Omari Hutchinson,22,1134,1,1.967150511220097,3,3.4807796888053417,21,24,0,0,M S,Nottingham Forest,1,1.967150511220097,7.228143101558089,3.295326979830861,EPL,7
10552,Alejandro Garnacho,18,1012,1,3.641951594501734,4,3.8841271847486496,25,23,1,0,F M S,Chelsea,1,3.641951594501734,10.79827180877328,5.116337977349758,EPL,10
10717,Rodrigo Muniz,12,466,1,2.0711432956159115,1,0.5490759136155248,16,5,1,0,F S,Fulham,1,2.0711432956159115,2.368203319609165,1.074859045445919,EPL,1
10744,Ryan Christie,19,536,1,1.4520142171531916,0,0.995121706277132,17,8,2,0,M S,Bournemouth,1,1.4520142171531916,4.960478825494647,2.73126576654613,EPL,11
10770,Soungoutou Magassa,18,944,1,0.6193040320649743,0,0.7463846588507295,7,5,3,0,M S,West Ham,1,0.6193040320649743,2.4097342267632484,1.522645689547062,EPL,22
11000,Matheus Nunes,26,2177,1,0.5851309476420283,4,2.3404364120215178,5,20,4,0,D S,Manchester City,1,0.5851309476420283,17.12707395851612,15.948825165629389,EPL,35
11269,Jack Hinshelwood,18,1007,1,1.345028642565012,2,0.8032117495313287,20,7,0,0,D M S,Brighton,1,1.345028642565012,4.644390903413296,3.051021084189415,EPL,9
11310,Brajan Gruda,18,716,1,1.772459496743977,1,1.215459401719272,16,16,2,0,M S,Brighton,1,1.772459496743977,5.479941666126251,2.844237370416522,EPL,5
11357,Noni Madueke,19,859,1,1.661171793937683,1,2.5331555157899857,17,15,0,0,F M S,Arsenal,1,1.661171793937683,5.073039170354605,2.794727548956871,EPL,8
11384,João Gomes,28,2219,1,1.1228179344907403,0,0.8508366737514734,15,13,9,0,M S,Wolverhampton Wanderers,1,1.1228179344907403,4.990060526877642,3.88395569473505,EPL,55
11386,Lewis Miley,19,1110,1,1.3760087750852108,3,1.709223873913288,12,14,0,0,D M S,Newcastle United,1,1.3760087750852108,5.252447476610541,4.736966289579868,EPL,15
11709,Milos Kerkez,27,1976,1,0.9479845771566032,1,1.747715525329113,7,24,4,0,D S,Liverpool,1,0.9479845771566032,8.197933798655868,6.061527341604233,EPL,26
11710,Simon Adingra,14,665,1,0.3356043994426727,0,0.7323711905628443,6,7,2,0,F M S,Sunderland,1,0.3356043994426727,1.9754448235034945,1.0532179661095142,EPL,8
11728,Calvin Bassey,21,1713,1,1.1276503782719374,0,0.24030601978302,9,6,5,0,D S,Fulham,1,1.1276503782719374,4.237940739840269,4.153162434697151,EPL,18
11772,Yehor Yarmolyuk,29,2039,1,1.3501612106338143,2,1.1806709887459874,15,12,7,0,M S,Brentford,1,1.3501612106338143,7.912690254859626,6.543968375772238,EPL,0
11936,Lorenzo Lucca,3,117,1,1.1281560063362122,0,0.0366450361907482,3,1,0,0,F S,Nottingham Forest,1,1.1281560063362122,1.1884786486625671,0.0603225957602262,EPL,0
12123,Murillo,21,1821,1,0.4395962795242667,0,0.2508297516033053,9,7,4,0,D,Nottingham Forest,1,0.4395962795242667,5.60048440285027,5.291766870766878,EPL,21
12168,Alejandro Jiménez,25,1892,1,1.120446391403675,0,1.5480543356388807,19,12,8,0,D M S,Bournemouth,1,1.120446391403675,5.181104723364115,2.962565872818232,EPL,0
12535,Josh Acheampong,12,574,1,0.6539264097809792,0,0.137966588139534,3,2,1,0,D S,Chelsea,1,0.6539264097809792,2.1048905588686466,2.0332134179770947,EPL,0
12759,Yankuba Minteh,25,1688,1,3.0673204753547907,4,3.89837983250618,33,31,0,0,M S,Brighton,1,3.0673204753547907,10.591944171115756,5.486682424321771,EPL,25
12912,Lucas Bergvall,17,811,1,1.0712264385074377,2,0.2562577445060015,10,4,2,0,M S,Tottenham,1,1.0712264385074377,2.723673190921545,1.540505077689886,EPL,12
13022,André,27,2043,1,0.323001816868782,0,1.0339022614061832,9,12,9,0,M S,Wolverhampton Wanderers,1,0.323001816868782,4.38928272202611,3.773818634450436,EPL,29
13038,Justin Devenny,18,574,1,2.2452754601836205,0,0.3324787318706512,13,7,0,0,D F M S,Crystal Palace,0,1.4841066226363182,2.768477648496628,1.2208212092518806,EPL,8
13206,Matt O&#039;Riley,3,183,1,1.139720857143402,0,0.1495994953438639,4,4,0,0,M S,Brighton,0,0.3785520195960998,0.5305772870779037,0.1139591410756111,EPL,0
13220,Tom Edozie,1,1,1,0.0828200355172157,0,0.0,1,0,0,0,S,Wolverhampton Wanderers,1,0.0828200355172157,0.0828200355172157,0.0,EPL,0
13692,Rio Ngumoha,11,95,1,0.546236764639616,0,1.288644049316645,3,9,0,0,S,Liverpool,1,0.546236764639616,2.188313815742731,0.3534329878166318,EPL,1
13726,Oliver Sonne,7,149,1,0.3753026779741049,0,0.0269181225448846,3,1,0,0,D S,Burnley,1,0.3753026779741049,0.5079874768853188,0.1973782777786255,EPL,1
13728,Josh Laurent,26,1368,1,0.5154238482937217,0,0.6366975167766213,13,11,6,0,D M S,Burnley,1,0.5154238482937217,1.8538224520161748,0.8996864669024944,EPL,18
13730,Marcus Edwards,17,870,1,2.1731037106364965,3,2.2145643904805183,20,18,0,0,F M S,Burnley,1,2.1731037106364965,5.050374079495668,2.1965242326259613,EPL,5
13741,Jhon Arias,23,1140,1,3.293146742507816,0,0.8962265644222498,16,11,1,0,F M S,Wolverhampton Wanderers,1,3.293146742507816,4.877626428380609,1.3450943380594254,EPL,27
14028,Stefanos Tzimas,9,111,1,0.6250067912042141,1,0.3843204230070114,4,6,0,0,F S,Brighton,1,0.6250067912042141,0.8074261322617531,0.0099379355087876,EPL,1
14030,Kevin,23,876,1,1.2298060497269034,1,1.2053345758467913,22,13,1,0,M S,Fulham,1,1.2298060497269034,4.520282581448555,2.6608860678970814,EPL,8
76,Fabian Schär,16,1096,0,0.9631823003292084,0,0.1626780582591891,17,4,1,0,D S,Newcastle United,0,0.9631823003292084,3.1928995680063963,3.059698922559619,EPL,9
181,Bernd Leno,29,2610,0,0.0,0,0.0,0,0,3,0,GK,Fulham,0,0.0,3.2485439255833626,3.2485439255833626,EPL,1
579,Nathan Aké,14,478,0,0.1967456415295601,0,0.6908719837665558,4,5,1,0,D S,Manchester City,0,0.1967456415295601,2.865237489342689,2.3756012991070747,EPL,6
585,Seamus Coleman,3,11,0,0.0,0,0.0,0,0,0,0,D S,Everton,0,0.0,0.0,0.0,EPL,0
586,John Stones,7,356,0,0.0,0,0.062762975692749,0,1,0,0,D S,Manchester City,0,0.0,2.0764190293848515,2.0136560536921024,EPL,0
603,Nathaniel Clyne,8,515,0,0.2701648138463497,1,0.6744996476918459,3,3,1,0,D S,Crystal Palace,0,0.2701648138463497,1.1092736274003985,0.8391088638454676,EPL,9
638,Kyle Walker,27,2377,0,0.0805505272001028,2,1.2742929365485909,3,8,8,0,D M,Burnley,0,0.0805505272001028,6.425507844425738,6.371982575394213,EPL,21
652,Kieran Trippier,17,1408,0,0.0958994552493095,1,1.6668990873731673,2,25,3,0,D S,Newcastle United,0,0.0958994552493095,4.200428852811456,3.782136371359229,EPL,11
725,Ola Aina,13,1145,0,0.3150317650288343,0,0.2826034892350435,10,7,3,0,D,Nottingham Forest,0,0.3150317650288343,3.324329383671284,2.9446006026119,EPL,11
741,Jordan Pickford,29,2610,0,0.0,0,0.0,0,0,2,0,GK,Everton,0,0.0,1.1754746530205011,1.1754746530205011,EPL,1
766,Jamaal Lascelles,2,8,0,0.0783025473356247,0,0.0,1,0,0,0,S,Newcastle United,0,0.0783025473356247,0.0,0.0,EPL,0
780,Karl Darlow,13,1170,0,0.0,0,0.0,0,0,1,0,GK,Leeds,0,0.0,1.2555173486471176,1.2555173486471176,EPL,0
825,Adam Smith,16,730,0,0.0,1,0.4344103522598743,0,3,2,0,D S,Bournemouth,0,0.0,3.218191232532263,2.78378089889884,EPL,5
843,James Ward-Prowse,9,559,0,0.1097419820725917,1,1.950052261352539,2,15,0,0,M S,"Burnley,West Ham",0,0.1097419820725917,1.324589403346181,1.2090483214706182,EPL,2
900,Adama Traoré,20,248,0,0.3997090458869934,0,0.4146889857947826,6,3,1,0,M S,"Fulham,West Ham",0,0.3997090458869934,1.2800565622746944,0.5027102306485176,EPL,0
902,Sam Byram,1,4,0,0.0,0,0.0,0,0,0,0,S,Leeds,0,0.0,0.0,0.0,EPL,0
925,Patrick Roberts,1,23,0,0.0680162906646728,0,0.0,1,0,0,0,S,Sunderland,0,0.0680162906646728,0.1093991622328758,0.0413828715682029,EPL,0
978,Sam Johnstone,12,1080,0,0.0,0,0.0,0,0,0,0,GK,Wolverhampton Wanderers,0,0.0,0.3188386699184775,0.3188386699184775,EPL,1
987,Joseph Gomez,15,385,0,0.1439071781933307,2,1.2491662725806236,2,5,2,0,D S,Liverpool,0,0.1439071781933307,3.845215763896704,2.659396130591631,EPL,0
1006,Luke Shaw,29,2479,0,0.3574412167072296,1,1.288225063122809,5,14,5,0,D,Manchester United,0,0.3574412167072296,8.448187495581806,8.026009338907897,EPL,29
1024,Tyrone Mings,12,864,0,0.4835166372358799,0,0.7093149498105049,6,5,0,0,D S,Aston Villa,0,0.4835166372358799,2.2468670941889286,1.9349582269787788,EPL,2
1116,Gianluigi Donnarumma,26,2340,0,0.0,0,0.0,0,0,6,0,GK,Manchester City,0,0.0,5.989582944661379,5.989582944661379,EPL,0
1257,Alisson,24,2160,0,0.0,0,0.0,0,0,1,0,GK,Liverpool,0,0.0,3.815773909911513,3.815773909911513,EPL,0
1545,Emil Krafth,1,51,0,0.0,0,0.0,0,0,0,0,D,Newcastle United,0,0.0,0.0208761077374219,0.0208761077374219,EPL,0
1688,Andrew Robertson,17,644,0,0.2801166512072086,0,1.2081243060529232,4,15,0,0,D S,Liverpool,0,0.2801166512072086,3.356767099350691,2.777178730815649,EPL,9
1760,Arthur Masuaku,3,132,0,0.0784234628081321,0,0.058063443750143,1,1,1,0,D S,Sunderland,0,0.0784234628081321,0.1554462164640426,0.0973827689886093,EPL,2
1789,Lewis Cook,15,839,0,0.0596457971259951,1,0.3469301499426365,3,11,1,1,D M S,Bournemouth,0,0.0596457971259951,2.538989583030343,2.386723592877388,EPL,17
1823,Lucas Digne,24,1392,0,0.5933190360665321,4,1.8507690019905567,10,17,3,0,D S,Aston Villa,0,0.5933190360665321,3.623825436457992,2.979917211458087,EPL,18
2182,Jefferson Lerma,23,1132,0,1.3518447205424309,2,1.2902791313827038,13,10,6,0,D M S,Crystal Palace,0,1.3518447205424309,5.852634900249541,4.37577960640192,EPL,11
2254,Mateo Kovacic,1,2,0,0.0,0,0.0,0,0,0,0,S,Manchester City,0,0.0,0.3933921456336975,0.3933921456336975,EPL,0
2310,Alphonse Areola,20,1800,0,0.0,1,0.0221445709466934,0,1,0,0,GK,West Ham,0,0.0,0.4307949170470238,0.4307949170470238,EPL,0
2958,Oleksandr Zinchenko,5,347,0,0.0767069980502128,0,0.4507835283875465,4,5,0,0,D S,Nottingham Forest,0,0.0767069980502128,1.777435079216957,1.6373481005430222,EPL,6
3203,Issa Diop,10,593,0,0.0464335530996322,0,0.0,1,0,2,0,D S,Fulham,0,0.0464335530996322,0.9406789802014828,0.9406789802014828,EPL,2
3645,Olivier Boscagli,8,441,0,0.0207152105867862,1,0.0649362206459045,1,2,2,0,D S,Brighton,0,0.0207152105867862,2.073382332921028,2.035942927002907,EPL,5
3697,Odsonne Edouard,1,1,0,0.0,0,0.0,0,0,0,0,S,Crystal Palace,0,0.0,0.0,0.0,EPL,1
4401,Emiliano Martinez,25,2207,0,0.0,0,0.0628702864050865,0,1,2,0,GK,Aston Villa,0,0.0,2.983629237860441,2.9207589514553547,EPL,0
4419,Adam Armstrong,6,488,0,0.0319723542779684,2,1.048253482207656,2,5,2,0,F M,Wolverhampton Wanderers,0,0.0319723542779684,0.4853653833270073,0.0472691468894481,EPL,3
4422,Ashley Barnes,5,15,0,0.1153883188962936,0,0.0,1,0,0,0,S,Burnley,0,0.1153883188962936,0.1153883188962936,0.0,EPL,0
5220,Kai Havertz,5,201,0,0.3747366666793823,1,0.1853250376880169,5,3,0,0,M S,Arsenal,0,0.3747366666793823,0.8508717678487301,0.3165156058967113,EPL,2
5221,Leon Bailey,7,278,0,0.2665048725903034,1,0.464750088751316,5,8,1,0,M S,Aston Villa,0,0.2665048725903034,0.903483722358942,0.4393181279301643,EPL,4
5261,Kevin Danso,15,753,0,0.1559046134352684,0,0.0,3,0,4,0,D S,Tottenham,0,0.1559046134352684,0.6748217837885022,0.6748217837885022,EPL,7
5355,Jacob Bruun Larsen,23,965,0,1.3876315392553806,1,1.282695598900318,16,11,0,0,F M S,Burnley,0,1.3876315392553806,4.335738031193614,2.199708631262183,EPL,3
5544,Angus Gunn,1,38,0,0.0,0,0.0,0,0,0,0,S,Nottingham Forest,0,0.0,0.013105385005474,0.013105385005474,EPL,0
5552,Nick Pope,22,1972,0,0.1314873248338699,0,0.0,1,0,1,0,GK,Newcastle United,0,0.1314873248338699,1.0526566049084067,1.0526566049084067,EPL,1
5584,Aaron Wan-Bissaka,20,1739,0,0.0,2,1.067410096526146,0,17,3,0,D M S,West Ham,0,0.0,2.78592998534441,2.0441826097667217,EPL,20
5590,Tosin Adarabioyo,14,721,0,0.0724174678325653,0,0.4159756898880005,2,1,2,0,D S,Chelsea,0,0.0724174678325653,3.1354086361825466,3.1354086361825466,EPL,4
5595,Daniel James,14,389,0,0.6141860373318195,0,0.448430385440588,10,8,0,0,F S,Leeds,0,0.6141860373318195,1.3244048692286017,0.2982506230473518,EPL,3
5598,Angel Gomes,6,250,0,0.0551171638071537,0,0.1432096771895885,2,3,0,0,M S,Wolverhampton Wanderers,0,0.0551171638071537,0.420150276273489,0.2688595242798328,EPL,3
5603,Aaron Ramsdale,8,638,0,0.0,0,0.0710007473826408,0,1,0,0,GK S,Newcastle United,0,0.0,1.2492517102509737,1.1782509554177525,EPL,0
5609,Yves Bissouma,8,468,0,0.2123817997053265,0,0.0,5,0,3,0,M S,Tottenham,0,0.2123817997053265,1.075252041220665,0.9329388849437236,EPL,11
5956,Youri Tielemans,17,1302,0,1.6127015110105276,4,2.6451452299952507,17,26,0,0,M S,Aston Villa,0,1.6127015110105276,6.216950999572873,4.0505942814052105,EPL,25
6048,Lewis Dunk,27,2380,0,0.8374129720032215,0,0.4828461222350597,18,5,9,0,D S,Brighton,0,0.8374129720032215,9.9018642231822,9.81448569893837,EPL,18
6049,Solly March,1,2,0,0.0,0,0.0,0,0,0,0,S,Brighton,0,0.0,0.0,0.0,EPL,0
6080,Victor Lindelöf,12,556,0,0.0162220187485218,1,0.5980998799204826,1,2,0,0,D S,Aston Villa,0,0.0162220187485218,1.9454200975596905,1.928704459220171,EPL,1
6098,Niclas Füllkrug,8,416,0,0.9830001182854176,0,0.4490955099463463,9,7,0,0,F S,West Ham,0,0.9830001182854176,0.9092727340757848,0.1229296624660492,EPL,1
6104,Will Hughes,26,1221,0,1.2812513932585716,0,1.772324912250042,17,19,6,0,M S,Crystal Palace,0,1.2812513932585716,5.9620810598135,4.349964182823896,EPL,15
6145,Daichi Kamada,19,1498,0,1.2673697154968977,0,1.5807847026735544,16,14,2,0,M S,Crystal Palace,0,1.2673697154968977,7.044115810655057,5.274650583975017,EPL,28
6157,Timothy Castagne,22,1129,0,0.8327996283769608,0,0.4152186689898371,8,7,3,0,D M S,Fulham,0,0.8327996283769608,3.534952866844833,2.7095815017819405,EPL,13
6174,Nikola Milenkovic,29,2610,0,0.478016285225749,0,0.1230534315109252,14,1,6,0,D,Nottingham Forest,0,0.478016285225749,6.081341329962015,6.041452810168266,EPL,14
6221,Pau Torres,16,1305,0,0.67172946408391,0,0.006894074846059,7,1,0,0,D S,Aston Villa,0,0.67172946408391,3.158376555889845,3.08415163680911,EPL,11
6314,Joachim Andersen,26,2291,0,1.4647207846865058,1,0.5110774431377649,12,5,6,0,D,Fulham,0,1.4647207846865058,7.413748137652874,7.223785385489464,EPL,19
6345,Jadon Sancho,18,680,0,0.732707379385829,1,1.6774871312081814,9,18,0,0,M S,Aston Villa,0,0.732707379385829,4.332859832793474,2.383087646216154,EPL,2
6492,Reiss Nelson,6,47,0,0.5922618359327316,0,0.0,3,0,0,0,S,Brentford,0,0.5922618359327316,0.9844722598791122,0.8270842134952545,EPL,1
6532,Martin Dubravka,29,2610,0,0.0,0,0.0,0,0,1,0,GK,Burnley,0,0.0,1.7337001096457243,1.7337001096457243,EPL,1
6630,Joe Willock,18,590,0,0.8259846959263086,0,0.5261291209608316,9,6,3,0,M S,Newcastle United,0,0.8259846959263086,1.7879410795867443,0.9375561960041524,EPL,15
6665,Curtis Jones,25,1215,0,1.6455977549776435,1,2.2852688562124968,18,19,1,0,M S,Liverpool,0,1.6455977549776435,7.577850567176938,5.335578568279743,EPL,15
6674,Rayan Ait Nouri,12,727,0,0.2498504798859357,2,1.4058414045721292,5,7,2,0,D S,Manchester City,0,0.2498504798859357,6.0753682386130095,5.694401364773512,EPL,0
6722,Konstantinos Mavropanos,22,1708,0,1.1549368188716471,0,0.0559497214853763,15,1,2,0,D S,West Ham,0,1.1549368188716471,2.830861806869507,2.7749120891094208,EPL,16
6756,Dwight McNeil,16,786,0,0.7079088017344475,1,0.9724077060818672,14,9,1,0,F M S,Everton,0,0.7079088017344475,2.6821022257208824,1.3818021565675735,EPL,12
6816,Jean-Clair Todibo,19,1621,0,0.6560113653540611,1,0.3799619134515524,2,5,4,1,D,West Ham,0,0.6560113653540611,1.641976846382022,1.4169618915766478,EPL,21
6852,Matt Doherty,10,732,0,0.0822684839367866,0,0.172796219587326,3,3,4,0,D,Wolverhampton Wanderers,0,0.0822684839367866,0.3009897619485855,0.1281935349106788,EPL,7
6885,Axel Disasi,5,450,0,0.6818064413964748,0,0.0239046476781368,3,1,0,0,D,West Ham,0,0.6818064413964748,1.7124380469322205,1.6751321256160736,EPL,2
6903,Matz Sels,22,1862,0,0.0,0,0.0,0,0,2,0,GK S,Nottingham Forest,0,0.0,1.359528581611812,1.359528581611812,EPL,1
6912,Pedro Porro,25,2005,0,0.5986047359183431,2,2.8120722826570272,19,34,6,0,D S,Tottenham,0,0.5986047359183431,7.444826226681471,6.565283663570881,EPL,33
6935,Naif Aguerd,2,180,0,0.0885777547955513,0,0.0,2,0,0,0,D,West Ham,0,0.0885777547955513,0.1381545960903167,0.1381545960903167,EPL,0
6986,Hamed Junior Traore,1,13,0,0.0,1,0.0955900996923446,0,1,0,0,S,Bournemouth,0,0.0,0.0955900996923446,0.0,EPL,0
7075,Borna Sosa,5,47,0,0.0,0,0.0568265840411186,0,1,0,0,S,Crystal Palace,0,0.0,0.3556321486830711,0.2988055646419525,EPL,0
7083,Christian Nørgaard,6,44,0,0.0487417466938495,0,0.0,1,0,0,0,S,Arsenal,0,0.0487417466938495,0.5345648117363453,0.4858230650424957,EPL,0
7240,Benoit Badiashile Mukinayi,8,478,0,0.0,0,0.0,0,0,2,0,D S,Chelsea,0,0.0,1.0458098985254765,1.0458098985254765,EPL,0
7268,Bafode Diakite,18,1276,0,0.0138677563518285,0,0.0845660716295242,1,2,1,0,D S,Bournemouth,0,0.0138677563518285,3.926532536745072,3.877728216350079,EPL,15
7298,Ben White,7,406,0,0.2704902347177267,1,1.1466932483017445,4,6,0,0,D S,Arsenal,0,0.2704902347177267,2.7815939486026764,1.907339196652174,EPL,7
7332,Max Kilman,21,1552,0,1.1671122973784804,0,0.2077075242996215,7,4,4,0,D S,West Ham,0,1.1671122973784804,1.233875660225749,1.128087779507041,EPL,8
7382,Dan Burn,21,1721,0,0.1415409129112959,2,0.3628865266218781,4,6,7,1,D S,Newcastle United,0,0.1415409129112959,2.538757558912039,2.374558422714472,EPL,21
7432,Reinildo,17,1431,0,0.1700047692283988,1,0.2502687163650989,4,4,6,1,D,Sunderland,0,0.1700047692283988,2.238357089459896,2.04243890568614,EPL,0
7546,Harvey Elliott,5,110,0,0.2895753085613251,0,0.0938487127423286,5,1,0,0,M S,"Aston Villa,Liverpool",0,0.2895753085613251,0.7380336094647646,0.4125381279736757,EPL,0
7589,Wesley Fofana,17,1109,0,0.2952595427632332,1,0.6044388152658939,4,2,2,1,D S,Chelsea,0,0.2952595427632332,6.502532873302698,6.471917245537043,EPL,10
7702,Dean Henderson,29,2610,0,0.0,0,0.0154756419360637,0,1,3,0,GK,Crystal Palace,0,0.0,2.713267244398594,2.713267244398594,EPL,0
7726,Ezri Konsa Ngoyo,28,2496,0,0.8423888944089413,0,0.5653226673603058,9,4,0,1,D,Aston Villa,0,0.8423888944089413,5.92870057746768,5.406173419207335,EPL,0
7791,Sebastiaan Bornauw,9,316,0,0.0,0,0.0,0,0,1,0,D S,Leeds,0,0.0,0.3977393805980682,0.3977393805980682,EPL,2
7904,Caoimhin Kelleher,28,2520,0,0.0,0,0.1064014490693807,0,2,1,0,GK,Brentford,0,0.0,3.990184502676129,3.883783061057329,EPL,0
7943,Igor Julio,4,94,0,0.0,0,0.0180993378162384,0,1,0,0,D S,West Ham,0,0.0,0.0698967278003692,0.0698967278003692,EPL,0
7958,Sandro Tonali,29,2082,0,1.2549977814778686,2,2.814313603565097,28,26,3,0,M S,Newcastle United,0,1.2549977814778686,7.900558363646269,6.1685956828296185,EPL,19
8000,Ilia Gruev,20,1249,0,0.6924904398620129,3,1.4936000779271126,6,11,3,0,M S,Leeds,0,0.6924904398620129,3.084871955215931,1.772110786288977,EPL,13
8056,Arnaud Kalimuendo Muinga,9,75,0,0.2510882914066314,0,0.0113487504422664,4,1,0,0,S,Nottingham Forest,0,0.2510882914066314,0.3131891824305057,0.0621008910238742,EPL,0
8267,Guido Rodríguez,6,159,0,0.0242491047829389,0,0.0,1,0,1,0,M S,West Ham,0,0.0242491047829389,0.3224498257040977,0.2982007190585136,EPL,8
8285,Sander Berge,29,2444,0,0.97884751111269,1,1.5456924187019467,9,15,4,0,M S,Fulham,0,0.97884751111269,7.77051255479455,6.413409378379583,EPL,35
8351,Ki-Jana Hoever,8,437,0,0.0092321364209055,0,0.3387711746618151,1,5,0,0,D S,Wolverhampton Wanderers,0,0.0092321364209055,1.378377165645361,1.0303738564252851,EPL,11
8401,Luca Netz,2,45,0,0.0,0,0.0,0,0,0,0,S,Nottingham Forest,0,0.0,1.1858215630054474,1.1858215630054474,EPL,0
8489,Jorge Cuenca,14,948,0,0.0508214943110942,0,0.5158752724528313,1,3,5,0,D S,Fulham,0,0.0508214943110942,2.2441382743418217,2.2441382743418217,EPL,10
8537,Dennis Cirkin,6,295,0,0.0,0,0.0,0,0,1,0,D S,Sunderland,0,0.0,0.4646671786904335,0.4646671786904335,EPL,5
8640,Adrien Truffert,29,2581,0,0.385352149605751,2,2.1894461195915937,11,19,3,0,D,Bournemouth,0,0.385352149605751,8.543219985440373,6.801482170820236,EPL,42
8717,Pascal Struijk,26,2254,0,2.539858378469944,1,0.7542928671464324,24,10,3,0,D S,Leeds,0,2.539858378469944,5.616882084868848,4.815966717898846,EPL,18
8720,Jack Harrison,11,232,0,0.4338683113455772,0,0.3380284607410431,6,1,0,0,F S,Leeds,0,0.4338683113455772,1.0663754409179091,0.3290564557537436,EPL,2
8786,Stefan Ortega Moreno,3,270,0,0.0,0,0.0,0,0,0,0,GK,Nottingham Forest,0,0.0,0.1292306631803512,0.1292306631803512,EPL,0
8808,Wataru Endo,8,162,0,0.0619611144065856,1,0.1389048248529434,1,1,1,0,D S,Liverpool,0,0.0619611144065856,0.9600183218717576,0.7591523677110672,EPL,3
8812,Sasa Kalajdzic,1,11,0,0.0,0,0.0,0,0,0,0,S,Wolverhampton Wanderers,0,0.0,0.0,0.0,EPL,0
8831,Iyenoma Destiny Udogie,13,792,0,0.171998587436974,1,0.6968069169670343,3,8,2,0,D S,Tottenham,0,0.171998587436974,3.805530665442348,3.2939551416784525,EPL,0
8858,Guglielmo Vicario,29,2610,0,0.0,0,0.0,0,0,1,0,GK,Tottenham,0,0.0,2.7572667440399528,2.7572667440399528,EPL,1
8920,Dilane Bakwa,10,332,0,0.6827503144741058,1,0.6963391155004501,8,7,1,0,M S,Nottingham Forest,0,0.6827503144741058,1.7611335255205631,0.9625563211739064,EPL,2
8940,Antonee Robinson,13,884,0,0.1345994593575596,0,0.8089972250163555,2,15,1,0,D S,Fulham,0,0.1345994593575596,3.179399397224188,2.755653716623783,EPL,15
8942,Aaron Hickey,18,577,0,0.5347226746380329,0,0.6038424372673035,5,1,1,0,D S,Brentford,0,0.5347226746380329,2.583484144881368,2.135821277275681,EPL,6
8969,Florentino Luís,24,1684,0,0.9390051607042552,2,0.4540975745767355,9,9,4,0,M S,Burnley,0,0.9390051607042552,3.8170487862080336,3.16108260396868,EPL,40
9040,Conor Gallagher,8,609,0,0.9757537953555584,1,0.3875098433345556,5,7,0,0,M S,Tottenham,0,0.9757537953555584,2.1187988705933094,1.3750632815063,EPL,12
9077,James Trafford,3,270,0,0.0,0,0.0,0,0,0,0,GK,Manchester City,0,0.0,1.4181099254637957,1.4181099254637957,EPL,1
9098,Robert Sánchez,27,2344,0,0.0,1,0.8848487213253975,0,5,4,1,GK,Chelsea,0,0.0,8.931474236771464,8.046625515446067,EPL,0
9105,Radu Dragusin,7,421,0,0.2077605351805687,0,0.0,4,0,0,0,D S,Tottenham,0,0.2077605351805687,0.7794275060296059,0.7794275060296059,EPL,2
9272,Filip Jorgensen,3,265,0,0.0,0,0.0,0,0,0,0,GK S,Chelsea,0,0.0,1.2539185211062431,1.2539185211062431,EPL,0
9328,Jeremie Frimpong,13,609,0,0.4066029079258442,1,2.1529345363378525,8,9,0,0,D M S,Liverpool,0,0.4066029079258442,3.7356012538075447,2.4445581790059805,EPL,5
9332,Dane Scarlett,2,4,0,0.0,0,0.0,0,0,0,0,S,Tottenham,0,0.0,0.0506130419671535,0.0506130419671535,EPL,0
9487,Maxime Estève,26,2247,0,0.4140876997262239,0,0.7021042061969638,9,6,0,0,D,Burnley,0,0.4140876997262239,2.5686502689495683,2.420235709287226,EPL,22
9512,Valentino Livramento,13,1044,0,0.1328982561826706,1,0.6162818782031536,2,10,1,0,D S,Newcastle United,0,0.1328982561826706,4.877081170678139,4.260999113321304,EPL,13
9524,Anthony Elanga,25,1127,0,1.2046642061322927,1,1.749520514160395,14,15,0,0,F M S,Newcastle United,0,1.2046642061322927,3.754575837403536,1.4750907570123672,EPL,10
9554,Tim Iroegbunam,21,1025,0,0.3124398505315184,2,1.76231050491333,8,5,8,0,M S,Everton,0,0.3124398505315184,3.1378056816756725,1.7759469598531723,EPL,32
9614,Marco Bizot,5,403,0,0.0,0,0.0,0,0,1,0,GK S,Aston Villa,0,0.0,1.0298098511993885,1.0298098511993885,EPL,0
9676,David Raya,30,2700,0,0.0,0,0.1493939720094204,0,3,1,0,GK,Arsenal,0,0.0,5.551798628643155,5.460807407274842,EPL,1
9677,Kristoffer Ajer,23,1611,0,1.053914662450552,1,0.9042857214808464,10,5,2,0,D S,Brentford,0,1.053914662450552,5.203498689457774,3.5852596405893564,EPL,21
9678,Ethan Pinnock,3,240,0,0.0,0,0.0,0,0,1,0,D,Brentford,0,0.0,0.109051514416933,0.109051514416933,EPL,4
9679,Rico Henry,25,1315,0,0.1456592017784714,1,0.3161719217896461,5,4,2,0,D S,Brentford,0,0.1456592017784714,2.418498318642378,2.231708014383912,EPL,11
9681,Frank Onyeka,6,68,0,0.0,1,0.3706037104129791,0,1,0,0,S,Brentford,0,0.0,0.3706037104129791,0.3706037104129791,EPL,0
9693,Giorgi Mamardashvili,5,450,0,0.0,0,0.0,0,0,0,0,GK,Liverpool,0,0.0,1.884380653500557,1.884380653500557,EPL,0
9740,José Sá,18,1620,0,0.0,0,0.0831252336502075,0,1,1,0,GK,Wolverhampton Wanderers,0,0.0,0.5396595597267151,0.4565343260765075,EPL,0
9944,Gabriel Gudmundsson,28,2338,0,0.8777289493009448,0,2.4423023387789726,18,19,4,0,D M S,Leeds,0,0.8777289493009448,5.452674796804786,3.617291221395135,EPL,42
9958,Yerson Mosquera,21,1632,0,2.086806334555149,0,1.1129373805597425,21,9,10,0,D S,Wolverhampton Wanderers,0,2.086806334555149,4.158809253945947,2.3699405174702406,EPL,30
10004,Romeo Lavia,6,113,0,0.0,0,0.0,0,0,0,0,M S,Chelsea,0,0.0,1.953592132776976,1.953592132776976,EPL,2
10024,Cristhian Mosquera,13,612,0,0.0,0,0.1350230686366558,0,2,2,0,D S,Arsenal,0,0.0,3.3378515541553497,3.2772812843322754,EPL,14
10025,Lamare Bogarde,23,673,0,0.0,0,0.0411524251103401,0,2,5,0,D M S,Aston Villa,0,0.0,1.739380568265915,1.6982281506061554,EPL,12
10120,Conor Bradley,15,962,0,0.2198291672393679,1,1.1937107481062412,6,4,5,0,D S,Liverpool,0,0.2198291672393679,3.412436105310917,2.405481914058328,EPL,15
10126,James McAtee,8,153,0,0.0131533788517117,0,0.2934955358505249,1,3,1,0,M S,Nottingham Forest,0,0.0131533788517117,0.333125096745789,0.0396295608952641,EPL,3
10169,Diego Coppola,5,192,0,0.0,0,0.0,0,0,2,0,D S,Brighton,0,0.0,0.4860989674925804,0.4860989674925804,EPL,2
10205,Myles Peart-Harris,1,1,0,0.0,0,0.0,0,0,0,0,S,Brentford,0,0.0,0.0,0.0,EPL,0
10291,Vitalii Mykolenko,24,2153,0,0.2774586006999016,1,0.8042072150856256,9,15,5,0,D,Everton,0,0.2774586006999016,5.329264451749623,4.5846661208197474,EPL,0
10292,Nathan Patterson,6,240,0,0.1701965481042862,0,0.0,1,0,0,0,D S,Everton,0,0.1701965481042862,0.7384375408291817,0.5682409927248955,EPL,4
10293,Toti,14,1063,0,0.4723467836156487,0,0.1083252504467964,4,5,2,1,D S,Wolverhampton Wanderers,0,0.4723467836156487,1.3968179700896144,1.2609899174422026,EPL,0
10527,Carlos Baleba,24,1310,0,0.388982773758471,0,0.0938934944570064,15,4,5,0,M S,Brighton,0,0.388982773758471,3.623184653930366,3.252468335442245,EPL,15
10542,Jamie Bynoe-Gittens,16,455,0,0.8924727980047464,2,0.978217288851738,10,9,0,0,M S,Chelsea,0,0.8924727980047464,2.936161085963249,1.3098940197378397,EPL,0
10564,Leny Yoro,26,1437,0,1.0201239548623562,0,0.1026026122272014,6,3,0,0,D S,Manchester United,0,1.0201239548623562,3.851807801052928,3.6799732763320208,EPL,16
10586,Tyler Dibling,14,337,0,0.1377814710140228,0,0.2132043652236461,4,4,2,0,M S,Everton,0,0.1377814710140228,0.8644972424954176,0.634521609172225,EPL,3
10696,Noussair Mazraoui,15,619,0,0.1684903018176555,0,0.0761949084699153,4,2,3,0,D S,Manchester United,0,0.1684903018176555,4.013312056660652,3.870699256658554,EPL,8
10721,Sepp van den Berg,24,2124,0,2.950783120468259,1,0.9473770968616008,18,4,1,0,D S,Brentford,0,2.950783120468259,4.255483699962497,3.355943208560348,EPL,5
10747,James Hill,20,1290,0,0.6030781883746386,3,1.0259043276309967,6,6,2,0,D S,Bournemouth,0,0.6030781883746386,4.205922323279083,4.038835495710373,EPL,11
10756,Joe Worrall,10,463,0,0.0381001383066177,0,0.0,1,0,0,0,D S,Burnley,0,0.0381001383066177,0.5445791333913803,0.5064789950847626,EPL,2
10764,Djed Spence,22,1707,0,1.0310822296887636,0,1.808715053834021,9,9,4,0,D S,Tottenham,0,1.0310822296887636,5.541106726974249,3.065219447016716,EPL,20
10802,Lisandro Martínez,14,889,0,0.0539020793512463,0,0.4361163191497326,4,4,0,0,D S,Manchester United,0,0.0539020793512463,5.109599675983191,5.016608331352472,EPL,7
10803,Tyrell Malacia,2,2,0,0.0,0,0.0,0,0,0,0,S,Manchester United,0,0.0,0.0522542111575603,0.0522542111575603,EPL,0
10822,Wilson Odobert,24,946,0,2.460178238339722,2,1.9524234533309937,21,20,0,0,F M S,Tottenham,0,2.460178238339722,5.9682222586125135,2.8834201879799366,EPL,8
10847,Rico Lewis,10,299,0,0.0737852826714515,1,1.4945278838276863,2,6,1,0,D S,Manchester City,0,0.0737852826714515,2.6490715742111206,1.2449853271245956,EPL,4
10856,Emmanuel Agbadou,14,1093,0,0.44676383305341,0,0.1717668529599905,10,4,1,1,D S,Wolverhampton Wanderers,0,0.44676383305341,1.6553496047854424,1.543709209188819,EPL,21
10864,Marcos Senesi,28,2488,0,1.6815375247970223,4,3.382117901928723,13,20,8,0,D,Bournemouth,0,1.6815375247970223,9.752081074751914,7.066941272467375,EPL,28
11003,Ryan Yates,14,335,0,0.3552968949079513,1,0.13348407484591,4,3,1,0,M S,Nottingham Forest,0,0.3552968949079513,1.4000664800405502,1.1654256023466587,EPL,5
11033,Kaden Rodney,1,1,0,0.0,0,0.0,0,0,0,0,S,Crystal Palace,0,0.0,0.0,0.0,EPL,0
11132,Ethan Nwaneri,6,154,0,0.3292111651971936,0,0.0484081842005252,6,1,0,0,S,Arsenal,0,0.3292111651971936,1.166222719475627,0.9847383946180344,EPL,0
11155,Wilfried Gnonto,16,361,0,0.3248312175273895,1,0.6911645606160164,8,5,3,0,F S,Leeds,0,0.3248312175273895,2.0139467380940914,1.0399735905230043,EPL,10
11167,Chadi Riad,6,314,0,0.1359153660014271,1,0.427691638469696,2,1,2,0,D S,Crystal Palace,0,0.1359153660014271,0.7873845249414444,0.7873845249414444,EPL,3
11174,Kobbie Mainoo,20,903,0,0.1794009869918227,2,0.5538328373804688,8,15,0,0,M S,Manchester United,0,0.1794009869918227,3.7225767113268375,3.3363159466534853,EPL,10
11231,Ben Doak,4,40,0,0.0851583629846572,1,0.4571621716022491,1,1,0,0,S,Bournemouth,0,0.0851583629846572,1.4128027111291883,0.8704821839928627,EPL,0
11243,Bashir Humphreys,13,1062,0,0.1989340502768755,0,0.65000881254673,5,5,5,0,D S,Burnley,0,0.1989340502768755,2.602551353164017,2.362066284753382,EPL,14
11253,Mamadou Sarr,2,91,0,0.5694634318351746,0,0.0,1,0,0,0,D S,Chelsea,0,0.5694634318351746,0.2305086031556129,0.2305086031556129,EPL,0
11281,Michael Kayode,28,2471,0,0.2971946839243173,0,2.2556501273065805,6,27,6,0,D,Brentford,0,0.2971946839243173,7.780531069263816,6.045504422858357,EPL,41
11297,Carlos Alcaraz,16,675,0,0.9294976545497776,1,1.21384940110147,18,9,3,0,M S,Everton,0,0.9294976545497776,2.604523872025311,1.3459198297932744,EPL,8
11331,Merlin Röhl,10,320,0,0.3806900344789028,0,0.2557048462331295,7,5,0,0,M S,Everton,0,0.3806900344789028,0.8491500113159418,0.3055974915623665,EPL,9
11362,Facundo Buonanotte,3,67,0,0.044329535216093,0,0.1689806431531906,1,2,1,0,M S,"Chelsea,Leeds",0,0.044329535216093,0.2642164155840873,0.2198868803679943,EPL,0
11461,Romaine Mundle,14,370,0,0.673394400626421,0,0.0171345714479684,7,1,1,0,M S,Sunderland,0,0.673394400626421,1.284482665359974,0.6110882572829723,EPL,4
11633,Marc Guiu,9,233,0,2.4548350498080254,1,0.7587333768606186,12,3,1,0,F S,"Chelsea,Sunderland",0,2.4548350498080254,3.163074307143688,0.0594495087862014,EPL,0
11704,Hjalmar Ekdal,15,1185,0,0.5319462595507503,0,0.1554165836423635,5,3,0,0,D S,Burnley,0,0.5319462595507503,2.35501430183649,2.2430223636329174,EPL,13
11711,Bart Verbruggen,29,2610,0,0.0,0,0.076464258134365,0,1,3,0,GK,Brighton,0,0.0,5.596191929653287,5.596191929653287,EPL,1
11735,Sávio,17,542,0,2.454739084467292,1,0.6098880097270012,13,6,2,0,M S,Manchester City,0,2.454739084467292,4.15956312045455,2.1407860703766346,EPL,3
11763,Abduqodir Khusanov,14,791,0,0.0908823758363723,0,0.1151297390460968,1,1,2,0,D S,Manchester City,0,0.0908823758363723,3.0839420966804028,2.968812327831984,EPL,0
11766,Manuel Ugarte,19,752,0,0.6452064188197255,0,0.1109745148569345,11,2,1,0,M S,Manchester United,0,0.6452064188197255,3.5583059154450893,2.860197020694613,EPL,27
11807,Ian Maatsen,23,1240,0,1.0339584182947874,0,1.8613278027623887,17,19,2,0,D S,Aston Villa,0,1.0339584182947874,3.976281203329563,2.910544075071812,EPL,27
11808,Andrey Santos,22,946,0,1.7154290862381458,0,0.6522208489477634,8,7,4,0,M S,Chelsea,0,1.7154290862381458,5.09560789167881,3.811923023313284,EPL,13
11824,Lucas Pires,14,1078,0,0.4762053117156029,0,1.3178928308188915,11,16,0,1,D S,Burnley,0,0.4762053117156029,2.900127429515124,1.9538808474317195,EPL,0
11903,Oscar Bobb,14,645,0,0.9586002752184868,1,1.410773154348135,6,15,1,0,F M S,"Fulham,Manchester City",0,0.9586002752184868,4.379597593098879,3.090272132307291,EPL,5
12014,Jake O&#039;Brien,28,2383,0,0.5886748284101486,1,0.6192675000056624,9,13,2,1,D S,Everton,0,0.5886748284101486,4.59934950619936,3.875822238624096,EPL,0
12032,Djordje Petrovic,29,2610,0,0.0,0,0.0,0,0,2,0,GK,Bournemouth,0,0.0,1.767459778115153,1.767459778115153,EPL,0
12054,Altay Bayindir,6,540,0,0.0,0,0.2939172387123108,0,1,0,0,GK,Manchester United,0,0.0,1.0489089861512184,0.7549917474389076,EPL,0
12094,Mike Trésor,4,13,0,0.0,0,0.0,0,0,0,0,S,Burnley,0,0.0,0.0,0.0,EPL,0
12113,Jackson Tchatchoua,27,1592,0,0.0611034482717514,1,1.5490289172157643,2,16,3,0,D S,Wolverhampton Wanderers,0,0.0611034482717514,4.921395977027714,3.681724859401584,EPL,14
12199,Alex Murphy,1,1,0,0.0,0,0.0,0,0,0,0,S,Newcastle United,0,0.0,0.0,0.0,EPL,0
12203,Treymaurice Nyoni,3,3,0,0.4788391590118408,0,0.0494166016578674,1,1,0,0,S,Liverpool,0,0.4788391590118408,0.6415212154388428,0.1132654696702957,EPL,0
12234,Tawanda Chirewa,2,20,0,0.0,0,0.0,0,0,0,0,S,Wolverhampton Wanderers,0,0.0,0.0,0.0,EPL,0
12272,Myles Lewis-Skelly,14,285,0,0.0696707516908645,0,0.1222897954285144,1,3,3,0,D S,Arsenal,0,0.0696707516908645,1.1322807930409908,0.9733922854065896,EPL,3
12358,Oliver Scarles,12,664,0,0.2387502118945121,0,0.9672641232609748,3,4,1,0,D S,West Ham,0,0.2387502118945121,1.5808512102812529,0.6791210677474737,EPL,18
12359,Callum Marshall,2,44,0,0.2289344072341919,0,0.0,1,0,0,0,S,West Ham,0,0.2289344072341919,0.0,0.0,EPL,0
12369,Lucas Perri,16,1440,0,0.0,0,0.0,0,0,2,0,GK,Leeds,0,0.0,2.474491350352764,2.474491350352764,EPL,0
12409,Adam Wharton,26,2193,0,0.950837598182261,5,4.816986110061407,24,31,4,1,M,Crystal Palace,0,0.950837598182261,11.597667545080183,8.569264747202396,EPL,33
12410,Joshua King,23,1012,0,2.0275586619973183,1,0.4715881245210767,20,9,3,0,F M S,Fulham,0,2.0275586619973183,3.893767587840557,1.70595845580101,EPL,7
12474,George Earthy,1,7,0,0.0,0,0.0,0,0,0,0,S,West Ham,0,0.0,0.0,0.0,EPL,0
12573,Tyrique George,8,238,0,0.6463920399546623,0,0.0,5,0,2,0,M S,"Chelsea,Everton",0,0.6463920399546623,0.5149330943822861,0.3252495173364877,EPL,2
12595,Hákon Valdimarsson,1,90,0,0.0,0,0.0,0,0,0,0,GK,Brentford,0,0.0,0.2126694023609161,0.2126694023609161,EPL,0
12726,Christantus Uche,14,109,0,0.7797833420336246,0,0.0,6,0,0,0,S,Crystal Palace,0,0.7797833420336246,0.7532306127250195,0.0335573256015777,EPL,2
12757,Harrison Armstrong,10,495,0,0.4391051679849624,0,0.1213887110352516,5,4,0,0,M S,Everton,0,0.4391051679849624,1.5633678585290909,1.3058937191963196,EPL,10
12758,Mats Wieffer,19,1408,0,1.4692139253020289,3,2.725433826446533,13,18,6,0,D S,Brighton,0,1.4692139253020289,7.049906622618437,5.511922997422516,EPL,34
12766,Jota Silva,1,7,0,0.0,0,0.0,0,0,0,0,S,Nottingham Forest,0,0.0,0.0,0.0,EPL,1
12774,Andy Irving,7,178,0,0.0,0,0.2021182812750339,0,3,0,0,M S,West Ham,0,0.0,0.1736587174236774,0.1385073959827423,EPL,4
12910,Mads Hermansen,9,810,0,0.0,0,0.0,0,0,0,0,GK,West Ham,0,0.0,1.0402375496923923,1.0402375496923923,EPL,0
13026,Luis Guilherme,5,118,0,0.0393501259386539,0,0.0517973899841308,1,1,0,0,F S,West Ham,0,0.0393501259386539,0.0911475159227848,0.0,EPL,1
13064,Lutsharel Geertruida,23,1209,0,0.6492070779204369,0,0.7576147364452481,7,7,0,0,D M S,Sunderland,0,0.6492070779204369,2.6946638748049736,1.558221461251378,EPL,18
13066,Ferdi Kadioglu,28,2335,0,1.272938933223486,0,1.102859366685152,19,16,6,0,D M S,Brighton,0,1.272938933223486,9.126119747757912,7.505184188485146,EPL,31
13068,Morato,15,935,0,1.401793820783496,0,0.0138153219595551,4,1,4,0,D S,Nottingham Forest,0,1.401793820783496,2.6422858498990536,2.0910839401185517,EPL,16
13080,Ayden Heaven,13,646,0,0.2150531085208058,1,0.365470789372921,3,2,2,0,D S,Manchester United,0,0.2150531085208058,3.3284167740494013,2.874162146821618,EPL,9
13091,Jaydee Canvot,12,618,0,0.7780758589506149,0,0.0517299622297287,3,1,2,0,D S,Crystal Palace,0,0.7780758589506149,1.5240573734045029,1.5240573734045029,EPL,11
13150,Jack Fletcher,3,97,0,0.0373862497508525,0,0.1148756481707096,1,2,0,0,S,Manchester United,0,0.0373862497508525,0.2627697400748729,0.1478940844535827,EPL,1
13156,Pedro Lima,3,3,0,0.0,0,0.0,0,0,0,0,S,Wolverhampton Wanderers,0,0.0,0.0,0.0,EPL,0
13200,Fernando López,9,211,0,0.2181545086205005,1,0.5119961202144623,5,3,1,0,M S,Wolverhampton Wanderers,0,0.2181545086205005,0.8440351467579603,0.2290974706411361,EPL,0
13242,Ben Winterburn,1,3,0,0.0,0,0.0,0,0,0,0,S,Bournemouth,0,0.0,0.0,0.0,EPL,0
13247,Ezra Mayers,6,96,0,0.1098941266536712,0,0.1163404732942581,1,2,0,0,S,West Ham,0,0.1098941266536712,0.391190942376852,0.1649563424289226,EPL,0
13262,Jonah Kusi-Asare,5,19,0,0.0,0,0.081977978348732,0,1,1,0,S,Fulham,0,0.0,0.081977978348732,0.0,EPL,0
13298,Max Alleyne,2,138,0,0.3813819289207458,0,0.0321632847189903,2,1,0,0,D,Manchester City,0,0.3813819289207458,0.3675581216812134,0.3675581216812134,EPL,3
13306,Zach Abbott,2,117,0,0.0,0,0.0,0,0,0,0,D S,Nottingham Forest,0,0.0,0.0799943655729293,0.0799943655729293,EPL,2
13310,Jamaldeen Jimoh,1,5,0,0.0,0,0.0,0,0,0,0,S,Aston Villa,0,0.0,0.3433566093444824,0.3433566093444824,EPL,0
13387,Romain Esse,4,29,0,0.0,0,0.0,0,0,0,0,S,Crystal Palace,0,0.0,0.0,0.0,EPL,1
13392,Andrés García,3,29,0,0.0,0,0.0,0,0,0,0,S,Aston Villa,0,0.0,0.4362176060676574,0.4362176060676574,EPL,0
13399,Joe Knight,1,1,0,0.0,0,0.0,0,0,0,0,S,Brighton,0,0.0,0.0,0.0,EPL,0
13467,Tyler Fredricson,1,1,0,0.0,0,0.0,0,0,0,0,S,Manchester United,0,0.0,0.0,0.0,EPL,0
13474,Julio Soler,3,27,0,0.0,0,0.0,0,0,0,0,S,Bournemouth,0,0.0,0.0643863454461097,0.0643863454461097,EPL,0
13584,Harry Howell,3,91,0,0.0,0,0.0,0,0,0,0,M S,Brighton,0,0.0,0.0,0.0,EPL,0
13712,Robin Roefs,28,2520,0,0.0,0,0.7053439579904079,0,4,3,0,GK,Sunderland,0,0.0,2.958572026342153,2.253228049725294,EPL,0
13713,Trai Hume,29,2409,0,1.977671904489398,1,1.214829072356224,24,16,7,0,D M S,Sunderland,0,1.977671904489398,5.542380687780678,2.893139781430364,EPL,39
13714,Jenson Seelt,2,135,0,0.0,0,0.0,0,0,0,0,D S,Sunderland,0,0.0,0.3046077191829681,0.3046077191829681,EPL,0
13716,Noah Sadiki,24,2128,0,0.384040261618793,0,0.4226047042757272,10,10,6,0,M,Sunderland,0,0.384040261618793,3.925374757498503,3.479970675893128,EPL,19
13719,Chris Rigg,11,389,0,0.2488605864346027,0,0.3929757475852966,4,3,0,0,M S,Sunderland,0,0.2488605864346027,0.8620094880461693,0.3320564776659012,EPL,4
13720,Dan Neil,3,13,0,0.0,0,0.0,0,0,0,0,S,Sunderland,0,0.0,0.0,0.0,EPL,0
13723,El Hadji Malick Diouf,23,1914,0,0.4509089142084121,5,2.366855456493795,13,14,4,0,D M S,West Ham,0,0.4509089142084121,4.385458924807608,3.035339754074812,EPL,11
13724,Freddie Potts,19,1082,0,0.2126328870654106,1,1.184074230492115,3,7,1,0,M S,West Ham,0,0.2126328870654106,2.431451864540577,1.5549293383955956,EPL,18
13727,Quilindschy Hartman,15,1346,0,0.1179095460101962,4,1.7861270951107144,6,16,1,0,D,Burnley,0,0.1179095460101962,3.063959948718548,2.7063506841659546,EPL,20
13740,David Møller Wolfe,18,842,0,0.0825581811368465,2,1.2312744036316872,3,7,1,0,D S,Wolverhampton Wanderers,0,0.0825581811368465,1.6957409083843231,1.2027955185621977,EPL,5
13776,Jorrel Hato,14,531,0,0.3383092209696769,0,0.5926388055086136,4,5,4,0,D S,Chelsea,0,0.3383092209696769,4.149883713573217,3.7946131639182568,EPL,10
13779,Jair,3,212,0,0.1381586492061615,0,0.0,2,0,0,0,D S,Nottingham Forest,0,0.1381586492061615,0.2314481381326913,0.0932894963771104,EPL,0
13780,Antoni Milambo,1,50,0,0.0,0,0.0,0,0,0,0,M,Brentford,0,0.0,0.0437612235546112,0.0437612235546112,EPL,1
13835,Joël Piroe,13,190,0,0.9712987393140792,0,0.0858056545257568,11,1,0,0,F S,Leeds,0,0.9712987393140792,1.119105262681842,0.2169358264654874,EPL,1
13870,Bradley Burrowes,1,12,0,0.0,0,0.0,0,0,0,0,S,Aston Villa,0,0.0,0.0,0.0,EPL,0
13872,Max Dowman,2,24,0,0.1543170921504497,0,0.0,3,0,0,0,S,Arsenal,0,0.1543170921504497,0.1299430839717388,0.0,EPL,2
14017,John Victor,5,440,0,0.0,0,0.0,0,0,1,0,GK,Nottingham Forest,0,0.0,0.8475470691919327,0.8475470691919327,EPL,0
14027,Veljko Milosavljevic,7,363,0,0.357437402009964,0,0.0670101419091224,1,1,0,0,D S,Bournemouth,0,0.357437402009964,0.4575175084173679,0.3905073590576648,EPL,4
14029,Tom Watson,6,44,0,0.0247048325836658,0,0.0,1,0,1,0,S,Brighton,0,0.0247048325836658,0.0247048325836658,0.0,EPL,1
14055,Divine Mukasa,2,21,0,0.0,0,0.211731594055891,0,2,0,0,S,Manchester City,0,0.0,0.7216724120080471,0.5099408626556396,EPL,0
14056,Senne Lammens,23,2070,0,0.0,0,0.0,0,0,0,0,GK,Manchester United,0,0.0,2.93873742595315,2.93873742595315,EPL,1
14099,Luke O&#039;Nien,6,104,0,0.0,0,0.0,0,0,1,1,D S,Sunderland,0,0.0,0.0,0.0,EPL,0
14127,Nehemiah Oriola,1,1,0,0.0,0,0.0,0,0,0,0,S,Brighton,0,0.0,0.0,0.0,EPL,0
14134,Jun&#039;ai Byfield,1,1,0,0.0,0,0.0,0,0,0,0,S,Tottenham,0,0.0,0.0,0.0,EPL,0
14193,George Hemmings,2,19,0,0.0193882789462804,0,0.0,1,0,0,0,S,Aston Villa,0,0.0193882789462804,0.3816603980958462,0.3622721172869205,EPL,0
14198,Shea Lacey,2,6,0,0.0593010261654853,0,0.0,3,0,0,0,S,Manchester United,0,0.0593010261654853,0.1093531921505928,0.0500521622598171,EPL,0
14217,Romelle Donovan,4,23,0,0.1047036871314048,0,0.0320337601006031,3,1,0,0,S,Brentford,0,0.1047036871314048,0.1047036871314048,0.0,EPL,0
14219,Mohamadou Kanté,6,15,0,0.0655186921358108,0,0.1098941266536712,1,1,1,0,S,West Ham,0,0.0655186921358108,0.2843971624970436,0.1089843437075614,EPL,3
14263,Joél Drakes-Thomas,2,2,0,0.0,0,0.0,0,0,0,0,S,Crystal Palace,0,0.0,0.3753929138183594,0.3753929138183594,EPL,1
14266,Bendito Mantato,1,14,0,0.0,0,0.0364780984818935,0,1,0,0,S,Manchester United,0,0.0,0.1237963810563087,0.1237963810563087,EPL,0
14272,Tyler Fletcher,1,1,0,0.0,0,0.0,0,0,0,0,S,Manchester United,0,0.0,0.0,0.0,EPL,0
14281,Jaydon Banel,1,7,0,0.0,0,0.0,0,0,0,0,S,Burnley,0,0.0,0.0,0.0,EPL,0
14290,Pablo,5,266,0,0.5747046247124672,0,0.236217800527811,4,4,0,0,M S,West Ham,0,0.5747046247124672,1.0849135592579842,0.2874088436365127,EPL,5
14374,Alex Tóth,4,69,0,0.0995914712548255,0,0.2503544464707374,1,3,1,0,M S,Bournemouth,0,0.0995914712548255,1.12132428586483,0.77137840539217,EPL,0
14410,Souza,3,78,0,0.0,0,0.2023620158433914,0,3,1,0,D S,Tottenham,0,0.0,0.2023620158433914,0.0303847044706344,EPL,0
14424,Nilson Angulo,5,261,0,0.558087632060051,0,0.0354292374104261,3,2,0,0,M S,Sunderland,0,0.558087632060051,0.4823193401098251,0.1152174398303031,EPL,5
14425,Melker Ellborg,1,90,0,0.0,0,0.0,0,0,0,0,GK,Sunderland,0,0.0,0.0,0.0,EPL,0
14446,Alysson Edward,3,34,0,0.052795436233282,0,0.0,1,0,0,0,S,Aston Villa,0,0.052795436233282,0.1039408203214407,0.0511453840881586,EPL,0
14460,Djiamgone Jocelin Ta Bi,1,38,0,0.0,0,0.0,0,0,0,0,M,Sunderland,0,0.0,0.0,0.0,EPL,0
647,Harry Kane,24,1968,30,24.527553543448448,5,6.019000353291631,96,32,1,0,F M S,Bayern Munich,20,16.949786461889744,28.30289316177368,8.898956306278706,Bundesliga,10
10804,Deniz Undav,21,1557,15,13.34821842238307,4,3.0013039521873,90,22,4,0,F M S,VfB Stuttgart,15,13.34821842238307,20.32217961549759,5.971629795618355,Bundesliga,9
10408,Luis Díaz,24,1999,14,12.38014790415764,11,8.008551767095923,67,55,5,0,M S,Bayern Munich,14,12.38014790415764,28.76857239753008,11.114814141765237,Bundesliga,12
3738,Serhou Guirassy,24,1817,12,13.46181210502982,1,1.762090252712369,60,17,2,0,F S,Borussia Dortmund,11,11.188482072204351,12.726464562118052,2.736947411671281,Bundesliga,1
13013,Haris Tabakovic,24,1808,11,11.962231494486332,2,1.4457622412592173,52,13,0,0,F S,Borussia M.Gladbach,11,10.446678079664707,8.636576933786273,1.4082766082137823,Bundesliga,4
82,Nadiem Amiri,20,1667,10,7.3520552739501,2,4.181111939251423,39,47,6,0,F M S,Mainz 05,3,2.047618556767702,7.012902742251754,4.205031407997012,Bundesliga,16
956,Andrej Kramaric,25,1624,10,8.84303379431367,5,3.309787997044623,49,29,1,0,F M S,Hoffenheim,7,6.569703850895166,12.73151221498847,5.22893362864852,Bundesliga,3
7422,Christoph Baumgartner,24,2003,10,12.5201783105731,6,2.803140627220273,57,30,6,0,M S,RasenBallsport Leipzig,10,11.76240162551403,15.529213909059765,4.485816398635507,Bundesliga,27
9948,Michael Olise,23,1798,10,8.502367092296481,16,13.994231095537543,76,62,5,0,M S,Bayern Munich,10,8.502367092296481,30.66144831478596,13.113869279623032,Bundesliga,9
13561,Yan Diomande,24,1729,10,6.414470110088587,5,6.198663612827659,42,40,2,0,F M S,RasenBallsport Leipzig,10,6.414470110088587,21.460923746228215,10.461440963670611,Bundesliga,13
7108,Jonathan Burkardt,13,898,9,9.555757485330105,0,0.2223390340805053,29,6,1,0,F S,Eintracht Frankfurt,7,8.04020407050848,9.363250605762005,2.31034067645669,Bundesliga,0
6496,Ermedin Demirovic,16,1107,8,5.703296571969986,2,1.6134076975286007,26,12,4,0,F S,VfB Stuttgart,7,4.945519894361496,8.421857073903084,2.855445045977831,Bundesliga,7
8137,Maximilian Beier,23,1387,8,6.404220134019852,4,2.799117830581963,36,17,2,0,D F M S,Borussia Dortmund,8,6.404220134019852,11.104442337527871,2.680294318124652,Bundesliga,9
10113,Fisnik Asllani,24,1753,8,7.449178086593747,5,4.224945850670338,54,26,1,0,F M S,Hoffenheim,8,7.449178086593747,15.589691169559956,4.972055591642857,Bundesliga,4
13062,Mohammed Amoura,22,1464,8,7.915431183762848,3,3.760280311107636,48,22,2,0,F M S,Wolfsburg,7,7.157654506154358,11.49469332024455,3.195096330717206,Bundesliga,0
13911,Said El Mala,25,1225,8,7.675675334408879,3,1.855044599622488,48,13,1,0,F M S,FC Cologne,8,7.675675334408879,10.461466565728188,2.354135848581791,Bundesliga,8
1236,Patrik Schick,19,1327,7,10.162958677858114,2,2.283017987385392,40,7,1,0,F S,Bayer Leverkusen,5,8.647405307739973,11.208121828734877,2.6725330157205462,Bundesliga,2
5266,Vincenzo Grifo,25,1289,7,5.145785313099623,1,4.084607221186161,22,30,0,0,M S,Freiburg,3,2.1147590093314648,8.301339838653803,4.207116320729256,Bundesliga,3
8407,Tim Lemperle,20,1341,7,6.683874314650893,2,2.1172021199017763,37,19,1,0,F M S,Hoffenheim,6,5.926097607240081,9.764373624697328,2.413020182400942,Bundesliga,12
9718,Jamie Leweling,24,1766,7,3.6633782982826233,6,4.18502963334322,38,34,4,0,D M S,VfB Stuttgart,7,3.6633782982826233,12.029638569802046,5.488753896206617,Bundesliga,7
10734,Jens Stage,23,1989,7,4.529363855719566,2,3.194379327818752,44,22,4,0,M,Werder Bremen,7,4.529363855719566,10.59077237546444,5.350101958960295,Bundesliga,26
13852,Rômulo,21,1620,7,11.29388551786542,4,3.3973602056503296,43,21,2,0,F M S,RasenBallsport Leipzig,7,10.536108780652285,17.166376266628504,5.093260055407882,Bundesliga,12
261,Julian Brandt,20,1210,6,4.301542589440942,3,3.3471111487597227,26,23,0,0,F M S,Borussia Dortmund,6,4.301542589440942,9.758924817666411,3.7042540684342384,Bundesliga,6
993,Serge Gnabry,19,1125,6,5.21661077067256,6,4.769765607081354,40,20,1,0,M S,Bayern Munich,6,5.21661077067256,13.762201324105265,6.587920201942325,Bundesliga,8
4340,Grischa Prömel,25,1329,6,4.384121090173721,2,1.997825236991048,33,15,2,0,M S,Hoffenheim,6,4.384121090173721,9.170033507049084,3.2591479644179344,Bundesliga,15
10732,Jakub Kaminski,25,2233,6,4.468705706298351,2,4.137958584353328,42,36,1,0,D F M,FC Cologne,6,4.468705706298351,12.813648048788307,6.814007863402367,Bundesliga,24
11866,Álex Grimaldo,21,1819,6,5.003955053165555,4,5.660527270287275,40,45,5,0,D,Bayer Leverkusen,4,3.488401787355542,13.37623891234398,9.505361225456,Bundesliga,16
12953,Igor Matanovic,22,910,6,6.4443340338766575,1,0.9864458050578832,34,9,0,0,F S,Freiburg,5,4.928780626505613,5.8885684022679925,1.0734776463359594,Bundesliga,8
12954,Can Uzun,14,817,6,2.734463332220912,3,2.259539982303977,27,13,2,0,M S,Eintracht Frankfurt,5,1.9766866397112608,6.394031405448914,2.5789587572216988,Bundesliga,6
5251,Rani Khedira,24,2134,5,2.099703524261713,0,1.6217375006526709,19,12,6,0,M,Union Berlin,5,2.099703524261713,5.818729408085346,2.871936582028866,Bundesliga,33
7749,Rayan Philippe,22,1081,5,5.102377101778984,0,1.16421427577734,32,13,2,0,F M S,Hamburger SV,5,4.344600394368172,5.604484042152762,1.1225422136485577,Bundesliga,10
8869,Ragnar Ache,24,1370,5,7.748001478612423,3,2.5258903596550226,41,23,2,0,F S,FC Cologne,5,7.748001478612423,9.5770426094532,2.0250129671767354,Bundesliga,7
10772,Karim Adeyemi,23,1035,5,3.587473511695862,3,2.805378654971719,24,13,3,0,F M S,Borussia Dortmund,5,3.587473511695862,9.705049104988577,4.054235387593508,Bundesliga,3
11227,Dzenan Pejcinovic,22,910,5,5.151660994626582,0,0.5161480233073235,31,5,1,0,F S,Wolfsburg,5,5.151660994626582,5.157396291382611,0.6786755882203579,Bundesliga,7
11861,Stefan Schimmer,20,612,5,4.855158105492592,1,1.6511298958212135,28,12,1,0,F S,FC Heidenheim,5,4.855158105492592,7.322742756456137,1.3862062525004148,Bundesliga,3
13725,Luka Vuskovic,22,1980,5,4.477153269574046,0,0.4103483697399497,27,9,5,0,D,Hamburger SV,4,3.719376591965556,6.745393824763596,5.127448327839375,Bundesliga,10
13856,Christian Kofane,22,956,5,6.481684885919094,3,1.7720793914049864,35,14,3,0,F M S,Bayer Leverkusen,5,6.481684885919094,9.06307403370738,1.6490215994417667,Bundesliga,5
13857,Ernest Poku,23,1300,5,3.559356279671192,4,2.3665190748870373,25,23,0,0,D M S,Bayer Leverkusen,5,3.559356279671192,9.279621943831444,3.7957120053470135,Bundesliga,9
13866,Ilyas Ansah,25,1565,5,3.126083455048501,1,1.3081056289374828,25,14,1,0,F M S,Union Berlin,5,3.126083455048501,5.564196756109595,2.638851046562195,Bundesliga,5
419,Maximilian Mittelstädt,23,1603,4,3.438237339258194,3,3.999911401420832,22,27,3,0,D M S,VfB Stuttgart,1,1.1649072896689177,11.42919634282589,8.563769223168492,Bundesliga,35
1427,Kevin Diks,22,1867,4,3.986220462247729,0,0.5254909005016088,18,5,5,0,D S,Borussia M.Gladbach,0,0.9551136866211892,6.326713155955076,5.559714823961258,Bundesliga,27
5256,Oliver Burke,22,1105,4,4.221441814675927,1,1.6330705657601357,24,15,2,0,F M S,Union Berlin,4,4.221441814675927,6.712230738252401,1.7077562175691128,Bundesliga,3
5611,Martin Terrier,16,609,4,3.201124083250761,1,1.0998335517942903,17,10,1,0,F M S,Bayer Leverkusen,4,3.201124083250761,6.173402037471533,2.4726594015955925,Bundesliga,3
5752,Alexis Claude Maurice,21,1557,4,4.569890821352601,4,2.2650800980627537,54,21,3,0,F M S,Augsburg,3,3.812114158645272,7.75186256878078,3.3900133976712823,Bundesliga,0
6449,Chris Führich,24,1085,4,1.8548906203359363,4,4.9039121232926846,23,27,1,0,F M S,VfB Stuttgart,4,1.8548906203359363,11.055974252521992,6.549122147262096,Bundesliga,7
7376,Ozan Kabak,16,921,4,3.092702573165297,0,0.2211410664021968,20,4,2,0,D S,Hoffenheim,4,3.092702573165297,5.238798808306456,3.561182588338852,Bundesliga,10
7485,Nico Schlotterbeck,19,1710,4,3.0541223054751754,1,0.8246109932661057,27,7,6,0,D,Borussia Dortmund,4,3.0541223054751754,7.4791507218033075,6.600985297933221,Bundesliga,28
8317,Edmond Tapsoba,21,1859,4,3.2409368911758065,2,0.9179273508489132,23,7,4,0,D,Bayer Leverkusen,4,3.2409368911758065,10.17351458966732,9.23310864996165,Bundesliga,9
8791,Ritsu Doan,25,1971,4,3.402847778052092,5,5.545138105750084,30,32,3,0,D F M S,Eintracht Frankfurt,4,3.402847778052092,11.04383778385818,5.697452740743756,Bundesliga,19
8989,Ansgar Knauff,20,992,4,3.334427412599325,1,2.6085463538765907,26,16,2,0,F M S,Eintracht Frankfurt,4,3.334427412599325,8.318106705322862,3.146936694160104,Bundesliga,8
9689,Albert Sambi Lokonga,19,1189,4,1.0194538366049528,0,1.1509323380887508,14,20,2,0,M S,Hamburger SV,4,1.0194538366049528,4.256220106035471,2.8841593265533447,Bundesliga,9
9860,Malik Tillman,20,1386,4,3.50278452783823,1,2.9752110093832016,26,23,1,0,M S,Bayer Leverkusen,4,3.50278452783823,9.51741612702608,4.144209839403629,Bundesliga,26
10048,Nicolas Jackson,16,523,4,4.387791918590665,0,1.129706496372819,17,12,1,0,F S,Bayern Munich,4,4.387791918590665,6.397385664284229,1.4742796020582318,Bundesliga,1
10585,Justin Njinmah,24,1333,4,5.0091156009584665,0,0.9043044857680798,41,12,1,0,D F M S,Werder Bremen,4,5.0091156009584665,7.385880295187235,1.4904000451788306,Bundesliga,9
10725,Danilho Doekhi,25,2250,4,3.3989020492881536,0,0.5225567277520895,31,6,3,0,D,Union Berlin,4,3.3989020492881536,3.1755732484161854,2.3736531771719456,Bundesliga,25
10860,Derry Scherhant,22,714,4,2.3002889892086387,1,1.3069799561053514,27,14,2,0,M S,Freiburg,4,2.3002889892086387,3.3983438722789288,0.6544572785496712,Bundesliga,6
11007,Fábio Vieira,20,1462,4,3.887533596716821,4,3.076237378641963,41,23,2,2,F M S,Hamburger SV,3,3.1297568595036864,9.583190377801657,4.598268941044807,Bundesliga,4
11354,Yuito Suzuki,20,1334,4,3.502862051129341,2,1.6612797398120165,33,19,2,0,M S,Freiburg,4,3.502862051129341,6.258759453892708,2.01399714499712,Bundesliga,11
12983,Danel Sinani,22,1491,4,4.436211422085762,3,2.669602450914681,39,32,3,0,F M S,St. Pauli,1,2.162881389260292,6.92384735122323,3.9964059721678495,Bundesliga,11
13573,Lennart Karl,21,976,4,5.228169672191143,3,2.2685851845890284,33,18,0,0,M S,Bayern Munich,4,5.228169672191143,13.172249749302864,6.418953126296401,Bundesliga,13
13860,Wouter Burger,22,1790,4,2.659660205245018,5,5.161827463656664,24,38,4,1,M,Hoffenheim,4,2.659660205245018,10.365817053243518,5.178471812978387,Bundesliga,31
13885,Andréas Hountondji,12,628,4,2.7965804650448263,0,0.1788578573614359,13,4,1,0,F M S,St. Pauli,4,2.038803847040981,1.5341206658631563,0.0164687484502792,Bundesliga,0
13925,Ransford Königsdörffer,25,1766,4,6.8082389095798135,0,0.9887055531144142,51,16,1,0,F M S,Hamburger SV,4,6.050462239421904,7.947180898860097,1.589013438671827,Bundesliga,1
171,Michael Gregoritsch,9,416,3,2.1770182866603136,1,0.2485598549246788,11,2,2,0,F S,Augsburg,2,1.4192416090518236,1.561892256140709,0.5735985338687897,Bundesliga,3
294,Gian-Luca Waldschmidt,17,480,3,3.704022768884897,3,2.132720997557044,14,10,0,0,F M S,FC Cologne,2,2.9462461061775684,5.482711110264063,0.9902751883491874,Bundesliga,0
604,Emre Can,9,627,3,2.363978619687259,0,0.0,5,0,3,0,D S,Borussia Dortmund,0,0.0906485868617892,2.4536785297095776,2.376001711934805,Bundesliga,8
3455,Raphael Guerreiro,12,447,3,1.8377615213394165,2,1.3369814977049828,6,11,0,0,M S,Bayern Munich,3,1.8377615213394165,4.669824549928308,2.216987246647477,Bundesliga,7
5969,Jean-Luc Dompe,18,1110,3,2.179867002181709,0,3.5787848830223083,25,31,0,0,F M S,Hamburger SV,2,1.4220903245732188,5.296940162777901,1.3945018351078031,Bundesliga,5
6109,Konrad Laimer,20,1431,3,2.7632063534110785,4,3.193808199837804,15,29,5,0,D S,Bayern Munich,3,2.7632063534110785,15.751980647444723,11.58208917453885,Bundesliga,16
6273,Robin Koch,24,2137,3,1.7647608872503042,0,0.1911806408315897,12,6,1,0,D,Eintracht Frankfurt,3,1.7647608872503042,5.662172839045525,5.468857731670141,Bundesliga,16
6974,Mattias Svanberg,20,708,3,2.22151755169034,1,0.8542640991508961,17,6,3,1,M S,Wolfsburg,3,2.22151755169034,3.885388806462288,2.010549733415246,Bundesliga,7
7879,Marius Bülter,23,1175,3,3.308103835210204,3,3.928639968857169,34,21,3,0,F M S,FC Cologne,3,3.308103835210204,8.80309285596013,3.500779764726758,Bundesliga,2
8056,Arnaud Kalimuendo Muinga,10,681,3,3.051031842827797,1,0.8035333901643753,18,6,3,0,F M S,Eintracht Frankfurt,3,3.051031842827797,5.232751723378897,1.5688500218093395,Bundesliga,0
8205,Jan Thielmann,19,1325,3,1.800755564123392,1,0.5248632412403822,21,7,3,0,D F M S,FC Cologne,3,1.800755564123392,6.210814358666539,4.337866684421897,Bundesliga,10
9724,David Raum,24,2130,3,2.2789241075515747,5,8.918307404965162,21,78,6,0,D,RasenBallsport Leipzig,2,1.5211474299430847,16.566949425265193,13.245192347094417,Bundesliga,31
9730,Patrick Wimmer,17,1198,3,2.470255134627223,3,0.6412104349583387,15,7,4,0,M S,Wolfsburg,3,2.470255134627223,4.851628598757088,2.551765176467597,Bundesliga,13
9783,Jae-Sung Lee,23,1950,3,3.0100405486300588,2,3.214158648625016,26,20,2,0,F M,Mainz 05,3,3.0100405486300588,8.32361664250493,3.3367815017700195,Bundesliga,0
10187,Jarell Quansah,21,1693,3,1.7455720528960228,0,0.8263874910771847,8,10,7,0,D S,Bayer Leverkusen,3,1.7455720528960228,8.351592121645808,6.79882094450295,Bundesliga,18
10367,Tiago Tomás,18,691,3,3.641588419675827,2,1.1570146046578884,27,10,3,0,M S,VfB Stuttgart,3,3.641588419675827,5.437584333121777,1.4096845518797636,Bundesliga,5
10830,Jean Négoce,22,1098,3,1.873016769997776,3,3.091346386820078,22,23,1,0,F M S,Eintracht Frankfurt,3,1.873016769997776,7.241034168750048,3.449605844914913,Bundesliga,0
11547,Aleksandar Pavlovic,20,1255,3,1.4776572212576866,1,1.6352257747203112,9,17,2,0,M S,Bayern Munich,3,1.4776572212576866,13.291431330144404,11.698529444634914,Bundesliga,14
11840,Jovan Milosevic,8,282,3,2.097077786922455,0,0.0217002630233764,9,1,2,0,F S,Werder Bremen,3,2.097077786922455,2.319039773195982,0.3580754548311233,Bundesliga,1
12038,Fabian Rieder,23,1577,3,2.57332755625248,3,3.558205177076161,26,25,2,0,D F M S,Augsburg,2,1.815550897270441,7.830318581312895,4.2089652717113495,Bundesliga,12
12904,Samuel Mbangula,20,990,3,1.7021509390324354,2,1.0369327440857887,15,14,0,0,F M S,Werder Bremen,3,1.7021509390324354,3.949434280395508,1.5974660031497478,Bundesliga,10
12924,Marco Grüll,25,1663,3,3.577505087479949,1,1.740373346954584,36,28,4,0,F M S,Werder Bremen,3,3.577505087479949,7.954783635213971,4.507334179244936,Bundesliga,14
12928,Alexander Prass,23,914,3,1.576729103922844,2,1.9321388211101291,16,13,2,0,D M S,Hoffenheim,3,1.576729103922844,5.463602809235454,2.467680921778083,Bundesliga,20
12934,Shuto Machino,24,833,3,3.530787192285061,0,1.0321348253637552,21,13,1,0,F M S,Borussia M.Gladbach,3,3.530787192285061,5.665734211914241,1.4732951689511538,Bundesliga,4
13020,Bilal El Khannouss,18,1285,3,1.747781758196652,3,4.020227212458849,30,37,5,0,F M S,VfB Stuttgart,3,1.747781758196652,8.602418798953295,4.456511421129108,Bundesliga,18
13102,Johan Manzambi,19,1498,3,1.7219253834336996,2,1.9692487232387064,34,12,4,2,M S,Freiburg,3,1.7219253834336996,7.382023017853498,5.596618259325624,Bundesliga,8
13122,Nathaniel Brown,24,1899,3,1.5910619869828224,4,2.790567673742771,16,23,3,0,D M S,Eintracht Frankfurt,3,1.5910619869828224,7.820428911596537,4.523255633190274,Bundesliga,41
13191,Assan Ouédraogo,12,632,3,2.1908827032893896,3,2.719928711652756,18,8,0,0,F M S,RasenBallsport Leipzig,3,2.1908827032893896,5.883934244513512,4.069046929478645,Bundesliga,6
13429,Julian Niehues,19,1141,3,2.049314549192786,0,0.5979146659374237,16,3,1,0,M S,FC Heidenheim,3,2.049314549192786,3.915254730731249,2.575751841068268,Bundesliga,7
13966,Martijn Kaars,20,987,3,3.0093431510031223,0,0.3168056672438979,20,6,1,0,F S,St. Pauli,2,2.251566458493471,3.6772115575149655,1.5073957182466984,Bundesliga,1
40,Stefan Bell,18,1044,2,1.840271808207035,1,1.202451154589653,12,5,4,0,D S,Mainz 05,2,1.840271808207035,3.578166848048568,1.6757325250655413,Bundesliga,6
106,Waldemar Anton,23,2070,2,1.2234948333352804,0,0.2018145592883229,12,6,3,0,D,Borussia Dortmund,2,1.2234948333352804,8.035093756392598,7.801926815882325,Bundesliga,24
125,Maximilian Eggestein,25,2250,2,2.8593269865959883,0,1.3430568277835846,36,17,3,0,M,Freiburg,2,2.8593269865959883,8.636616487056017,6.407642785459757,Bundesliga,29
183,Jonathan Tah,21,1679,2,0.6638064542785287,1,0.5882400423288345,8,5,4,0,D S,Bayern Munich,2,0.6638064542785287,9.499127626419067,9.103477135300636,Bundesliga,13
205,Mahmoud Dahoud,13,636,2,0.7575652450323105,2,0.2612789999693632,15,6,0,0,F M S,Eintracht Frankfurt,2,0.7575652450323105,3.110726645216346,2.3935306295752525,Bundesliga,7
223,Joshua Kimmich,21,1627,2,2.033463401719928,6,5.855302568525076,20,38,3,0,M S,Bayern Munich,2,2.033463401719928,19.931127846241,15.30833837389946,Bundesliga,15
249,Danny da Costa,25,2014,2,2.261965313926339,3,2.796853451989591,11,15,3,0,D M S,Mainz 05,2,2.261965313926339,7.216565957292914,4.659047542139888,Bundesliga,18
315,Matthias Ginter,24,2160,2,1.2617394980043173,2,1.7659618593752384,13,10,1,0,D,Freiburg,2,1.2617394980043173,9.39759460836649,7.839901033788919,Bundesliga,10
320,Jonas Hofmann,20,954,2,2.150341484695673,2,2.038105733692646,21,13,2,0,D M S,Bayer Leverkusen,2,2.150341484695673,8.623592238873243,5.319368191063404,Bundesliga,10
335,Leon Goretzka,22,1338,2,1.5831826701760292,1,1.883917300030589,16,14,4,0,M S,Bayern Munich,2,1.5831826701760292,10.96727076265961,9.720814400352538,Bundesliga,13
646,Christian Eriksen,22,1676,2,3.1088498840108514,5,4.103625242598355,25,38,3,0,M S,Wolfsburg,0,1.593296599574387,9.531620055437088,6.1786260437220335,Bundesliga,14
1139,Silvan Widmer,19,1361,2,2.5333029814064503,0,0.8295687697827816,17,3,5,0,D M S,Mainz 05,2,2.5333029814064503,3.873295191675425,1.739790329709649,Bundesliga,24
3349,Ramy Bensebaini,16,1164,2,1.0735344933345914,0,0.2322910279035568,10,6,5,0,D S,Borussia Dortmund,2,1.0735344933345914,5.70726253837347,5.521258655935526,Bundesliga,10
5263,Lukas Kübler,16,1234,2,2.631019704043865,1,0.9086428210139276,18,8,2,0,D S,Freiburg,2,2.631019704043865,3.8300196044147015,2.666198441758752,Bundesliga,21
5344,Hauke Wahl,21,1846,2,0.380508734844625,0,0.1011019758880138,6,3,0,0,D,St. Pauli,2,0.380508734844625,1.8423998281359677,1.823364295065403,Bundesliga,27
6415,Nikolas Nartey,21,876,2,2.968223689123988,1,2.442442372441292,18,19,1,0,F M S,VfB Stuttgart,2,2.968223689123988,8.984377205371857,4.061703210696578,Bundesliga,10
6445,Elvis Rexhbecaj,22,980,2,0.523274626582861,0,0.7069284673780203,10,9,3,0,D M S,Augsburg,2,0.523274626582861,2.4423594679683447,1.309245651587844,Bundesliga,7
6638,Linton Maina,15,620,2,1.047256214544177,0,0.6175683261826634,16,7,0,0,D F M S,FC Cologne,2,1.047256214544177,2.6220947578549385,1.1211641281843183,Bundesliga,3
7264,Han-Noah Massengo,25,2059,2,1.614966819062829,1,1.5851978715509176,16,15,2,0,M S,Augsburg,2,1.614966819062829,8.126691026613116,5.126547614112496,Bundesliga,16
7267,Woo-Yeong Jeong,23,1013,2,1.6929110009223225,1,0.4271412957459688,17,6,0,0,F M S,Union Berlin,2,1.6929110009223225,3.0774102061986923,1.3487168215215206,Bundesliga,0
7783,Xaver Schlager,19,1302,2,1.5014927238225937,1,1.9832140021026132,16,16,3,0,M S,RasenBallsport Leipzig,2,1.5014927238225937,14.998476803302763,12.198633752763271,Bundesliga,15
9069,Romano Schmid,25,2209,2,6.125063479878008,7,8.99504417926073,42,66,4,0,F M,Werder Bremen,0,3.8517334470525375,14.20886778086424,5.096221439540386,Bundesliga,22
9202,Felix Nmecha,25,1928,2,1.951179763302207,3,1.8036808986216784,27,19,0,0,M S,Borussia Dortmund,2,1.951179763302207,10.043179295957088,7.769462179392576,Bundesliga,20
9350,Armindo Sieb,16,417,2,2.710621727630496,0,0.4868416097015142,14,6,1,0,F S,Mainz 05,2,2.710621727630496,3.415336035192013,0.2890808992087841,Bundesliga,4
9356,Carney Chukwuemeka,20,626,2,2.304413612931967,0,0.5800747573375702,14,10,1,0,F M S,Borussia Dortmund,2,2.304413612931967,4.551490565761924,2.151603424921632,Bundesliga,13
9458,Josip Stanisic,17,1244,2,0.9899783842265606,3,1.7818419355899096,5,12,1,0,D S,Bayern Munich,2,0.9899783842265606,10.818162402138114,10.27453780733049,Bundesliga,16
9745,Dimitris Giannoulis,19,1356,2,0.9338894300162792,3,2.85985136218369,9,24,6,0,D S,Augsburg,2,0.9338894300162792,4.94123272318393,1.8464465234428644,Bundesliga,16
9931,Lovro Majer,23,1294,2,3.23336070869118,3,2.536715382710099,22,19,4,0,M S,Wolfsburg,2,3.23336070869118,7.174670547246933,2.498764231801033,Bundesliga,16
10288,Anton Kade,19,1056,2,3.122220417484641,0,1.847305104136467,23,17,3,0,D F M S,Augsburg,2,3.122220417484641,5.454146504402161,1.17319855093956,Bundesliga,9
10497,Yannick Engelhardt,22,1723,2,1.853495485149324,1,0.7456788495182991,16,10,5,0,M S,Borussia M.Gladbach,2,1.853495485149324,7.030577911064029,5.41680564545095,Bundesliga,0
10750,Rasmus Kristensen,19,1438,2,1.104231894016266,0,1.3801484052091837,14,8,4,0,D S,Eintracht Frankfurt,2,1.104231894016266,6.180345602333546,5.220411524176598,Bundesliga,32
10792,Farès Chaïbi,19,1321,2,1.936511978507042,8,3.094206253066659,20,27,1,0,M S,Eintracht Frankfurt,2,1.936511978507042,7.62340297177434,3.808467876166105,Bundesliga,15
10863,Aaron Zehnter,17,1219,2,0.9841702813282608,0,1.0538889579474926,8,16,0,0,D S,Wolfsburg,2,0.9841702813282608,4.588461766019464,2.7301728054881096,Bundesliga,9
11484,Ibrahim Maza,19,1115,2,2.5791990477591757,3,3.2494235690683126,28,15,1,0,M S,Bayer Leverkusen,2,2.5791990477591757,10.537940382957458,6.04205833375454,Bundesliga,16
11604,Mert Kömür,22,1296,2,4.025537796318531,3,2.399864561855793,36,20,1,0,F M S,Augsburg,2,4.025537796318531,6.160736575722694,1.4831573097035289,Bundesliga,11
11845,Phillip Tietz,20,1042,2,6.604228895157576,1,0.6170294163748622,34,11,3,0,F S,"Augsburg,Mainz 05",2,5.846452157944441,7.17004881799221,1.9831194151192904,Bundesliga,1
11856,Marvin Pieringer,19,1094,2,2.6644663475453854,0,1.239474929869175,19,11,2,0,F S,FC Heidenheim,2,2.6644663475453854,4.193513309583068,1.335693085566163,Bundesliga,12
12418,Rodrigo Ribeiro,5,303,2,2.669702842831612,0,0.0266821533441543,14,1,1,0,F S,Augsburg,2,2.669702842831612,3.691833943128586,1.1386657804250715,Bundesliga,0
12470,Max Moerstedt,17,312,2,1.1926478147506714,0,0.6729935109615326,5,2,2,0,F S,Hoffenheim,2,1.1926478147506714,3.105569936335087,1.239928625524044,Bundesliga,2
12920,Leopold Querfeld,25,2250,2,3.526513454504311,0,2.038518369197845,26,17,6,0,D,Union Berlin,0,1.2531833769753575,3.755500133149326,2.9132401049137115,Bundesliga,21
12941,Antonio Nusa,22,1550,2,4.723050817847252,2,4.122364494949579,50,27,0,0,F M S,RasenBallsport Leipzig,2,4.723050817847252,14.942410124465823,7.346837317571044,Bundesliga,9
12975,Eric Smith,22,1934,2,0.6892931740731001,2,0.581175709143281,10,13,3,1,D M,St. Pauli,2,0.6892931740731001,4.989583697170019,4.871156482025981,Bundesliga,16
12987,Luca Kerber,12,482,2,1.101524282246828,0,0.1521664950996637,6,2,2,0,M S,FC Heidenheim,2,1.101524282246828,1.469759564846754,0.5324585903435946,Bundesliga,8
12988,Sirlord Conteh,13,533,2,3.1821698397397995,1,0.5412807874381542,10,8,1,0,F M S,FC Heidenheim,2,3.1821698397397995,3.238775348290801,0.5464589353650808,Bundesliga,7
13424,Daniel Svensson,25,1958,2,1.877221655100584,2,3.175162060186267,9,29,0,0,D M S,Borussia Dortmund,2,1.877221655100584,9.186520086601377,6.000463562086225,Bundesliga,21
13427,Bazoumana Touré,21,1648,2,3.765886020846665,6,4.951754314824939,29,28,2,0,D F M S,Hoffenheim,2,3.765886020846665,11.334488481283188,3.90652422234416,Bundesliga,12
13428,Marin Ljubicic,2,11,2,1.5059347748756409,0,0.0,2,0,0,0,S,Union Berlin,2,1.5059347748756409,0.6139925122261047,0.0,Bundesliga,0
13850,Johan Bakayoko,15,709,2,1.7686516754329205,0,0.9762161877006292,18,9,1,0,F M S,RasenBallsport Leipzig,2,1.7686516754329205,5.2099549770355225,2.665532149374485,Bundesliga,3
13865,Robin Fellhauer,25,2062,2,1.4717114912346003,1,1.4740027040243149,22,19,2,0,D M S,Augsburg,2,1.4717114912346003,5.619949050247669,3.116360180079937,Bundesliga,37
14023,Conrad Harder,22,724,2,3.6867622919380665,3,2.3702129013836384,36,12,3,0,F S,RasenBallsport Leipzig,2,3.6867622919380665,6.243113044649363,0.968269344419241,Bundesliga,4
14024,Adam Daghim,19,1002,2,1.3791019059717655,2,2.478199388831854,18,13,1,0,M S,Wolfsburg,2,1.3791019059717655,6.910180971026421,3.261505153030157,Bundesliga,16
14197,Ricky-Jade Jones,8,332,2,2.837136209011078,0,0.7764502624049783,11,6,1,0,F S,St. Pauli,2,2.837136209011078,3.750943087041378,0.1761478222906589,Bundesliga,0
14331,Ayoube Amaimouni-Echghouyab,9,200,2,0.2591829523444175,1,0.1290092878043651,6,2,1,0,D S,Eintracht Frankfurt,2,0.2591829523444175,0.4782564863562584,0.2664197161793709,Bundesliga,0
140,Yannick Gerhardt,14,1027,1,1.067916914820671,0,0.3802003711462021,10,6,1,0,D M S,Wolfsburg,1,1.067916914820671,1.8272739574313164,1.1075187865644691,Bundesliga,8
153,Maximilian Arnold,21,1807,1,0.2878965893760323,4,4.224334646016359,11,28,5,0,M S,Wolfsburg,1,0.2878965893760323,4.640103403478861,3.8401487478986382,Bundesliga,15
269,Dominik Kohr,20,1689,1,1.2369884476065636,0,1.5210218001157043,9,7,6,2,D,Mainz 05,1,1.2369884476065636,4.325678072869778,3.6186887845397,Bundesliga,24
1055,Aleix García,25,2045,1,1.820567788556218,5,3.858132775872946,22,35,4,0,M S,Bayer Leverkusen,1,1.820567788556218,15.25921758171171,13.295406534336507,Bundesliga,13
1678,Michy Batshuayi,6,123,1,1.0145394168794155,0,0.186081625521183,5,2,0,0,F S,Eintracht Frankfurt,0,0.2567627318203449,0.4821904711425304,0.1719956696033477,Bundesliga,1
2253,Lucas Vázquez,9,398,1,0.8392858803272247,2,1.971153700724244,3,8,2,0,D S,Bayer Leverkusen,1,0.8392858803272247,4.848973982036114,2.155413649976253,Bundesliga,4
2693,Marius Wolf,21,649,1,1.6266599986702204,0,1.3149926960468292,11,8,2,0,D F M S,Augsburg,1,1.6266599986702204,2.103625424206257,0.8382682455703616,Bundesliga,6
5231,Florian Kainz,11,216,1,0.9068572148680688,0,0.2105759941041469,7,6,0,0,M S,FC Cologne,1,0.9068572148680688,1.876890242099762,1.0054945424199104,Bundesliga,2
5243,Dayotchanculle Upamecano,20,1522,1,0.8303499147295952,1,1.1221991032361984,8,9,3,0,D S,Bayern Munich,1,0.8303499147295952,10.366308636963367,9.8771363645792,Bundesliga,0
5248,Marcel Sabitzer,18,1194,1,1.0127577241510153,2,1.698750525712967,17,9,2,0,M S,Borussia Dortmund,1,1.0127577241510153,4.636145263910294,2.5048743300139904,Bundesliga,12
5250,Yussuf Poulsen,12,263,1,0.6910383813083172,0,0.2802915424108505,7,2,4,0,F S,Hamburger SV,1,0.6910383813083172,1.4643554873764515,0.6537210661917925,Bundesliga,2
5257,Willi Orban,25,2232,1,3.053093391470611,0,0.5378690548241138,18,6,3,0,D,RasenBallsport Leipzig,1,3.053093391470611,12.008474983274937,11.603371359407902,Bundesliga,21
5340,Marco Friedl,23,2035,1,0.729124104604125,0,0.2931987326592207,8,5,7,0,D,Werder Bremen,1,0.729124104604125,4.705696474760771,4.467203754931688,Bundesliga,18
5347,Jonas Föhrenbach,19,1660,1,0.5712428074330091,1,2.2328514009714127,5,21,3,0,D M S,FC Heidenheim,1,0.5712428074330091,3.3635616889223456,2.2278391337022185,Bundesliga,18
6436,Stanley N&#039;Soki,10,627,1,0.1332546882331371,1,0.1382483132183551,3,2,2,0,D S,Union Berlin,1,0.1332546882331371,0.9316926449537276,0.8767539486289024,Bundesliga,0
6475,Lucas Höler,24,1481,1,3.1133110281080008,1,1.3486025109887123,20,17,1,0,F M S,Freiburg,1,3.1133110281080008,5.626107854768634,1.888295840471983,Bundesliga,7
6626,Joshua Vagnoman,21,1422,1,3.556872447952628,3,2.121924228966236,19,16,3,0,D M S,VfB Stuttgart,1,3.556872447952628,7.548987561836839,3.170874636620283,Bundesliga,0
6708,Bote Baku,23,1819,1,1.934457380324602,3,4.053299985826016,22,28,3,0,D S,RasenBallsport Leipzig,1,1.934457380324602,13.23893440887332,10.892291840165854,Bundesliga,0
7410,Andras Schafer,21,989,1,1.257767677307129,0,0.203364759683609,20,3,2,1,M S,Union Berlin,1,1.257767677307129,3.09367448836565,1.8487412575632332,Bundesliga,18
7742,Valentin Gendrey,8,38,1,0.3482030779123306,1,0.72549694404006,2,3,0,0,S,Hoffenheim,1,0.3482030779123306,1.073700025677681,0.0,Bundesliga,0
7743,Pereira Lage,23,1648,1,4.0671067126095295,2,1.5604182817041874,36,23,2,0,F M S,St. Pauli,1,4.0671067126095295,6.47194697894156,2.0034782383590937,Bundesliga,0
7877,Robert Andrich,24,1858,1,0.5138549096882343,0,0.3416437162086367,5,8,3,1,D M S,Bayer Leverkusen,1,0.5138549096882343,10.151745788753033,9.960265912115574,Bundesliga,23
7882,Sheraldo Becker,5,242,1,0.8838137947022915,0,1.459643628448248,6,6,1,0,F S,Mainz 05,1,0.8838137947022915,2.877929020673037,0.573269747197628,Bundesliga,1
7934,Andreas Skov Olsen,8,365,1,0.1957429936155676,0,0.8937978446483612,7,7,1,0,M S,Wolfsburg,1,0.1957429936155676,2.4187796115875244,1.530781688168645,Bundesliga,1
7940,Denis Vavro,10,548,1,1.2191346790641546,0,0.0753465816378593,6,2,1,0,D S,Wolfsburg,1,1.2191346790641546,0.2066112784668803,0.089572655968368,Bundesliga,4
8418,Jamal Musiala,8,278,1,1.7908645644783974,2,0.4844855815172195,13,7,1,0,M S,Bayern Munich,0,1.033087857067585,2.66810505092144,1.3348834216594696,Bundesliga,2
8643,Chrislain Matsima,14,1260,1,0.5306734442710876,1,0.5844853427261114,6,4,5,0,D,Augsburg,1,0.5306734442710876,2.1105283880606294,2.0164342606440187,Bundesliga,9
8778,Fabio Silva,19,552,1,1.3864562008529902,5,2.1485821530222893,16,15,3,0,F M S,Borussia Dortmund,1,1.3864562008529902,4.122356036677957,1.2083331122994423,Bundesliga,2
8807,Silas Wamangituka,8,346,1,2.3329260647296906,0,0.1923276670277118,8,3,1,0,F S,Mainz 05,1,2.3329260647296906,2.63218654692173,0.1207570396363735,Bundesliga,0
8846,Paul Nebel,21,1312,1,2.720905490219593,1,3.581688106060028,18,28,2,2,M S,Mainz 05,1,2.720905490219593,7.202463585883379,1.7141511775553226,Bundesliga,21
8965,Vladimir Coufal,25,2248,1,0.7051693461835384,6,5.299426520243287,19,43,3,0,D M,Hoffenheim,1,0.7051693461835384,11.90320111066103,8.758355878293514,Bundesliga,27
9053,Eric Martel,24,1953,1,0.7946966923773289,2,1.9853009302169085,12,13,8,0,D M S,FC Cologne,1,0.7946966923773289,6.806824695318937,5.539876397699118,Bundesliga,20
9201,Eren Sami Dinkci,14,699,1,1.336973799392581,1,0.4658433906733989,14,5,1,0,F M S,"FC Heidenheim,Freiburg",1,1.336973799392581,2.530440144240856,1.182503655552864,Bundesliga,0
9326,Robert Glatzel,14,267,1,1.2580250706523657,1,0.7814078666269779,9,3,0,0,F S,Hamburger SV,1,1.2580250706523657,2.0547417607158422,0.0496193803846836,Bundesliga,0
9511,Castello Lukeba,20,1716,1,0.8754018917679787,0,0.2401187624782323,7,6,2,0,D S,RasenBallsport Leipzig,1,0.8754018917679787,10.842436553910376,10.677850756794214,Bundesliga,9
9674,Joe Scally,23,1822,1,2.498599768616259,2,1.1520194057375193,13,11,6,0,D S,Borussia M.Gladbach,1,2.498599768616259,7.464866290800273,5.19472880102694,Bundesliga,17
9711,Patrick Osterhage,19,1189,1,1.2812672033905983,0,0.3329730369150638,7,6,4,0,M S,Freiburg,1,1.2812672033905983,3.087803818285465,1.5657243579626083,Bundesliga,7
9715,Hiroki Ito,10,475,1,1.4641361720860004,2,0.598396485671401,9,4,0,0,D S,Bayern Munich,1,1.4641361720860004,2.474739149212837,1.6707735359668732,Bundesliga,0
9725,Angelo Stiller,25,1964,1,2.377443220466376,5,3.956338877789676,9,39,1,0,M S,VfB Stuttgart,1,1.619666513055563,13.86167772486806,10.5093391276896,Bundesliga,13
9943,Moritz Jenz,17,1523,1,0.6638292074203491,0,0.068161042407155,5,2,6,0,D,Wolfsburg,1,0.6638292074203491,2.65349496435374,2.585333921946585,Bundesliga,20
9986,Kristijan Jakic,20,1396,1,0.6195719381794333,1,1.2415047977119684,14,12,4,0,D M S,Augsburg,1,0.6195719381794333,3.979399566538632,3.0106421457603574,Bundesliga,23
9999,Arthur Theate,19,1705,1,1.006389000453055,0,0.4315696712583303,10,10,8,0,D,Eintracht Frankfurt,1,1.006389000453055,8.405279777944088,7.533075377345085,Bundesliga,17
10248,Arijon Ibrahimovic,24,1791,1,4.984565822407603,2,3.958481499925256,41,44,1,0,D F M S,FC Heidenheim,0,4.2267891597002745,8.005256064236164,2.3165931636467576,Bundesliga,15
10550,Tom Rothe,12,524,1,1.2419252768158913,0,0.5258037000894547,11,4,1,1,D S,Union Berlin,1,1.2419252768158913,0.723926804959774,0.3344860449433326,Bundesliga,8
10728,Oscar Fraulo,4,30,1,0.7350285053253174,0,0.0,1,0,0,0,S,Borussia M.Gladbach,1,0.7350285053253174,0.8669984638690948,0.1319699585437774,Bundesliga,0
10926,Tim Skarke,15,365,1,0.829885913990438,0,0.225022867321968,12,5,0,0,M S,Union Berlin,1,0.829885913990438,1.652050326578319,0.6663845106959343,Bundesliga,1
10946,Yan Couto,16,979,1,0.5621986016631126,2,2.849770877510309,8,17,4,0,D M S,Borussia Dortmund,1,0.5621986016631126,6.485835496336222,4.392777647823095,Bundesliga,15
10986,Kim Min-Jae,17,1050,1,0.5455472841858864,1,0.3288537859916687,2,1,1,0,D S,Bayern Munich,1,0.5455472841858864,8.839638411998749,8.51078463345766,Bundesliga,12
11310,Brajan Gruda,5,398,1,0.8853608071804047,1,1.4605691079050305,8,7,0,0,F M,RasenBallsport Leipzig,1,0.8853608071804047,3.431743361055851,2.205330803990364,Bundesliga,5
11314,Keke Maximilian Topp,19,569,1,1.86510019749403,1,0.8194394214078784,23,8,4,0,F S,Werder Bremen,1,1.86510019749403,4.549439191818237,2.0922563280910254,Bundesliga,0
11847,Grant-Leon Ranos,8,89,1,0.5348599851131439,0,0.08121008425951,4,1,1,0,S,Borussia M.Gladbach,1,0.5348599851131439,0.5956991165876389,0.0572183914482593,Bundesliga,0
11853,Patrick Mainka,25,2250,1,2.2547851968556643,1,1.0566893704235554,26,8,2,0,D,FC Heidenheim,1,2.2547851968556643,6.233391349203885,5.431526974774897,Bundesliga,25
11855,Adrian Beck,19,757,1,0.9175612106919288,0,0.831146102398634,10,13,0,0,M S,FC Heidenheim,1,0.9175612106919288,3.989356901496649,3.012880688533187,Bundesliga,15
11865,Jan Schöppner,23,1609,1,0.9587472081184388,1,1.8314158990979197,19,8,4,0,M S,FC Heidenheim,1,0.9587472081184388,4.460523874498904,2.6393486438319087,Bundesliga,9
11868,Arthur,16,1059,1,1.1891322792507708,3,1.0827199164777994,10,11,2,0,D S,Bayer Leverkusen,1,1.1891322792507708,6.28209662437439,5.07703934982419,Bundesliga,11
11911,Hugo Larsson,18,1241,1,0.7868060655891895,2,0.7942090816795826,7,11,0,0,M S,Eintracht Frankfurt,1,0.7868060655891895,3.495915308594704,2.4736260399222374,Bundesliga,8
11981,Benedict Hollerbach,14,903,1,2.9790893960744143,2,1.8817622810602188,22,4,0,0,F M S,Mainz 05,1,2.9790893960744143,4.888501934707165,1.3094587735831738,Bundesliga,8
11982,Jan-Niklas Beste,19,1303,1,2.619274716824293,2,2.845423709601164,19,28,5,0,M S,Freiburg,1,2.619274716824293,7.988264374434948,4.27403961867094,Bundesliga,16
12028,Olivier Deman,7,441,1,0.2021998912096023,1,0.6734842211008072,4,11,2,0,D S,Werder Bremen,1,0.2021998912096023,1.90803824365139,1.5335748940706253,Bundesliga,9
12053,Mikkel Kaufmann,13,481,1,1.3755719233304262,1,1.2740651369094849,11,4,2,0,F S,FC Heidenheim,1,1.3755719233304262,1.855810442939401,0.1093794852495193,Bundesliga,2
12069,Junior Adamu,9,456,1,1.7867614552378654,1,1.2455768771469593,8,5,1,0,F S,Freiburg,1,1.7867614552378654,2.3196257650852203,0.8252495266497135,Bundesliga,6
12421,Andrej Ilic,23,1568,1,7.439582919701934,7,3.6314858850091696,46,23,5,0,F S,Union Berlin,1,6.681806242093444,9.666337056085467,1.5187868028879166,Bundesliga,2
12430,Nnamdi Collins,21,1333,1,0.3293054718524217,2,0.4561577998101711,2,3,4,0,D S,Eintracht Frankfurt,1,0.3293054718524217,6.696701098233461,5.911237806081772,Bundesliga,35
12915,Philipp Sander,21,1668,1,0.7266651364043355,0,0.5149502623826265,20,7,1,0,D M S,Borussia M.Gladbach,1,0.7266651364043355,6.128422413021326,5.704667408019304,Bundesliga,34
12918,Kaishu Sano,25,2250,1,0.9354512095451356,1,2.1474473271518946,14,16,1,0,M,Mainz 05,1,0.9354512095451356,8.395560428500175,6.290810726583004,Bundesliga,25
12922,Samuel Essende,14,361,1,1.4566263109445572,0,0.4276743633672595,17,4,2,0,F S,Augsburg,1,1.4566263109445572,1.6914420491084456,0.1369437035173177,Bundesliga,2
12976,Philipp Treu,21,1632,1,0.8213051743805408,2,1.2740949299186468,12,16,2,0,D M S,Freiburg,1,0.8213051743805408,5.498998669907451,3.747722378000617,Bundesliga,20
12981,Manolis Saliakas,15,1028,1,0.4634962249547243,3,0.8794334591366351,14,11,2,0,D M S,St. Pauli,1,0.4634962249547243,2.775693520903588,1.7787759266793728,Bundesliga,16
12984,Adam Dzwigala,15,1025,1,0.11038838326931,1,0.1910289954394102,2,4,5,0,D S,St. Pauli,1,0.11038838326931,1.4802302103489635,1.3864069040864706,Bundesliga,0
12986,Léo Scienza,2,180,1,0.1424524337053299,0,1.3223831057548523,4,3,0,0,M,FC Heidenheim,1,0.1424524337053299,1.1770203709602356,0.7020066827535629,Bundesliga,2
13063,Konstantinos Koulierakis,21,1756,1,2.315596966072917,0,0.8804963985458016,20,7,3,0,D S,Wolfsburg,1,2.315596966072917,5.263719405978918,4.91616400051862,Bundesliga,11
13078,Chema Andres,17,857,1,0.9713077396154404,0,0.3122939420863986,10,9,2,0,M S,VfB Stuttgart,1,0.9713077396154404,4.536439774557948,3.91104169562459,Bundesliga,0
13093,Derrick Köhn,23,1525,1,1.7989412536844611,1,2.0926236361265182,20,19,3,1,D S,Union Berlin,0,1.0411645537242291,3.176364306360483,2.2163941226899624,Bundesliga,16
13101,Arthur Chaves,8,552,1,0.3211237601935863,0,0.1139893094077706,4,3,1,0,D S,"Augsburg,Hoffenheim",1,0.3211237601935863,1.0102861113846302,0.8829917311668396,Bundesliga,5
13149,Noahkai Banks,21,1669,1,1.230864397250116,1,0.9259122600778936,9,7,8,0,D S,Augsburg,1,1.230864397250116,4.67238808516413,3.652678309008479,Bundesliga,25
13291,Patrice Covic,12,247,1,1.0033372417092323,0,0.8966681715101004,4,3,1,0,M S,Werder Bremen,1,1.0033372417092323,2.320590054616332,0.9988305773586036,Bundesliga,2
13323,Budu Zivzivadze,11,504,1,2.4931090250611305,0,0.1346346363425254,12,3,1,1,F S,FC Heidenheim,1,2.4931090250611305,2.600946843624115,0.2541569769382477,Bundesliga,3
13325,James Sands,24,1957,1,0.8688814658671618,0,0.9661839380860328,16,10,4,0,M S,St. Pauli,1,0.8688814658671618,4.826324421912432,3.583524534478784,Bundesliga,22
13442,Tidiam Gomis,15,284,1,0.6109884418547153,0,0.0914764404296875,9,2,0,0,F S,RasenBallsport Leipzig,1,0.6109884418547153,1.1899214703589678,0.7072353083640337,Bundesliga,2
13460,Aaron Anselmino,6,368,1,0.054409060627222,0,0.0,1,0,0,0,D S,Borussia Dortmund,1,0.054409060627222,1.099787350744009,1.099787350744009,Bundesliga,8
13496,Karim Coulibaly,21,1741,1,1.1301267184317112,0,0.1730191968381405,6,6,3,1,D S,Werder Bremen,1,1.1301267184317112,3.641913333907723,3.427487688139081,Bundesliga,0
13862,Adam Kölle,6,73,1,1.0184025764465332,0,0.0353274457156658,3,1,1,0,S,FC Heidenheim,1,1.0184025764465332,0.1584107019007206,0.0353274457156658,Bundesliga,1
13883,Joel Chima Fujita,24,2050,1,0.9803694700822234,3,4.147791106253862,25,26,4,0,F M S,St. Pauli,1,0.9803694700822234,7.873474052175879,3.514122961089015,Bundesliga,0
13884,Louis Oppie,18,1396,1,1.0752846989780664,0,0.5787495374679565,14,6,0,0,D M S,St. Pauli,1,1.0752846989780664,3.405476523563266,1.948101980611682,Bundesliga,14
13910,Ísak Bergmann Jóhannesson,23,1293,1,1.0361140705645084,1,1.660576542839408,7,21,3,0,M S,FC Cologne,1,1.0361140705645084,5.362753104418516,3.7444868329912415,Bundesliga,0
13919,Jens Castrop,20,1127,1,2.449128821492195,0,1.0208190381526947,18,10,1,1,D M S,Borussia M.Gladbach,1,2.449128821492195,5.64378647133708,3.179532887414098,Bundesliga,0
13923,Nicolás Capaldo,20,1566,1,1.8536334233358505,1,1.182098973542452,16,11,6,0,D M S,Hamburger SV,1,1.8536334233358505,4.72983792424202,2.2836542204022408,Bundesliga,33
13973,Albian Hajdari,22,1827,1,1.7636657785624266,1,0.7322525791823864,13,5,8,0,D S,Hoffenheim,1,1.7636657785624266,6.544172551482916,5.831630531698465,Bundesliga,30
13974,Isaac Schmidt,15,519,1,0.5034690070897341,0,0.4418418137356639,4,8,2,0,D S,Werder Bremen,1,0.5034690070897341,2.966428115963936,2.2003655172884464,Bundesliga,7
14123,Wael Mohya,9,211,1,0.7601378746330738,0,0.0889873281121254,6,2,0,0,M S,Borussia M.Gladbach,1,0.7601378746330738,0.9941468201577665,0.7457437813282013,Bundesliga,3
14126,Montrell Culbreath,3,107,1,1.1108119487762451,0,0.1258594468235969,2,2,0,0,D S,Bayer Leverkusen,1,1.1108119487762451,1.7658798694610596,0.5292084515094757,Bundesliga,1
14187,Kacper Potulski,10,757,1,1.5141763016581535,0,0.6171241998672485,9,2,3,0,D S,Mainz 05,1,1.5141763016581535,0.9754866026341916,0.790895925834775,Bundesliga,9
14329,Younes Ebnoutalib,2,109,1,0.4411657452583313,0,0.1448395550251007,3,2,0,0,F,Eintracht Frankfurt,1,0.4411657452583313,0.6283156871795654,0.093784675002098,Bundesliga,0
14371,Kento Shiogai,7,252,1,1.8243667632341385,0,0.0,8,0,1,0,M S,Wolfsburg,1,1.8243667632341385,2.1521745063364506,0.3278077468276024,Bundesliga,4
65,Timo Werner,3,11,0,0.0,0,0.0,0,0,0,0,S,RasenBallsport Leipzig,0,0.0,0.0475450567901134,0.0475450567901134,Bundesliga,0
73,Oliver Baumann,25,2250,0,0.0,0,0.0,0,0,1,0,GK,Hoffenheim,0,0.0,4.315003123134375,4.315003123134375,Bundesliga,0
75,Niklas Süle,9,445,0,0.0335541702806949,1,0.2960160970687866,2,2,3,0,D S,Borussia Dortmund,0,0.0335541702806949,2.3257176280021667,2.232322722673416,Bundesliga,4
126,Michael Zetterer,13,1166,0,0.0,0,0.0,0,0,0,0,GK S,Eintracht Frankfurt,0,0.0,2.643719010055065,2.643719010055065,Bundesliga,0
129,Dominique Heintz,8,380,0,0.0,0,0.0753370970487594,0,1,0,0,D S,FC Cologne,0,0.0,0.7893091775476933,0.7139720823615789,Bundesliga,1
188,Kevin Kampl,3,3,0,0.0,0,0.0,0,0,0,0,S,RasenBallsport Leipzig,0,0.0,0.0,0.0,Bundesliga,0
212,Nico Elvedi,25,2250,0,0.3239464024081826,0,0.2325419466942548,8,8,2,0,D,Borussia M.Gladbach,0,0.3239464024081826,5.843360116705298,5.572623258456588,Bundesliga,26
217,Manuel Neuer,19,1627,0,0.0,0,0.0,0,0,0,0,GK,Bayern Munich,0,0.0,6.513114988803864,6.513114988803864,Bundesliga,0
239,Pascal Groß,11,619,0,0.8347828388214111,1,1.3404343351721764,8,11,0,0,M S,Borussia Dortmund,0,0.8347828388214111,4.495197154581547,3.2702609561383724,Bundesliga,9
262,Leonardo Bittencourt,11,241,0,0.0518050463870167,1,0.8143045287579298,3,4,2,0,M S,Werder Bremen,0,0.0518050463870167,2.016097662970424,1.8780897557735443,Bundesliga,3
326,Pascal Stenzel,2,114,0,0.1592021947726607,0,0.0,3,0,2,0,D,VfB Stuttgart,0,0.1592021947726607,0.2664077952504158,0.1181570217013359,Bundesliga,0
370,Marvin Friedrich,5,143,0,0.0,0,0.0,0,0,0,0,D S,Borussia M.Gladbach,0,0.0,0.1576896496117115,0.1576896496117115,Bundesliga,3
418,Niklas Stark,11,591,0,0.5795709788799286,0,0.0,3,0,4,2,D S,Werder Bremen,0,0.5795709788799286,0.4512885939329862,0.4041371922940016,Bundesliga,9
422,Mario Götze,18,763,0,0.4346178546547889,0,2.1469478961080317,5,12,1,0,M S,Eintracht Frankfurt,0,0.4346178546547889,3.6924081183969975,2.432892058044672,Bundesliga,6
435,Benjamin Henrichs,8,176,0,0.1204071678221225,0,0.0504147335886955,3,2,0,0,D S,RasenBallsport Leipzig,0,0.1204071678221225,1.734807789325714,1.6132799834012983,Bundesliga,4
449,Robin Zentner,9,788,0,0.0,0,0.0,0,0,2,1,GK,Mainz 05,0,0.0,0.6503688618540764,0.6503688618540764,Bundesliga,0
2611,Philipp Lienhart,12,904,0,0.8052568137645721,0,0.1208541914820671,5,3,2,1,D S,Freiburg,0,0.8052568137645721,4.039544573053718,4.009935459122062,Bundesliga,8
2639,Alexander Nübel,25,2250,0,0.0,1,0.2837728001177311,0,3,0,0,GK,VfB Stuttgart,0,0.0,5.396515307947993,5.302169723436236,Bundesliga,0
2665,Jeffrey Gouweleeuw,5,364,0,0.10657917894423,0,0.1510195862501859,2,2,2,0,D S,Augsburg,0,0.10657917894423,0.3490478117018938,0.3490478117018938,Bundesliga,6
3314,Franck Honorat,19,1460,0,0.7587277591228485,5,5.383217018097639,14,36,0,0,F M S,Borussia M.Gladbach,0,0.7587277591228485,6.965204901993275,2.616268552839756,Bundesliga,8
3347,Ellyes Skhiri,16,1025,0,0.5164884962141514,0,0.2419943269342184,5,5,0,1,D M S,Eintracht Frankfurt,0,0.5164884962141514,4.589837914332748,4.219576023519039,Bundesliga,2
4243,Christian Günter,18,1153,0,0.3666337914764881,3,2.128081800416112,8,17,2,0,D S,Freiburg,0,0.3666337914764881,5.127370664849877,3.3151133228093386,Bundesliga,6
4250,Nicolas Höfler,7,57,0,0.0748036932200193,0,0.0,2,0,0,0,S,Freiburg,0,0.0748036932200193,0.3612342774868011,0.3612342774868011,Bundesliga,1
4271,Janik Haberer,22,1248,0,0.6165919480845332,1,1.2551482021808624,11,17,8,0,D M S,Union Berlin,0,0.6165919480845332,2.0093401558697224,1.0764052346348765,Bundesliga,12
4312,Marnon Busch,21,1228,0,0.3956727841868996,2,1.7532516811043024,6,12,2,0,D M S,FC Heidenheim,0,0.3956727841868996,3.063740450888872,1.830186791718006,Bundesliga,14
4313,Janis Blaswich,9,748,0,0.0,0,0.0981956124305725,0,2,0,0,GK S,Bayer Leverkusen,0,0.0,0.837878879159689,0.7396832667291164,Bundesliga,0
4376,Marvin Schwäbe,25,2250,0,0.0,0,0.3641906082630157,0,1,0,0,GK,FC Cologne,0,0.0,4.63747551292181,4.273284874856472,Bundesliga,1
5217,Anthony Jung,10,473,0,0.036658052355051,0,0.2152542881667614,1,3,2,0,D S,Freiburg,0,0.036658052355051,1.2904653549194336,1.1594009175896645,Bundesliga,0
5225,Bakery Jatta,11,705,0,0.6220819428563118,1,0.230380680412054,6,4,0,0,D M S,Hamburger SV,0,0.6220819428563118,2.010330952703953,1.249783547595143,Bundesliga,6
5238,Jordan Torunarigha,16,1257,0,0.0844378508627414,0,0.069170206785202,3,1,1,0,D S,Hamburger SV,0,0.0844378508627414,1.3918128167279065,1.3740961705334485,Bundesliga,15
5241,Péter Gulácsi,22,1918,0,0.0,0,0.0,0,0,1,0,GK,RasenBallsport Leipzig,0,0.0,5.763753607869148,5.763753607869148,Bundesliga,0
5245,Bernardo,20,1696,0,0.2989596705883741,0,0.2751814089715481,7,6,6,0,D S,Hoffenheim,0,0.2989596705883741,5.098109699785709,4.88246912881732,Bundesliga,33
5283,Daniel Heuer Fernandes,25,2250,0,0.1280906349420547,0,0.0,1,0,3,0,GK,Hamburger SV,0,0.1280906349420547,3.893504455685616,3.893504455685616,Bundesliga,0
5288,Gregor Kobel,25,2250,0,0.0,0,0.0,0,0,2,0,GK,Borussia Dortmund,0,0.0,4.282162766903639,4.282162766903639,Bundesliga,0
5294,Salih Özcan,7,19,0,0.1352226883172989,0,0.0,1,0,0,0,S,Borussia Dortmund,0,0.1352226883172989,0.6293506138026714,0.4941279254853725,Bundesliga,0
5298,Arne Maier,1,1,0,0.0,0,0.0,0,0,0,0,S,Augsburg,0,0.0,0.0,0.0,Bundesliga,1
5329,Stefan Posch,7,630,0,0.0867373859509825,0,0.2621008791029453,3,4,4,0,D,Mainz 05,0,0.0867373859509825,1.6892310120165348,1.5640542097389698,Bundesliga,9
5346,Jonas Meffert,4,134,0,0.0,0,0.127674862742424,0,2,0,0,M S,Hamburger SV,0,0.0,0.3951718807220459,0.2674970142543316,Bundesliga,3
5358,Lukas Klostermann,4,4,0,0.0434345714747905,0,0.0341086499392986,1,1,0,0,S,RasenBallsport Leipzig,0,0.0434345714747905,0.1144037880003452,0.036860566586256,Bundesliga,0
5684,Arnaud Nordin,13,468,0,0.7219278290867805,0,0.140843529254198,13,2,0,0,D F M S,Mainz 05,0,0.7219278290867805,1.0664126202464104,0.3882246594876051,Bundesliga,6
6103,Dan-Axel Zagadou,2,168,0,0.2628228142857551,0,0.0886286199092865,5,1,0,0,D,VfB Stuttgart,0,0.2628228142857551,0.2737665325403213,0.0841297376900911,Bundesliga,4
6142,Tim Kleindienst,2,2,0,0.0,0,0.0,0,0,0,0,S,Borussia M.Gladbach,0,0.0,0.0,0.0,Bundesliga,0
6271,Ihlas Bebou,14,118,0,0.6424789670854807,0,0.9731176495552064,5,2,1,0,S,Hoffenheim,0,0.6424789670854807,2.144814359024167,0.5521665941923857,Bundesliga,1
6321,Moritz Nicolas,25,2250,0,0.0,0,0.3480205573141575,0,2,0,0,GK,Borussia M.Gladbach,0,0.0,3.6725423391908407,3.324521785601973,Bundesliga,1
6327,Kevin Akpoguma,5,31,0,0.0,0,0.0,0,0,0,1,D S,Hoffenheim,0,0.0,0.0843718722462654,0.0843718722462654,Bundesliga,1
6351,Robin Hack,4,247,0,0.4066634960472584,0,0.7818083986639977,8,10,0,0,M S,Borussia M.Gladbach,0,0.4066634960472584,1.0721221566200256,0.2032607682049274,Bundesliga,1
6380,Anthony Caci,4,323,0,0.2283672168850898,0,0.3791453465819359,5,6,1,0,D,Mainz 05,0,0.2283672168850898,1.42956180870533,0.973144143819809,Bundesliga,3
6403,Timo Hübers,8,681,0,0.0,0,0.0,0,0,0,0,D,FC Cologne,0,0.0,2.0205610003322363,2.0205610003322363,Bundesliga,9
6411,Niklas Dorsch,23,1624,0,0.5254327058792114,0,1.6156874634325504,13,17,1,0,M S,FC Heidenheim,0,0.5254327058792114,6.168968423269689,5.817862402647734,Bundesliga,24
6596,Finn Dahmen,25,2250,0,0.6633901596069336,0,0.2268968354910612,1,3,1,0,GK,Augsburg,0,0.6633901596069336,3.0856982562690973,2.858801394701004,Bundesliga,0
7047,Mark Flekken,17,1502,0,0.0,0,0.0720671415328979,0,1,1,0,GK,Bayer Leverkusen,0,0.0,3.433258520439267,3.361191378906369,Bundesliga,0
7048,Frederik Rönnow,25,2250,0,0.0,0,0.0186647586524486,0,1,2,0,GK,Union Berlin,0,0.0,1.6325544249266386,1.61388966627419,Bundesliga,0
7058,Kevin Stöger,20,766,0,1.5603513345122335,1,1.6854710979387164,11,19,2,0,M S,Borussia M.Gladbach,0,0.8025746569037437,3.45511525310576,2.2821246534585957,Bundesliga,12
7065,Florian Neuhaus,15,907,0,1.018887719605118,1,0.917197622358799,21,7,0,0,F M S,Borussia M.Gladbach,0,1.018887719605118,4.297209437936544,3.209874842315912,Bundesliga,7
7106,Philipp Mwene,20,1385,0,0.8796208277344704,0,0.6747070960700512,6,11,3,0,D S,Mainz 05,0,0.8796208277344704,4.685247875750065,3.8975356370210648,Bundesliga,0
7320,Amos Pieper,12,963,0,0.3870185147970915,0,0.0697134993970394,8,2,3,0,D,Werder Bremen,0,0.3870185147970915,1.5727646313607693,1.5390255972743034,Bundesliga,17
7345,Alphonso Davies,8,354,0,0.1038190051913261,1,0.2539216466248035,2,4,1,0,D S,Bayern Munich,0,0.1038190051913261,3.30828352086246,3.1293214708566666,Bundesliga,6
7401,Keven Schlotterbeck,20,1743,0,1.3001904971897602,1,0.9451890103518964,12,11,4,1,D S,Augsburg,0,0.5424138195812702,4.9329151250422,4.590608859434724,Bundesliga,18
7511,Sacha Boey,9,458,0,0.3924324251711368,0,0.1832207404077053,6,4,1,0,D S,Bayern Munich,0,0.3924324251711368,2.850109562277794,2.335632123053074,Bundesliga,4
7809,Mads Pedersen,6,156,0,0.1134156677871942,0,0.0967171750962734,2,3,0,0,D S,Augsburg,0,0.1134156677871942,0.8111366927623749,0.6741721704602242,Bundesliga,2
7867,Robert Skov,3,236,0,0.0324681997299194,0,0.0800095424056053,1,1,0,0,D,Union Berlin,0,0.0324681997299194,0.3229803517460823,0.2905121520161629,Bundesliga,5
7875,Christopher Trimmel,22,1410,0,0.0431830435991287,2,3.1233262978494167,3,38,7,0,D S,Union Berlin,0,0.0431830435991287,3.569910105317831,2.7858481258153915,Bundesliga,19
7937,Julian Chabot,20,1709,0,1.0374979684129355,0,0.1932004112750291,15,4,3,0,D S,VfB Stuttgart,0,1.0374979684129355,9.293400447815657,9.055474992841482,Bundesliga,12
7997,Julian Ryerson,22,1499,0,0.5392383337020874,11,6.469990607351065,8,35,5,0,D S,Borussia Dortmund,0,0.5392383337020874,8.784688783809543,6.604233404621482,Bundesliga,16
8017,Alex Kral,15,237,0,0.1854181811213493,0,0.272127328440547,4,4,1,0,M S,Union Berlin,0,0.1854181811213493,0.5952564384788275,0.2309590633958578,Bundesliga,4
8092,Tom Krauß,21,1460,0,0.3744152411818504,1,1.093264289200306,8,12,4,0,D M S,FC Cologne,0,0.3744152411818504,6.195061285048723,5.170497514307499,Bundesliga,36
8117,Nick Woltemade,1,90,0,0.0,0,0.3476715981960296,0,1,0,0,M,VfB Stuttgart,0,0.0,0.5924015045166016,0.2447298914194107,Bundesliga,10
8191,Giovanni Reyna,13,384,0,0.2386414017528295,0,0.724905208684504,5,6,1,0,M S,Borussia M.Gladbach,0,0.2386414017528295,1.977822589688003,1.166794586926699,Bundesliga,0
8206,Yannik Keitel,4,164,0,0.0,0,0.0,0,0,2,0,D S,Augsburg,0,0.0,0.5297181829810143,0.5297181829810143,Bundesliga,3
8325,Exequiel Palacios,9,358,0,0.1595207378268242,0,0.1271729543805122,4,3,2,0,M S,Bayer Leverkusen,0,0.1595207378268242,1.5299425348639488,1.2980726435780523,Bundesliga,5
8396,Jessic Ngankam,3,50,0,0.0,0,0.0,0,0,0,0,S,Eintracht Frankfurt,0,0.0,0.0,0.0,Bundesliga,0
8401,Luca Netz,15,937,0,0.0383716374635696,2,2.432344384491444,2,10,1,0,D S,Borussia M.Gladbach,0,0.0383716374635696,3.802498570643365,3.305356069467962,Bundesliga,0
8405,Immanuel Pherai,6,19,0,0.0289674550294876,0,0.0,1,0,0,1,S,Hamburger SV,0,0.0289674550294876,0.1531147733330726,0.1531147733330726,Bundesliga,1
8456,Nathan Tella,10,457,0,1.0251940991729498,2,1.5962133891880512,8,11,2,0,D M S,Bayer Leverkusen,0,1.0251940991729498,3.0434862449765205,0.5327712595462799,Bundesliga,3
8665,Loic Bade,19,1382,0,0.923286280594766,0,0.1378594860434532,9,2,5,0,D S,Bayer Leverkusen,0,0.923286280594766,7.993081346154213,7.930074080824852,Bundesliga,16
8700,Xavi Simons,1,90,0,0.0,0,0.029227266088128,0,1,0,0,M,RasenBallsport Leipzig,0,0.0,0.2565662562847137,0.2565662562847137,Bundesliga,16
8804,Felix Agu,8,583,0,0.0819280599243938,0,0.3944707084447145,2,6,1,0,D M S,Werder Bremen,0,0.0819280599243938,1.1533972900360825,0.8871688898652792,Bundesliga,12
8826,Rocco Reitz,24,2056,0,1.794164282269776,2,2.503136751241982,34,22,6,1,M,Borussia M.Gladbach,0,1.794164282269776,8.826596507802606,5.828545311465859,Bundesliga,31
8854,Tim Siersleben,14,1084,0,0.6296908538788557,0,0.1155702322721481,5,2,2,0,D S,FC Heidenheim,0,0.6296908538788557,1.3642809763550758,1.074270966462791,Bundesliga,16
8878,Atakan Karazor,23,1552,0,1.0594271700829268,0,1.5590059328824282,7,11,3,0,M S,VfB Stuttgart,0,1.0594271700829268,10.65574749559164,8.219819951802492,Bundesliga,21
8973,Lorenz Assignon,17,763,0,0.6411505760625005,0,0.5154435653239489,11,5,2,1,D S,VfB Stuttgart,0,0.6411505760625005,3.200249182060361,2.2989453598856926,Bundesliga,11
9015,Cenk Özkacar,16,976,0,0.6907666455954313,0,0.1350058726966381,7,3,1,0,D S,FC Cologne,0,0.6907666455954313,1.565757116302848,1.5106161516159773,Bundesliga,13
9182,Sepe Elye Wahi,10,309,0,1.0327077973634005,1,0.5964227598160505,7,4,1,0,F S,Eintracht Frankfurt,0,1.0327077973634005,1.7842910178005695,0.2781498059630394,Bundesliga,0
9233,Joakim Maehle,7,426,0,0.2560956738889217,1,1.2376080956310034,6,6,0,0,D M S,Wolfsburg,0,0.2560956738889217,2.196803868748248,1.353231593966484,Bundesliga,0
9491,Warmed Omari,11,807,0,0.0486505161970853,0,0.2393268104642629,2,5,0,0,D S,Hamburger SV,0,0.0486505161970853,1.6745710466057062,1.4037592522799969,Bundesliga,3
9537,William Mikelbrencis,19,863,0,1.19422544259578,2,1.2964942529797554,9,9,2,0,D S,Hamburger SV,0,1.19422544259578,3.0159328132867813,0.5772120356559753,Bundesliga,14
9629,El Chadaille Bitshiabu,7,343,0,0.0850628614425659,0,0.0289005115628242,1,1,0,0,D S,RasenBallsport Leipzig,0,0.0850628614425659,1.0037321671843529,1.0037321671843529,Bundesliga,2
9692,Karl Hein,2,180,0,0.0,0,0.0,0,0,0,0,GK,Werder Bremen,0,0.0,0.270400308072567,0.270400308072567,Bundesliga,0
9703,Maxim Leitsch,3,158,0,0.0245072413235902,0,0.0,1,0,0,0,D S,Mainz 05,0,0.0245072413235902,0.3597921729087829,0.3597921729087829,Bundesliga,1
9731,Guilherme Ramos,8,31,0,0.1210436820983886,0,0.0,1,0,0,0,S,Hamburger SV,0,0.1210436820983886,0.1867151726037264,0.1867151726037264,Bundesliga,0
9752,Jesper Lindstrom,8,164,0,0.8016742840409279,0,0.3260833658277988,6,3,2,0,M S,Wolfsburg,0,0.8016742840409279,1.5608838442713022,0.4956939499825239,Bundesliga,0
9753,Diant Ramaj,24,2160,0,0.0,0,0.0,0,0,1,0,GK,FC Heidenheim,0,0.0,3.085794443264604,3.085794443264604,Bundesliga,0
9766,Ismaël Gharbi,5,70,0,0.2259623706340789,0,0.0321240313351154,3,1,0,0,S,Augsburg,0,0.2259623706340789,0.1278797946870327,0.0604740791022777,Bundesliga,1
9776,Taichi Hara,2,21,0,0.2931467592716217,0,0.0,1,0,0,0,S,St. Pauli,0,0.2931467592716217,0.2931467592716217,0.0,Bundesliga,0
9786,Ben Bobzien,1,3,0,0.0,0,0.0,0,0,0,0,S,Mainz 05,0,0.0,0.2946255207061767,0.2946255207061767,Bundesliga,2
9861,Jonas Urbig,8,623,0,0.0,0,0.0,0,0,0,0,GK S,Bayern Munich,0,0.0,2.1676944345235825,2.1676944345235825,Bundesliga,0
9911,Piero Hincapié,1,90,0,0.5172572731971741,0,0.0,2,0,0,0,D,Bayer Leverkusen,0,0.5172572731971741,0.1158374845981597,0.056226696819067,Bundesliga,20
10071,Lennard Maloney,15,420,0,0.4786199890077114,0,0.0430457219481468,3,1,1,0,D M S,Mainz 05,0,0.4786199890077114,0.2473606681451201,0.2375268414616584,Bundesliga,8
10160,Noah Atubolu,25,2250,0,0.0,0,0.3081289026886225,0,2,0,0,GK,Freiburg,0,0.0,4.633554738014936,4.325425842776895,Bundesliga,0
10289,Tom Bischof,20,893,0,0.963580884039402,3,1.929701518267393,21,17,2,0,D M S,Bayern Munich,0,0.963580884039402,7.629138898104429,5.472293112426996,Bundesliga,12
10300,Jeanuël Belocian,13,733,0,0.4021025225520134,1,0.4648522362112999,3,4,1,0,D S,"Bayer Leverkusen,Wolfsburg",0,0.4021025225520134,2.420612253248692,1.6702500730752945,Bundesliga,5
10394,Jonas Wind,8,295,0,0.79832549020648,0,0.2141130343079567,6,4,1,0,F S,Wolfsburg,0,0.79832549020648,1.2379195280373096,0.2871855683624744,Bundesliga,0
10395,Kevin Paredes,5,145,0,0.0639815423637628,0,0.0430809929966926,2,1,1,0,M S,Wolfsburg,0,0.0639815423637628,0.6420955136418343,0.535032982006669,Bundesliga,3
10423,Lasse Rieß,4,290,0,0.0,0,0.0,0,0,0,0,GK S,Mainz 05,0,0.0,0.0500621423125267,0.0500621423125267,Bundesliga,0
10595,Umut Tohumcu,5,120,0,0.0893327984958887,0,0.0,2,0,2,0,M S,Hoffenheim,0,0.0893327984958887,0.231160482391715,0.2098498176783323,Bundesliga,1
10724,Diogo Leite,16,1387,0,0.7088444493710995,0,0.2034413367509842,9,3,2,0,D,Union Berlin,0,0.7088444493710995,2.30602696351707,2.183158976957202,Bundesliga,10
10730,Muhammed Damar,12,235,0,1.6952989846467972,0,0.9979460574686528,11,11,0,0,F M S,Hoffenheim,0,1.6952989846467972,3.0356374233961105,0.7359195481985807,Bundesliga,3
10771,Ben Seghir,7,186,0,0.0776483565568924,0,1.20674866437912,4,5,2,0,M S,Bayer Leverkusen,0,0.0776483565568924,1.4110177885740995,0.2302619591355323,Bundesliga,0
10774,Adam Hlozek,3,16,0,0.4251236915588379,0,0.0,1,0,0,0,S,Hoffenheim,0,0.4251236915588379,0.4251236915588379,0.0,Bundesliga,0
10832,Loïs Openda,2,54,0,0.1550452373921871,0,0.0519096367061138,3,1,0,0,F S,RasenBallsport Leipzig,0,0.1550452373921871,0.5808013305068016,0.5808013305068016,Bundesliga,0
10862,Tim Oermann,1,5,0,0.0,0,0.0,0,0,0,0,S,Bayer Leverkusen,0,0.0,0.0,0.0,Bundesliga,1
10872,Vinicius Souza,15,1023,0,0.0476770894601941,0,0.05738056730479,3,3,2,0,M S,Wolfsburg,0,0.0476770894601941,2.4296196959912777,2.3245620634406805,Bundesliga,19
11031,Kilian Fischer,11,801,0,0.0871237516403198,0,0.4677412435412407,2,3,0,0,D S,Wolfsburg,0,0.0871237516403198,1.9711496345698836,1.804927940480411,Bundesliga,13
11062,Badredine Bouanani,12,439,0,0.8921055234968662,0,0.5685664489865303,13,5,1,0,F M S,VfB Stuttgart,0,0.8921055234968662,3.8350113332271576,2.715110842138529,Bundesliga,3
11073,Fabio Chiarodia,9,401,0,0.3638808913528919,0,0.0,3,0,0,0,D S,Borussia M.Gladbach,0,0.3638808913528919,1.4691033121198416,1.438419807702303,Bundesliga,6
11074,Denis Huseinbasic,14,659,0,0.2053355174139142,0,0.2871539294719696,6,4,1,0,M S,FC Cologne,0,0.2053355174139142,1.702679993584752,1.3066352140158417,Bundesliga,9
11143,Nelson Weiper,16,432,0,2.417423754930496,0,0.3726081997156143,11,6,0,0,F S,Mainz 05,0,2.417423754930496,1.5316783264279366,0.2315837517380714,Bundesliga,1
11157,Sael Kumbedi,17,1268,0,0.0726029379293322,5,2.27492031827569,3,12,2,0,D S,Wolfsburg,0,0.0726029379293322,4.244600794278085,3.109677454456687,Bundesliga,21
11236,Aljoscha Kemlein,23,1537,0,0.8880526106804609,1,1.003186633810401,12,11,3,0,M S,Union Berlin,0,0.8880526106804609,4.669844100251794,3.2993398141115904,Bundesliga,21
11309,Andreas Hanche-Olsen,13,843,0,0.2357495911419391,1,0.709290836006403,6,3,3,0,D S,Mainz 05,0,0.2357495911419391,2.0370114482939243,1.2583506405353546,Bundesliga,5
11311,Aurélio Buta,4,131,0,0.0293444767594337,0,0.0767484679818153,1,1,1,0,D S,Eintracht Frankfurt,0,0.0293444767594337,0.2225238606333732,0.1457753926515579,Bundesliga,5
11331,Merlin Röhl,2,52,0,0.0,0,0.0,0,0,0,0,S,Freiburg,0,0.0,0.5478483885526657,0.5478483885526657,Bundesliga,9
11333,Josip Juranovic,5,172,0,0.0785263301804661,0,0.840107649564743,3,9,1,0,D S,Union Berlin,0,0.0785263301804661,0.3713396675884723,0.2180956080555915,Bundesliga,2
11411,Damion Downs,7,420,0,0.4918728657066822,0,0.7069971961900592,7,7,0,0,F S,Hamburger SV,0,0.4918728657066822,1.3340397626161575,0.1351697221398353,Bundesliga,2
11699,Ameen Al Dakhil,8,368,0,0.062562808394432,0,0.0814990736544132,1,2,1,0,D S,VfB Stuttgart,0,0.062562808394432,0.7323282063007355,0.717394694685936,Bundesliga,0
11835,Senne Lynen,24,2136,0,0.6801605997607112,0,1.0300580952316525,17,9,4,0,D M,Werder Bremen,0,0.6801605997607112,7.067757832817733,5.762676070444286,Bundesliga,18
11850,Cédric Zesiger,18,988,0,0.6333467923104763,0,0.3330515474081039,7,4,3,0,D S,Augsburg,0,0.6333467923104763,2.9030047710984945,2.5774850975722075,Bundesliga,15
11851,Václav Cerny,2,40,0,0.07103131711483,0,0.0,1,0,0,0,S,Wolfsburg,0,0.07103131711483,0.0934526398777961,0.0224213246256113,Bundesliga,0
11859,Omar Traoré,23,1381,0,0.4931065896525979,2,1.4571367260068655,9,13,2,0,D S,FC Heidenheim,0,0.4931065896525979,3.722583002410829,3.1695292480289936,Bundesliga,10
11864,Benedikt Gimber,18,1310,0,0.4965052902698517,0,0.2124537825584411,4,1,6,0,D S,FC Heidenheim,0,0.4965052902698517,1.8610922871157527,1.8014409644529223,Bundesliga,16
11867,Victor Boniface,11,309,0,0.908873425796628,2,1.0533378049731257,16,7,1,0,F S,Werder Bremen,0,0.908873425796628,2.354151902720332,0.713976114988327,Bundesliga,1
11871,Nicolas Seiwald,25,2145,0,1.291309569031,2,1.27629011310637,14,11,1,0,D M S,RasenBallsport Leipzig,0,1.291309569031,13.010459665209057,11.312813863158226,Bundesliga,28
11892,Leart Paqarada,1,6,0,0.0,0,0.0,0,0,0,0,D,FC Heidenheim,0,0.0,0.0,0.0,Bundesliga,0
11894,Max Finkgrafe,6,123,0,0.0908171087503433,0,0.0296374764293432,1,1,0,0,D S,RasenBallsport Leipzig,0,0.0908171087503433,1.4116878863424065,1.320870777592063,Bundesliga,4
11917,Mathias Honsak,21,1011,0,1.6635888684540987,0,1.288321679458022,25,8,1,0,F M S,FC Heidenheim,0,1.6635888684540987,4.32429688423872,1.9004238694906237,Bundesliga,10
11975,Leonidas Stergiou,4,144,0,0.0463435985147953,0,0.0,1,0,0,0,D S,"FC Heidenheim,VfB Stuttgart",0,0.0463435985147953,0.4933373257517814,0.4469937309622764,Bundesliga,1
11991,Lukas Ullrich,17,1087,0,0.4236779995262623,0,0.8623805642127991,8,13,2,0,D M S,Borussia M.Gladbach,0,0.4236779995262623,4.202314600348473,3.255977869033813,Bundesliga,11
12013,Skelly Alvero,2,23,0,0.0,0,0.0,0,0,0,0,S,Werder Bremen,0,0.0,0.0728349313139915,0.0728349313139915,Bundesliga,0
12023,Thomas Keller,4,193,0,0.054272930137813,0,0.0,2,0,1,0,D S,FC Heidenheim,0,0.054272930137813,0.123614870943129,0.1129664648324251,Bundesliga,1
12029,Daniel Batz,13,1170,0,0.0,0,0.0,0,0,1,0,GK,Mainz 05,0,0.0,1.9571021646261213,1.9571021646261213,Bundesliga,0
12070,Jordy Makengo,14,853,0,0.0,0,0.2132914252579212,0,3,1,0,D S,Freiburg,0,0.0,2.144743664190173,2.144743664190173,Bundesliga,8
12075,Kauã Santos,13,1084,0,0.0,0,0.0,0,0,0,0,GK,Eintracht Frankfurt,0,0.0,2.191868357360363,2.191868357360363,Bundesliga,1
12250,Elias Baum,2,23,0,0.0,0,0.0,0,0,0,0,S,Eintracht Frankfurt,0,0.0,0.0537132583558559,0.0537132583558559,Bundesliga,0
12314,Yannick Eduardo,1,1,0,0.0,0,0.0,0,0,0,0,S,Hoffenheim,0,0.0,0.0,0.0,Bundesliga,0
12360,Julián Malatini,10,451,0,0.0284452866762876,0,0.1550656594336033,2,2,3,0,D S,Werder Bremen,0,0.0284452866762876,1.295384829863906,1.235657211393118,Bundesliga,6
12431,Isak Hansen-Aaröen,1,1,0,0.0,0,0.0,0,0,0,0,S,Werder Bremen,0,0.0,0.0,0.0,Bundesliga,0
12494,Frank Feller,1,90,0,0.0,0,0.0,0,0,0,0,GK,FC Heidenheim,0,0.0,0.383578896522522,0.383578896522522,Bundesliga,0
12626,Max Rosenfelder,12,476,0,0.0172707736492156,0,0.0,1,0,0,0,D S,Freiburg,0,0.0172707736492156,0.7206106707453728,0.7206106707453728,Bundesliga,5
12761,Yukinari Sugawara,23,1940,0,1.574021994136274,4,1.344853151589632,27,12,1,0,D S,Werder Bremen,0,1.574021994136274,6.350958804599941,4.634982532821596,Bundesliga,12
12775,Kosta Nedeljkovic,5,251,0,0.0,0,0.0,0,0,0,0,D S,RasenBallsport Leipzig,0,0.0,0.3027626611292362,0.3027626611292362,Bundesliga,1
12919,Nikolas Veratschnig,15,399,0,0.1227049706503748,1,0.7393891476094723,3,3,2,0,D S,Mainz 05,0,0.1227049706503748,0.8617614125832915,0.0570301599800586,Bundesliga,4
12925,Mio Backhaus,23,2070,0,0.0,0,0.0,0,0,0,0,GK,Werder Bremen,0,0.0,2.4340991200879216,2.4340991200879216,Bundesliga,0
12926,Bruno Ogbus,9,667,0,0.3603853387758136,0,0.0,4,0,0,0,D S,Freiburg,0,0.3603853387758136,2.434918012470007,2.108707334846258,Bundesliga,0
12927,Ramon Hendriks,22,1324,0,0.0636026225984096,2,0.5049298442900181,3,4,2,0,D S,VfB Stuttgart,0,0.0636026225984096,5.4978481605648994,5.389181949198246,Bundesliga,9
12937,Nicolai Remberg,24,2160,0,1.0259372480213642,1,1.0003389939665794,15,7,8,0,D M,Hamburger SV,0,1.0259372480213642,6.84353107213974,5.443483602255583,Bundesliga,20
12942,Maarten Vandevoordt,4,332,0,0.0,0,0.0,0,0,0,0,GK S,RasenBallsport Leipzig,0,0.0,0.2962287664413452,0.2962287664413452,Bundesliga,0
12952,Oscar Højlund,18,722,0,0.2450113650411367,1,0.354011982679367,2,5,1,1,M S,Eintracht Frankfurt,0,0.2450113650411367,1.8972623981535437,1.6230248976498842,Bundesliga,15
12955,Aurèle Amenda,15,860,0,0.9006360769271851,0,0.152156762778759,5,3,3,0,D S,Eintracht Frankfurt,0,0.9006360769271851,2.7091853357851505,2.659565541893244,Bundesliga,4
12964,Kamil Grabara,25,2250,0,0.0364092700183391,0,0.0404902063310146,1,3,1,0,GK,Wolfsburg,0,0.0364092700183391,3.0090479450300336,2.9685577377676964,Bundesliga,1
12965,Bence Dárdai,1,31,0,0.0,0,0.0124272247776389,0,1,0,0,S,Wolfsburg,0,0.0,0.0124272247776389,0.0,Bundesliga,1
12973,Nikola Vasilj,25,2250,0,0.0,0,0.0,0,0,0,0,GK,St. Pauli,0,0.0,2.057230459526181,2.057230459526181,Bundesliga,1
12974,Karol Mets,18,1488,0,0.0831479835323989,0,0.0834137536585331,3,2,2,0,D S,St. Pauli,0,0.0831479835323989,2.1780153661966324,2.158357386477292,Bundesliga,20
12977,Lars Ritzka,14,556,0,0.0692487061023712,0,0.0162702705711126,1,1,1,0,D M S,St. Pauli,0,0.0692487061023712,0.3560528950765729,0.270533918403089,Bundesliga,13
12978,Jackson Irvine,16,901,0,0.6845558751374483,0,0.5216774139553308,13,6,0,0,M S,St. Pauli,0,0.6845558751374483,1.7331957034766674,0.9012605659663676,Bundesliga,4
12979,Connor Metcalfe,16,255,0,0.5893149962648749,1,0.4835287239402532,11,4,1,0,F S,St. Pauli,0,0.5893149962648749,1.4395505851134658,0.3987192567437887,Bundesliga,6
12980,Elias Saad,10,518,0,0.3716530837118625,0,0.6210179030895233,6,12,1,0,F M S,Augsburg,0,0.3716530837118625,1.412656469270587,0.5558570027351379,Bundesliga,8
12982,Oladapo Afolayan,7,135,0,0.526158856227994,0,0.0837487746030092,4,2,1,0,M S,St. Pauli,0,0.526158856227994,0.7736875526607037,0.1637799143791198,Bundesliga,2
13012,Robin Hranác,23,1950,0,1.717502847313881,0,0.0608068909496068,6,2,4,0,D S,Hoffenheim,0,1.717502847313881,5.94220314361155,5.94220314361155,Bundesliga,13
13017,Filippo Mané,4,142,0,0.0,0,0.0,0,0,0,1,D S,Borussia Dortmund,0,0.0,0.6807209551334381,0.6807209551334381,Bundesliga,0
13131,Cole Campbell,2,11,0,0.1280488818883896,0,0.1461582034826278,1,1,0,0,S,"Borussia Dortmund,Hoffenheim",0,0.1280488818883896,0.3452533185482025,0.0710462406277656,Bundesliga,0
13185,Jahmai Simpson-Pusey,6,413,0,0.2724513038992882,0,0.0372226200997829,5,1,0,1,D S,FC Cologne,0,0.2724513038992882,0.9611054342240096,0.9238828103989364,Bundesliga,4
13215,Axel Tape,6,214,0,0.1425793543457985,0,0.0,3,0,1,0,D S,Bayer Leverkusen,0,0.1425793543457985,0.692778505384922,0.5725748687982559,Bundesliga,1
13262,Jonah Kusi-Asare,1,1,0,0.0,0,0.0,0,0,0,0,S,Bayern Munich,0,0.0,0.0,0.0,Bundesliga,0
13326,Abdoulie Ceesay,15,174,0,0.4285229761153459,0,0.0707461684942245,4,1,2,0,S,St. Pauli,0,0.4285229761153459,0.7228618133813143,0.2432233467698097,Bundesliga,0
13414,Hennes Behrens,7,549,0,0.0884372256696224,2,1.9335250835865736,3,7,0,0,D S,FC Heidenheim,0,0.0884372256696224,2.742823928594589,2.008250690996647,Bundesliga,0
13416,Luka Djuric,1,5,0,0.0,0,0.0,0,0,0,0,S,Hoffenheim,0,0.0,0.0583806261420249,0.0583806261420249,Bundesliga,0
13421,Wisdom Mike,4,18,0,0.1048471331596374,0,0.0,2,0,0,0,S,Bayern Munich,0,0.1048471331596374,0.3597072288393974,0.25486009567976,Bundesliga,0
13425,Luca Jaquez,8,564,0,0.1130495006218552,1,0.4413405451923609,2,5,1,0,D S,VfB Stuttgart,0,0.1130495006218552,2.246284782886505,1.791326280683279,Bundesliga,5
13426,Finn Jeltsch,18,1181,0,0.1950984485447406,1,0.1018767990171909,3,5,3,0,D S,VfB Stuttgart,0,0.1950984485447406,4.688265614211559,4.530938394367695,Bundesliga,9
13505,Alejo Sarco,5,106,0,0.3592372722923755,0,0.2505437489598989,3,2,0,0,S,"Bayer Leverkusen,Borussia M.Gladbach",0,0.3592372722923755,0.8486710991710424,0.2895685136318207,Bundesliga,0
13621,Charles Herrmann,1,1,0,0.0,1,0.3786399960517883,0,1,0,0,S,Borussia M.Gladbach,0,0.0,0.0,0.0,Bundesliga,0
13634,Jan Bürger,7,247,0,0.0601265747100114,0,0.1284901462495327,2,2,0,0,D S,Wolfsburg,0,0.0601265747100114,1.0541414730250835,0.9940148964524268,Bundesliga,3
13649,Claudio Echeverri,6,112,0,0.113501064479351,0,0.040528729557991,1,1,0,0,M S,Bayer Leverkusen,0,0.113501064479351,0.2705470249056816,0.1570459604263305,Bundesliga,5
13714,Jenson Seelt,9,681,0,0.1075635813176631,0,0.0,2,0,0,0,D S,Wolfsburg,0,0.1075635813176631,1.855355310253799,1.855355310253799,Bundesliga,0
13851,Ezechiel Banzuzi,21,408,0,1.0194907300174236,1,0.353797547519207,12,7,3,0,M S,RasenBallsport Leipzig,0,1.0194907300174236,2.8155370745807886,1.8351374585181477,Bundesliga,10
13859,Koki Machida,1,45,0,0.0,0,0.0,0,0,1,0,D,Hoffenheim,0,0.0,0.0450697056949138,0.0450697056949138,Bundesliga,0
13861,Leon Avdullahu,25,2212,0,0.4837837256491184,1,0.9485159665346146,12,16,4,0,M,Hoffenheim,0,0.4837837256491184,10.010047333315017,8.902521008625627,Bundesliga,23
13863,Yannik Wagner,4,31,0,0.0242794156074523,0,0.2785300724208355,1,3,0,0,S,FC Heidenheim,0,0.0242794156074523,0.265305258333683,0.0799528881907463,Bundesliga,0
13864,Cyriaque Irié,5,121,0,0.1140791475772857,0,0.0276789795607328,2,1,3,0,M S,Freiburg,0,0.1140791475772857,0.8508748859167099,0.7367957420647144,Bundesliga,3
13868,Lazar Jovanovic,3,23,0,0.0999414473772049,0,0.0953161157667636,1,2,0,0,S,VfB Stuttgart,0,0.0999414473772049,0.1952575594186782,0.0,Bundesliga,0
13882,Arkadiusz Pyrka,22,1787,0,0.5325701870024204,1,1.6593876434490085,13,19,3,0,D M S,St. Pauli,0,0.5325701870024204,5.224648615345359,4.033569287508726,Bundesliga,13
13887,Jobe Bellingham,23,1015,0,0.627767626196146,1,0.4325983468443155,11,4,1,1,M S,Borussia Dortmund,0,0.627767626196146,5.121664065867662,4.420797988772392,Bundesliga,12
13907,Joël Schmied,13,964,0,0.2117387726902961,0,0.1458053737878799,3,2,4,0,D S,FC Cologne,0,0.2117387726902961,2.395489513874054,2.298329332843423,Bundesliga,9
13908,Sebastian Sebulonsen,23,1886,0,1.2105810660868883,0,2.117011910304427,24,16,4,0,D S,FC Cologne,0,1.2105810660868883,9.021623577922584,6.7851466201245785,Bundesliga,19
13909,Kristoffer Lund,24,1639,0,0.5634476877748966,1,1.1245173066854477,18,14,1,0,D M S,FC Cologne,0,0.5634476877748966,6.140756286680698,5.071126312017441,Bundesliga,19
13912,Jusuf Gazibegovic,1,17,0,0.0,0,0.0,0,0,0,0,S,FC Cologne,0,0.0,0.044752363115549,0.044752363115549,Bundesliga,0
13913,Rav van den Berg,11,868,0,0.0,0,0.0,0,0,0,1,D S,FC Cologne,0,0.0,1.6719310339540243,1.6719310339540243,Bundesliga,6
13920,Daniel Elfadli,18,1166,0,0.2152230106294155,0,0.1704634763300418,3,2,4,1,D S,Hamburger SV,0,0.2152230106294155,1.7979322746396065,1.582709275186062,Bundesliga,12
13921,Giorgi Gocholeishvili,20,841,0,0.9689812874421476,1,0.6386436335742474,13,9,1,1,D S,Hamburger SV,0,0.9689812874421476,3.036925822496414,1.6474941913038492,Bundesliga,13
13922,Miro Muheim,24,2093,0,1.2573005352169275,4,3.125522783026099,21,36,5,0,D M S,Hamburger SV,0,1.2573005352169275,5.69307854399085,4.431517066434026,Bundesliga,28
13924,Emir Sahiti,2,124,0,0.0,0,0.0135703915730118,0,1,0,0,F,Hamburger SV,0,0.0,0.0135703915730118,0.0,Bundesliga,0
13926,Alexander Røssing-Lelesiit,11,319,0,0.0890325643122196,1,0.7265190482139587,2,5,1,1,F M S,Hamburger SV,0,0.0890325643122196,0.8746454827487469,0.0590938683599233,Bundesliga,2
13927,Aboubaka Soumahoro,4,140,0,0.0,0,0.0205673892050981,0,1,1,0,D S,Hamburger SV,0,0.0,0.0691862553358078,0.0691862553358078,Bundesliga,0
13928,Otto Stange,2,35,0,0.1484781205654144,0,0.0,2,0,0,0,S,Hamburger SV,0,0.1484781205654144,0.1484781205654144,0.0603034421801567,Bundesliga,0
13972,Andrija Maksimovic,8,77,0,0.0663988795131445,0,0.3666895739734173,2,3,0,0,S,RasenBallsport Leipzig,0,0.0663988795131445,0.4284807443618774,0.4025103766471147,Bundesliga,0
13981,Aiman Dardari,3,21,0,0.0560666285455226,0,0.0,1,0,1,0,S,Augsburg,0,0.0560666285455226,0.0560666285455226,0.0,Bundesliga,0
13995,Sota Kawasaki,6,212,0,0.04572444409132,0,0.0,1,0,1,0,D S,Mainz 05,0,0.04572444409132,0.2289929389953613,0.1832684949040413,Bundesliga,4
14008,Ezequiél Fernández,15,841,0,0.3833287488669157,0,0.6245741136372089,8,5,1,1,M S,Bayer Leverkusen,0,0.3833287488669157,6.423177525401115,6.00511815585196,Bundesliga,16
14022,William Bøving,7,192,0,0.0132987955585122,1,0.5319959297776222,1,3,1,0,M S,Mainz 05,0,0.0132987955585122,0.3725819587707519,0.3725819587707519,Bundesliga,1
14025,Alessio Castro-Montes,8,426,0,0.1609742334112525,3,1.7731760889291763,3,16,2,0,D S,FC Cologne,0,0.1609742334112525,3.5512535572052,2.1033997014164925,Bundesliga,13
14036,Fabio Baldé,11,288,0,0.4062047265470028,1,1.222242034971714,5,4,0,0,F S,Hamburger SV,0,0.4062047265470028,1.8220521919429304,0.3657553866505623,Bundesliga,4
14058,Cameron Puertas,20,1208,0,1.4939033798873425,1,1.8399112336337569,25,14,4,0,F M S,Werder Bremen,0,1.4939033798873425,5.1136577017605305,3.544747805222869,Bundesliga,28
14071,Cassiano Kiala,1,1,0,0.0,0,0.0,0,0,0,0,S,Bayern Munich,0,0.0,0.4981572926044464,0.4981572926044464,Bundesliga,0
14096,Tobias Weigel,1,1,0,0.0,0,0.0,0,0,0,0,S,FC Heidenheim,0,0.0,0.0353274457156658,0.0353274457156658,Bundesliga,0
14109,Dmytro Bogdanov,1,1,0,0.0,0,0.0,0,0,0,0,S,Union Berlin,0,0.0,0.0,0.0,Bundesliga,0
14121,Jan Urbich,3,28,0,0.0,0,0.0271963588893413,0,1,0,0,S,Borussia M.Gladbach,0,0.0,0.1319699585437774,0.1047735959291458,Bundesliga,0
14130,David Santos,2,25,0,0.0303500760346651,0,0.0,1,0,0,0,S,Bayern Munich,0,0.0303500760346651,1.1598855257034302,1.1598855257034302,Bundesliga,0
14164,Fabio Moreno Fell,2,80,0,0.0517515055835247,0,0.0,1,0,0,0,F S,Mainz 05,0,0.0517515055835247,0.0,0.0,Bundesliga,0
14174,Pharell Hensel,5,68,0,0.0186023861169815,0,0.0,1,0,0,0,M S,Wolfsburg,0,0.0186023861169815,0.0186023861169815,0.0,Bundesliga,1
14177,Livan Burcu,10,277,0,1.5424206107854843,0,0.3155781216919422,10,6,2,0,F M S,Union Berlin,0,1.5424206107854843,1.7429278790950775,0.7617004662752151,Bundesliga,2
14223,Samba Konate,1,1,0,0.0413617305457592,0,0.0,1,0,0,0,S,RasenBallsport Leipzig,0,0.0413617305457592,0.0,0.0,Bundesliga,0
14237,Cenny Neumann,1,1,0,0.0,0,0.0,0,0,0,0,S,FC Cologne,0,0.0,0.0,0.0,Bundesliga,0
14252,Tim Schnitzer,1,1,0,0.0,0,0.0,0,0,0,0,S,Augsburg,0,0.0,0.0,0.0,Bundesliga,0
14253,Fynn Schenten,7,86,0,0.0301627833396196,0,0.361863225698471,1,1,0,0,F S,FC Cologne,0,0.0301627833396196,0.3920260090380907,0.361863225698471,Bundesliga,0
14267,Felipe Chávez,4,18,0,0.0626420229673385,0,0.1114266514778137,2,1,0,0,S,"Bayern Munich,FC Cologne",0,0.0626420229673385,0.2357859574258327,0.1731439344584942,Bundesliga,0
14279,Kota Takai,6,326,0,0.4108753725886345,0,0.03324531391263,3,2,1,0,D S,Borussia M.Gladbach,0,0.4108753725886345,1.190738558769226,0.8015755638480186,Bundesliga,4
14337,Youssoupha Niang,5,109,0,0.2978928685188293,0,0.0589203611016273,4,2,0,0,M S,FC Cologne,0,0.2978928685188293,0.3568132370710373,0.0,Bundesliga,1
14338,Jeremy Arévalo,5,19,0,0.1582863703370094,1,0.0620802752673625,3,1,0,0,S,VfB Stuttgart,0,0.1582863703370094,0.349437266588211,0.1290706247091293,Bundesliga,0
14345,Tomoya Ando,7,543,0,0.0415438972413539,0,0.1551920585334301,1,3,1,0,D S,St. Pauli,0,0.0415438972413539,1.357422798871994,1.357422798871994,Bundesliga,9
14390,Mathias Rasmussen,5,283,0,0.1458611004054546,0,0.0676176957786083,3,2,0,0,M S,St. Pauli,0,0.1458611004054546,0.99011667445302,0.834588248282671,Bundesliga,1
14415,Love Arrhov,2,7,0,0.0,0,0.0,0,0,1,0,S,Eintracht Frankfurt,0,0.0,0.0,0.0,Bundesliga,0
14419,Jonas Adjetey,4,134,0,0.0873863417655229,0,0.0,3,0,1,0,D S,Wolfsburg,0,0.0873863417655229,0.2091567032039165,0.1757383421063423,Bundesliga,1
14420,Luca Reggiani,3,106,0,0.0151788983494043,0,0.0,1,0,1,0,D S,Borussia Dortmund,0,0.0151788983494043,0.2177394926548004,0.2025605887174606,Bundesliga,3
14421,Samuele Inácio,1,8,0,0.050873190164566,0,0.0,1,0,0,0,S,Borussia Dortmund,0,0.050873190164566,0.0,0.0,Bundesliga,0
14423,Philip Otele,5,370,0,0.1665932834148407,1,0.7890068385750055,4,7,1,0,F M,Hamburger SV,0,0.1665932834148407,0.86131452023983,0.1144269704818725,Bundesliga,2
14428,Hugo Bolin,5,193,0,0.1521074771881103,0,0.3332467526197433,3,5,0,0,M S,Borussia M.Gladbach,0,0.1521074771881103,0.9411729127168657,0.5212449878454208,Bundesliga,0
14451,Christian Conteh,4,264,0,0.1334600299596786,0,0.3769349455833435,3,2,0,0,F M S,FC Heidenheim,0,0.1334600299596786,1.2303202599287033,0.7199252676218748,Bundesliga,1
14455,Uchenna Ogundu,1,6,0,0.0,0,0.0,0,0,0,0,S,Augsburg,0,0.0,0.0,0.0,Bundesliga,0
14505,Maycon Douglas Cardozo,1,29,0,0.0,0,0.0,0,0,0,0,S,Bayern Munich,0,0.0,0.6299315690994263,0.6299315690994263,Bundesliga,0
7006,Lautaro Martínez,25,1928,14,14.574753515422344,4,5.348652716726065,83,32,3,0,F S,Inter,14,14.574753515422344,23.09404458105564,8.480899337679148,Serie_A,10
1053,Keinan Davis,24,1672,9,8.534851431846619,3,3.0041709057986736,42,23,4,0,F S,Udinese,5,5.4896561950445175,9.460591532289982,2.3342379182577133,Serie_A,4
7193,Rafael Leão,20,1358,9,7.865691922605038,2,3.5112781152129173,45,16,3,0,F S,AC Milan,7,6.343094248324633,11.787589725106956,2.9200235940515995,Serie_A,1
11055,Rasmus Højlund,24,2023,9,10.88832833059132,2,2.011444335803389,43,22,1,0,F S,Napoli,8,10.12702943570912,15.311665382236242,3.967620672658086,Serie_A,1
11541,Nico Paz,27,2237,9,7.592886434867978,6,5.298342041671276,96,41,5,0,F M S,Como,9,6.070288823917508,16.11021368391812,7.535232113674283,Serie_A,0
11942,Kenan Yildiz,27,2256,9,7.77240982465446,5,7.470218230038881,80,59,2,0,F M S,Juventus,8,6.249812124297023,16.272670596837997,6.758247644640505,Serie_A,0
12030,Tasos Douvikas,28,1557,9,10.57092183828354,1,2.029927495867014,46,19,0,0,F S,Como,8,9.80962300300598,12.629570523276923,2.542893976904452,Serie_A,0
189,Hakan Calhanoglu,18,1357,8,5.023795718327165,2,3.201112201437354,45,36,6,0,M S,Inter,4,1.2173016089946032,8.99108187109232,7.367202401161194,Serie_A,13
1304,Moise Kean,24,1878,8,14.880417615175247,1,0.0382566284388303,95,2,3,0,F S,Fiorentina,6,13.357820004224775,11.105062033981085,0.6801060903817415,Serie_A,3
2662,Christian Pulisic,20,1040,8,8.154395252466202,2,2.8066653106361628,38,25,0,0,F S,AC Milan,8,7.393096432089806,11.244486512616277,3.929709991440177,Serie_A,5
6253,Gianluca Scamacca,19,1095,8,8.164115976542234,1,1.2116308640688658,49,13,2,0,F S,Atalanta,6,6.641518380492926,9.942595526576042,3.702565290033817,Serie_A,4
1612,Domenico Berardi,17,1338,7,6.265835636295378,3,2.93152042478323,29,25,2,0,F S,Sassuolo,5,3.9819391751661897,9.274887092411518,4.9059246852993965,Serie_A,17
5992,Marcus Thuram,21,1332,7,8.1230926848948,3,2.8599590118974447,52,23,2,0,F S,Inter,7,8.1230926848948,9.963060528039932,2.9014057964086533,Serie_A,11
6160,Riccardo Orsolini,26,1574,7,6.816789768636227,1,1.4054170809686184,56,19,2,0,F M S,Bologna,4,3.771594561636448,8.50675737671554,4.568160271272063,Serie_A,9
12008,Nikola Krstovic,24,1106,7,10.642334409058094,4,2.341666573658585,68,18,2,0,F S,Atalanta,7,10.642334409058094,12.72646002471447,1.880105473101139,Serie_A,6
12367,Gift Orban,23,1691,7,11.123768964782355,2,2.3273057816550136,69,18,4,1,F S,Verona,5,9.601171309128404,13.877196872606874,2.2715290915220976,Serie_A,3
12528,Santiago Castro,25,1691,7,6.239822936244309,2,2.4761444739997387,47,21,1,0,F S,Bologna,7,6.239822936244309,8.083501479588449,0.996224625967443,Serie_A,7
13446,Mateo Pellegrino,28,2318,7,8.622642491944134,1,1.8590661128982904,60,17,4,0,F S,Parma Calcio 1913,6,7.861343656666577,9.881290699355304,2.0276021771132946,Serie_A,8
1102,Giovanni Simeone,22,1440,6,6.044700128957629,0,1.5263353902846577,46,12,1,0,F S,Torino,6,6.044700128957629,8.54842878319323,1.2532201297581196,Serie_A,6
1324,Federico Dimarco,25,1987,6,5.496070206165314,13,12.29589843004942,49,73,2,0,D S,Inter,6,5.496070206165314,22.34016128629446,11.443776793777944,Serie_A,29
2019,Federico Bonazzoli,25,1722,6,4.8830247218720615,1,1.2935033831745386,50,9,3,0,F S,Cremonese,5,4.121725871693343,7.144923948217183,3.030654108151793,Serie_A,8
3821,Rolando Mandragora,27,1959,6,4.257739021442831,1,2.641408123075962,53,29,6,0,M S,Fiorentina,5,3.4964402047917247,7.413421222940087,4.047313135117292,Serie_A,20
4895,Andrea Pinamonti,26,2019,6,8.4058069717139,3,1.7385197170078754,55,16,1,1,F S,Sassuolo,6,7.644508196040988,9.12205410003662,1.1970536969602108,Serie_A,4
5560,Scott McTominay,23,1946,6,6.248231869190931,3,1.6040442269295454,64,16,1,0,M S,Napoli,6,6.248231869190931,9.46041325479746,5.078070437535644,Serie_A,10
6276,Nikola Vlasic,27,2192,6,4.5005294270813465,3,3.297907322645188,33,37,7,0,F M S,Torino,3,2.2166329603642225,10.462834384292364,6.054552990943193,Serie_A,26
8478,Lorenzo Colombo,28,1708,6,6.839470973238349,1,0.7059648726135492,50,13,1,0,F S,Genoa,6,6.078172137960792,7.819334696978331,2.1086936965584755,Serie_A,9
9749,Donyell Malen,8,669,6,6.579444870352745,0,0.1079391464591026,38,2,1,0,F,Roma,5,5.818145975470543,5.50241719186306,0.4522728063166141,Serie_A,2
9965,Matìas Soulè Malvano,25,1730,6,3.746946400031448,4,3.127205935306847,42,34,1,0,F M S,Roma,6,3.746946400031448,12.326865322887896,7.434165934100747,Serie_A,0
755,Jamie Vardy,24,1818,5,5.615955943241715,1,1.6184766180813313,26,14,4,0,F S,Cremonese,5,5.615955943241715,8.561116438359022,2.1653536148369312,Serie_A,8
1386,Piotr Zielinski,24,1355,5,1.7448633015155792,1,3.0736538525670767,20,21,1,0,M S,Inter,4,0.9835644736886024,9.521196054294704,8.146846801042557,Serie_A,10
3300,Christopher Nkunku,21,960,5,7.36657902598381,3,1.3828837107867002,20,12,0,0,F S,AC Milan,2,5.082682520151138,7.301344033330679,1.7540649622678757,Serie_A,2
6686,Nicolo Zaniolo,24,1620,5,4.845036240294576,4,3.406148635782301,52,35,5,0,F M S,Udinese,5,4.845036240294576,7.959770699962974,2.356147013604641,Serie_A,16
7005,Jens Odgaard,21,1171,5,2.4253475330770016,1,0.8295759558677673,29,11,1,0,M S,Bologna,5,2.4253475330770016,5.348265646025538,2.842362444847822,Serie_A,7
7947,Ruslan Malinovskiy,26,1850,5,3.8882314804941416,3,3.4409751472994685,39,25,9,0,M S,Genoa,2,1.6043350026011467,8.647050576284528,6.021025940775871,Serie_A,0
8636,Jonathan Christian David,27,1424,5,10.766088856384158,4,3.841157153248787,35,29,0,0,F S,Juventus,5,10.0047900211066,12.78084343392402,3.383688331581652,Serie_A,0
12784,Ange-Yoan Bonny,22,655,5,3.806803410872817,3,1.6165791247040031,17,12,0,0,F S,Inter,5,3.806803410872817,7.080263271927834,1.964557122439146,Serie_A,6
13069,Ismaël Koné,24,1962,5,3.496522942557931,0,1.5138334846124053,16,18,2,1,M S,Sassuolo,5,3.496522942557931,9.407740503083916,6.194356036838144,Serie_A,9
13934,Martin Baturina,19,881,5,1.0842899540439248,3,4.2644678726792336,13,30,0,0,F M S,Como,5,1.0842899540439248,7.023506486788392,4.2612583078444,Serie_A,8
13939,Stefano Moreo,27,1590,5,4.234763242304325,1,1.6906441655009985,38,15,2,0,F M S,Pisa,4,3.473464407026768,5.975894713774324,1.8831541743129487,Serie_A,9
447,Kevin De Bruyne,9,582,4,3.022524109110236,0,1.231788819655776,17,15,1,0,M S,Napoli,1,0.7386276377364993,3.378007188439369,2.4944126196205616,Serie_A,3
3291,Adrien Rabiot,19,1646,4,2.3046071343123917,4,3.5993717405945063,29,21,3,1,M S,AC Milan,4,2.3046071343123917,10.985356705263255,7.418456260114908,Serie_A,21
4291,Marc-Oliver Kempf,25,1615,4,3.0902431923896074,0,1.0288458317518234,16,6,2,0,D S,Como,4,3.0902431923896074,6.849786761216819,6.817148165777326,Serie_A,7
5360,Weston McKennie,27,2050,4,6.459981877356768,4,3.819256523624063,36,32,4,0,D M S,Juventus,4,6.459981877356768,14.813877910375597,7.104019906371832,Serie_A,15
6434,Franck Zambo,12,972,4,2.296694092452526,1,1.4197217328473926,19,10,1,0,M S,Napoli,4,2.296694092452526,4.152839928865433,2.349399149417877,Serie_A,0
6697,Armand Lauriente,27,1779,4,2.6625030487775803,7,5.91616543289274,46,37,2,0,F S,Sassuolo,4,2.6625030487775803,9.444451913237572,4.349819481372833,Serie_A,7
7700,Che Adams,25,1488,4,4.859567269682884,2,2.6642941748723388,43,22,0,0,F S,Torino,4,4.859567269682884,9.597125966101885,3.310456532984972,Serie_A,7
7969,Sebastiano Esposito,27,1990,4,3.244181450456381,5,4.623595635872334,35,50,5,0,F M S,Cagliari,4,3.244181450456381,7.354998089373112,2.707164978608489,Serie_A,25
10237,Leo Østigard,22,1911,4,2.685276906006038,1,0.7252236530184746,17,5,6,0,D,Genoa,4,2.685276906006038,4.398016557097435,3.448956985026598,Serie_A,0
10366,Albert Gudmundsson,24,1733,4,4.114895768463612,3,2.7412682473659515,28,23,3,0,F M S,Fiorentina,1,1.830999296158552,7.848613807931542,5.161051978357136,Serie_A,0
10433,Cesare Casadei,25,1599,4,3.514064121991396,0,1.530711562372744,29,14,5,0,M S,Torino,4,3.514064121991396,8.266241680830717,5.968889268115163,Serie_A,12
11380,Vitinha,26,1627,4,5.020160703919828,1,1.7020186968147757,46,13,3,0,F M S,Genoa,4,5.020160703919828,7.17605437990278,2.334678884595633,Serie_A,20
13891,Wesley,25,2064,4,2.3235203810036182,0,4.544415947049856,22,27,5,0,D M S,Roma,4,2.3235203810036182,12.162292331457138,6.631311375647783,Serie_A,0
13930,Semih Kiliçsoy,19,877,4,2.043425720185041,0,0.3547656340524554,16,10,1,0,F S,Cagliari,4,2.043425720185041,2.9445911087095737,1.0125390160828829,Serie_A,0
14003,Francesco Pio Esposito,25,931,4,7.71644021756947,3,1.6262871399521828,41,13,1,0,F S,Inter,4,7.71644021756947,10.336257752031088,2.864186130464077,Serie_A,0
64,Filip Kostic,16,452,3,0.6743299197405577,1,0.6833733469247818,9,10,0,0,D M S,Juventus,3,0.6743299197405577,3.385763455182314,2.3905558809638023,Serie_A,10
687,Pedro,19,592,3,2.0113909943029284,1,0.9911507563665508,16,12,2,0,F M S,Lazio,1,0.4887933759018779,1.5606608483940363,0.9714055564254522,Serie_A,4
688,Ruben Loftus-Cheek,23,1020,3,4.139354669488967,1,1.0285563003271818,29,9,1,0,F M S,AC Milan,3,4.139354669488967,7.100506212562323,4.202634723857045,Serie_A,6
1134,Mario Pasalic,23,1514,3,2.666647605597973,3,5.107633359730244,16,32,2,0,M S,Atalanta,3,2.666647605597973,12.87366994470358,8.261938642710447,Serie_A,17
1206,Danilo Cataldi,24,1818,3,2.692534536123276,3,1.9404012616723776,25,20,5,0,M S,Lazio,1,1.1699368981644511,5.303743943572044,4.069462466053665,Serie_A,22
1471,Lorenzo Pellegrini,20,1220,3,4.54881807602942,2,2.6985955126583576,28,24,2,0,F M S,Roma,1,3.0262203942984343,6.44372171163559,4.02942069247365,Serie_A,4
1500,Leonardo Spinazzola,24,1502,3,1.102365605533123,3,2.125557797960937,19,25,2,0,D M S,Napoli,3,1.102365605533123,7.89600776694715,5.4148068046197295,Serie_A,7
1725,Christian Kabasele,21,1550,3,1.6052705720067024,0,0.0634109750390052,7,1,3,0,D S,Udinese,3,1.6052705720067024,1.6451331404969096,1.5310977306216955,Serie_A,5
1958,Mattia Zaccagni,21,1793,3,4.716801879927516,0,2.2206442561000586,29,26,6,1,F M,Lazio,3,4.716801879927516,7.84696801751852,3.189177800901234,Serie_A,15
3334,Lassana Coulibaly,24,2010,3,2.193723555654288,1,0.8535672072321177,19,15,3,0,M S,Lecce,3,2.193723555654288,5.427830372005701,3.7932548597455034,Serie_A,21
6618,Oumar Solet,26,2152,3,2.592456222511828,1,1.4178581573069096,25,13,0,0,D S,Udinese,2,1.8311573872342704,6.855480693280697,6.254241432994604,Serie_A,36
6960,Bremer,17,1377,3,1.7495627915486691,3,0.4107095804065466,10,8,2,0,D S,Juventus,3,1.7495627915486691,4.650684230029583,4.425186791457236,Serie_A,0
7049,Evan Ndicka,23,2020,3,2.157151769846678,0,0.4972373712807894,17,5,5,0,D,Roma,3,2.157151769846678,6.160610597580671,5.810424391180277,Serie_A,0
7084,Dusan Vlahovic,13,684,3,4.618957936763763,1,0.4843765348196029,30,7,0,0,F S,Juventus,2,3.857659101486206,4.388380212709308,0.8311535213142633,Serie_A,3
7576,Nicolò Cambiaghi,22,1234,3,2.80425984878093,4,2.8599456883966923,21,16,3,1,F M S,Bologna,3,2.80425984878093,6.046524571254849,1.3586999475955963,Serie_A,16
7628,Lameck Banda,22,1062,3,1.3438569251447916,3,1.8865904696285725,20,11,6,1,F M S,Lecce,3,1.3438569251447916,3.302139148116112,0.3809066321700811,Serie_A,11
7939,Morten Thorsby,18,1160,3,2.7189628621563315,1,0.7962901080027223,21,9,3,0,M S,"Cremonese,Genoa",3,2.7189628621563315,4.131191646680236,1.7561987088993192,Serie_A,1
8182,Lucas Da Cunha,26,1960,3,4.169458606280386,3,4.094324499368668,26,32,4,0,M S,Como,1,2.646860935725272,11.650093464180827,8.264188898727298,Serie_A,21
8642,Strahinja Pavlovic,23,1886,3,2.601006293669343,1,0.6053832489997149,16,11,1,0,D S,AC Milan,3,2.601006293669343,8.896458441391587,7.424930544570088,Serie_A,15
8838,Junior Messias,13,375,3,1.6664299350231886,0,0.2096364609897136,13,3,0,0,M S,Genoa,2,0.9051310922950506,1.8460128605365755,0.7559951562434435,Serie_A,4
8867,Adrián Bernabé,27,2169,3,2.5368833746761084,1,4.358438854105771,46,49,0,0,D M S,Parma Calcio 1913,3,2.5368833746761084,8.077642335556448,4.048180051147938,Serie_A,20
9018,M&#039;Bala Nzola,20,1122,3,5.5410568453371525,0,0.8286140095442533,29,15,1,1,F S,"Pisa,Sassuolo",1,3.257160399109125,4.858526848256588,1.0455988934263587,Serie_A,0
9071,Matteo Cancellieri,20,1237,3,3.079647058621049,1,1.308822749182582,29,12,4,0,F M S,Lazio,3,3.079647058621049,5.236406864598393,1.0300552630797029,Serie_A,18
9841,Andrea Cambiaso,26,2078,3,2.494424937292933,3,4.427487708628178,20,44,1,1,D M S,Juventus,3,2.494424937292933,11.60651296749711,7.1530890157446265,Serie_A,32
9843,Caleb Ekuban,23,730,3,3.0943890549242496,1,1.2507788091897964,23,11,0,0,F M S,Genoa,3,3.0943890549242496,3.9441490918397903,0.5887844664976001,Serie_A,1
9993,Jurgen Ekkelenkamp,24,1687,3,2.797269167378545,1,1.9580792859196663,23,21,1,0,M S,Udinese,3,2.797269167378545,6.781159961596131,2.538570100441575,Serie_A,20
10177,Evan Ferguson,16,777,3,3.4807619526982307,2,1.686270648613572,26,15,1,0,F S,Roma,3,3.4807619526982307,5.405015859752893,1.0331951715052128,Serie_A,4
10877,Charles De Ketelaere,21,1552,3,3.667718194425106,3,8.177074909210205,35,46,2,0,F M S,Atalanta,3,3.667718194425106,14.973078958690166,4.960209369659424,Serie_A,9
10994,Kristian Thorstvedt,22,1550,3,4.063183452934027,2,1.8204149566590784,30,23,6,0,F M S,Sassuolo,3,4.063183452934027,10.600659877061844,5.993963731452823,Serie_A,9
11736,Artem Dovbyk,13,363,3,2.87838901206851,1,1.2935574017465117,10,11,0,0,F S,Roma,3,2.87838901206851,3.597304180264473,0.7824058942496777,Serie_A,3
11883,Gennaro Borrelli,22,1021,3,3.0222388990223408,1,0.7094088485464454,22,10,3,0,F S,Cagliari,3,3.0222388990223408,4.918842986226082,2.594655658118427,Serie_A,6
11951,Gustav Isaksen,21,1159,3,3.059000799432397,1,0.6650470588356256,32,13,0,0,F S,Lazio,3,3.059000799432397,4.683155822567642,1.732428221963346,Serie_A,7
12993,David Neres,16,932,3,1.484556145966053,3,3.786104552447796,17,19,3,0,F M S,Napoli,3,1.484556145966053,7.352409522980452,3.5680493600666523,Serie_A,5
13052,Francisco Conceição,21,1327,3,5.108712885528803,2,1.680540781468153,45,18,2,0,D F M S,Juventus,3,5.108712885528803,10.057299251668155,5.284952789545059,Serie_A,14
13961,Giovane,27,1646,3,3.906800862401724,5,4.29333714582026,49,31,2,0,F M S,"Napoli,Verona",3,3.906800862401724,8.282327795401216,2.2610361352562904,Serie_A,9
13969,Nikola Stulic,26,1413,3,4.023974095936865,0,1.8676140597090125,26,18,1,0,F S,Lecce,2,3.2626752606593072,4.731490495614708,1.3147369865328074,Serie_A,7
13978,Jayden Addai,12,688,3,1.5144574735313654,0,1.0214554481208324,13,7,4,0,M S,Como,3,1.5144574735313654,3.735154617577791,1.3605918884277344,Serie_A,2
307,Suat Serdar,20,1102,2,2.6708283396437764,0,1.4056117832660675,19,12,3,0,M S,Verona,2,2.6708283396437764,4.575328801758587,1.8016988597810268,Serie_A,20
317,Henrikh Mkhitaryan,20,1098,2,3.36725889518857,1,1.6715453192591667,34,14,3,0,M S,Inter,2,3.36725889518857,13.331950444728136,10.143802341073751,Serie_A,21
1148,Duván Zapata,22,825,2,3.892431043088436,1,1.115931747481227,26,6,0,0,F S,Torino,2,3.13113222271204,3.935603238642216,0.3858338948339224,Serie_A,2
1168,Bryan Cristante,27,2246,2,1.923450908623636,1,1.6215974688529968,33,22,6,0,M S,Roma,2,1.923450908623636,9.67127714306116,8.051235741004348,Serie_A,28
1186,Andrea Belotti,3,196,2,2.310628950595856,0,0.0408160090446472,6,1,0,0,F,Cagliari,1,1.5493301749229431,1.016254037618637,0.2606043629348278,Serie_A,0
1294,Paulo Dybala,17,1062,2,5.446348372846842,2,3.5558443013578653,36,40,1,0,F M S,Roma,2,4.685049567371607,8.439313229173422,2.234402993693948,Serie_A,5
1424,Federico Bernardeschi,20,722,2,2.3240963090211157,1,2.848060367628932,23,22,2,0,F M S,Bologna,1,1.562797473743558,5.767053550109267,2.163096678443253,Serie_A,5
1477,Luca Mazzitelli,16,702,2,0.6608104892075062,2,1.069239970296621,14,5,3,0,M S,Cagliari,2,0.6608104892075062,3.001630485057831,2.2609626231715083,Serie_A,9
2250,Luka Modric,26,2197,2,0.967854809947312,3,3.838620748370886,13,44,3,0,M S,AC Milan,2,0.967854809947312,12.272441294044256,11.233630787581204,Serie_A,21
3544,Jeremie Boga,5,105,2,1.2072634901851416,0,0.1039258111268282,6,2,0,0,S,Juventus,2,1.2072634901851416,2.0789419393986464,0.7952137887477875,Serie_A,2
5556,Ademola Lookman,12,803,2,3.853021115064621,0,2.281141601502896,27,17,0,0,F M S,Atalanta,2,3.853021115064621,6.121153548359871,1.5856311172246933,Serie_A,0
5759,Matteo Guendouzi,16,1434,2,1.22304982598871,1,1.0217254180461168,16,15,5,0,M,Lazio,2,1.22304982598871,5.685938589274883,4.695960254408419,Serie_A,8
6073,Guillermo Maripán,24,2037,2,2.4348368234932423,0,0.3447793498635292,18,8,3,0,D S,Torino,2,2.4348368234932423,5.046734411269426,4.604368932545185,Serie_A,28
6155,Robin Gosens,17,1237,2,2.13671494089067,0,0.5064111296087503,14,8,2,0,D M S,Fiorentina,2,2.13671494089067,2.8420808035880327,1.7408670838922262,Serie_A,8
6414,Yann Bisseck,16,1304,2,2.350083038210869,1,0.5285622626543045,21,7,2,0,D S,Inter,2,2.350083038210869,8.308660931885242,7.28926782310009,Serie_A,0
6490,Manuel Akanji,25,2104,2,1.943474154919386,0,0.2070221100002527,18,5,3,0,D S,Inter,2,1.943474154919386,12.420312996953726,12.112764973193409,Serie_A,19
7265,Kephren Thuram,26,1953,2,2.597578420303762,2,1.5538512468338013,37,19,0,0,M S,Juventus,2,2.597578420303762,9.921407539397478,7.132645854726434,Serie_A,0
7284,Marco Brescianini,18,605,2,2.26709346473217,0,0.5864735106006265,11,6,1,0,M S,"Atalanta,Fiorentina",2,2.26709346473217,4.03364949580282,1.8803255511447787,Serie_A,1
7328,Maxence Caqueret,22,1128,2,1.4709489215165377,4,1.8666649963706727,13,19,1,0,M S,Como,2,1.4709489215165377,7.965782796964049,5.6531713251024485,Serie_A,19
7375,Roberto Piccoli,24,1142,2,5.414597447961569,0,1.1511724786832929,39,11,0,0,F S,Fiorentina,2,5.414597447961569,5.900411819107831,0.9281217865645884,Serie_A,0
7482,Kouadio Kone,25,2220,2,1.937675543129444,2,2.4710446652024984,21,23,2,0,M,Roma,2,1.937675543129444,11.937548626214266,9.315206076949837,Serie_A,0
7507,Gianluca Gaetano,23,1084,2,1.28916984051466,3,1.620193530805409,21,19,4,0,F M S,Cagliari,2,1.28916984051466,4.642598030157387,3.3104591742157936,Serie_A,8
8297,Alexis Saelemaekers,25,2046,2,2.4999790312722325,3,3.6246925266459584,34,34,4,0,D F M S,AC Milan,2,2.4999790312722325,14.125849686563017,9.030997840687633,Serie_A,29
8341,Lazar Samardzic,21,869,2,2.6497164256870747,1,2.2648696899414062,22,25,1,0,M S,Atalanta,2,2.6497164256870747,7.363571485504508,3.442450551316142,Serie_A,7
8512,Filippo Terracciano,26,2220,2,2.3262510541826487,0,0.484664611518383,13,8,5,0,D S,Cremonese,2,2.3262510541826487,3.721938251517713,3.3050210159271955,Serie_A,13
8819,Mergim Vojvoda,25,1477,2,1.1836427617818115,2,2.9907114589586854,17,27,1,0,D F M S,Como,2,1.1836427617818115,7.267891075462103,4.462471696548164,Serie_A,4
8880,Matteo Tramoni,22,1237,2,2.691499738022685,2,2.742515576072037,24,25,3,0,F M S,Pisa,1,1.930200902745128,5.97507986612618,2.433164652436972,Serie_A,16
8912,Tommaso Pobega,19,1136,2,1.766655694693327,1,0.5510165924206376,22,6,1,1,M S,Bologna,2,1.766655694693327,4.612541914917529,2.676194503903389,Serie_A,15
9036,Nicola Zalewski,24,1348,2,2.602215215563774,4,4.576922445558012,28,26,3,0,D M S,Atalanta,2,2.602215215563774,8.617273807525635,4.895852036774159,Serie_A,16
9107,Giorgio Scalvini,14,1046,2,3.2213777154684067,0,0.3971825428307056,12,7,2,0,D S,Atalanta,2,3.2213777154684067,8.676801085472107,7.04377755522728,Serie_A,14
9630,Kamaldeen Sulemana,21,854,2,1.8632932230830197,1,1.764720367267728,18,9,3,0,M S,Atalanta,2,1.8632932230830197,6.251230254769325,3.2400203086435795,Serie_A,5
10716,Manor Solomon,9,466,2,0.4370078053325414,0,1.2568749319761992,5,11,0,0,F M S,Fiorentina,2,0.4370078053325414,3.1042337119579315,2.220236822962761,Serie_A,1
10902,Federico Baschirotto,25,2250,2,1.139559891074896,0,0.0583514906466007,12,1,2,0,D,Cremonese,2,1.139559891074896,1.431843250989914,1.3015766218304634,Serie_A,13
10908,Medon Berisha,13,893,2,1.3144496940076351,3,2.889189299196005,24,20,0,0,M S,Lecce,2,1.3144496940076351,3.1226632557809357,1.600425161421299,Serie_A,12
10948,Valentín Castellanos,11,697,2,2.0615241527557373,3,2.224563661962748,20,8,2,0,F S,Lazio,2,2.0615241527557373,3.823565280064941,0.3274112157523632,Serie_A,5
10993,Federico Gatti,15,946,2,1.5057558212429285,0,0.1769172400236129,12,2,3,0,D S,Juventus,2,1.5057558212429285,2.322638025507331,1.998648663982749,Serie_A,7
11054,Juan Cabal,12,262,2,1.079673127271235,0,0.6362920701503754,5,2,1,0,D S,Juventus,2,1.079673127271235,1.5074425665661693,1.1933000665158031,Serie_A,0
11102,Adam Buksa,19,593,2,1.5730269700288773,0,0.7543833013623953,9,6,2,0,F S,Udinese,2,1.5730269700288773,2.446124505251646,0.4900545142590999,Serie_A,5
11378,Máximo Perrone,26,2047,2,1.704005990177393,4,2.113582393154502,12,26,7,0,M S,Como,2,1.704005990177393,13.038787610828876,9.956123007461429,Serie_A,29
11800,Arthur Atta,22,1732,2,2.5350942723453045,3,2.751700466498733,38,29,3,0,M S,Udinese,2,2.5350942723453045,8.911108013242483,4.660568859428167,Serie_A,9
11877,Michael Folorunsho,18,1451,2,2.2593006268143654,0,0.4475305555388331,22,10,3,0,D F M S,Cagliari,2,2.2593006268143654,3.629267427138984,1.610446692444384,Serie_A,8
11961,Sam Beukema,16,1143,2,1.649287275969982,0,0.2575372662395239,6,4,2,0,D S,Napoli,2,1.649287275969982,3.4073435440659523,3.1430809274315834,Serie_A,14
11964,Giovanni Fabbian,20,860,2,2.015319839119911,0,1.440270982682705,16,5,2,0,M S,"Bologna,Fiorentina",2,2.015319839119911,4.227089390158653,1.9058601036667824,Serie_A,4
11967,Davide Bartesaghi,22,1745,2,1.099251253530383,0,2.9819220267236237,15,34,2,0,D M S,AC Milan,2,1.099251253530383,7.101137429475784,5.69878301396966,Serie_A,29
12040,Thomas Thiesson Kristensen,18,1617,2,1.2499915193766356,0,0.2243683580309152,7,3,2,0,D,Udinese,2,1.2499915193766356,2.131479226052761,1.859656425192952,Serie_A,0
12378,Tijjani Noslin,20,523,2,2.3437381396070123,0,0.4569623954594135,19,8,0,1,F S,Lazio,2,2.3437381396070123,3.674523414112628,1.4193552117794752,Serie_A,3
12436,Jacobo Ramón,25,2161,2,3.474788572639227,0,0.9999716505408288,27,10,7,1,D S,Como,2,3.474788572639227,9.259068146348,8.557153016328812,Serie_A,29
12776,Jeff Ekhator,22,588,2,2.4450371898710728,0,0.2558519002050161,14,4,3,0,F S,Genoa,2,2.4450371898710728,3.4390932843089104,1.2226697504520416,Serie_A,6
12854,Martin Frese,22,1701,2,1.2523860819637775,0,1.6491045393049717,16,22,5,0,D S,Verona,2,1.2523860819637775,3.325240485370159,1.2659392841160295,Serie_A,32
12868,Mattia Felici,11,396,2,1.336680732667446,1,0.7564891278743744,9,8,3,0,D M S,Cagliari,2,1.336680732667446,2.2656255550682545,0.6046547405421734,Serie_A,6
12881,Henrik Meister,21,1268,2,4.973987717181444,0,0.545670285820961,18,3,1,0,F S,Pisa,2,4.973987717181444,6.853911686688662,1.3549226932227612,Serie_A,1
12997,Alieu Fadera,25,917,2,2.3619886562228203,1,0.87881900370121,13,7,4,0,F S,Sassuolo,2,2.3619886562228203,4.041427066549659,1.7654694616794586,Serie_A,19
13136,Brooke Norton-Cuffy,24,2073,2,1.929976936429739,1,1.8545275721699,13,19,3,1,D M,Genoa,2,1.929976936429739,6.932938873767853,3.430295187048614,Serie_A,28
13451,Konan N’Dri,18,290,2,0.3790699280798435,0,0.7715370021760464,12,4,2,0,S,Lecce,2,0.3790699280798435,1.2027314100414517,0.4218508042395115,Serie_A,0
13879,Tarik Muharemovic,23,2027,2,2.212414037901908,2,0.847775200381875,14,5,5,0,D,Sassuolo,2,2.212414037901908,4.246649704407901,4.123829221352935,Serie_A,18
13929,Riyad Idrissi,23,737,2,0.7890109941363335,0,0.2484424067661166,6,6,3,0,D S,Cagliari,2,0.7890109941363335,3.7340927477926016,3.2926744939759374,Serie_A,15
13962,Rafik Belghali,16,1129,2,1.937199586071074,0,1.1202354840934277,10,15,5,0,D M S,Verona,2,1.937199586071074,4.80875363573432,2.3618902284651995,Serie_A,8
14339,Omri Gandelman,10,640,2,1.67109764367342,0,0.2335771173238754,9,4,0,0,M S,Lecce,2,1.67109764367342,2.20407285541296,0.9657906368374825,Serie_A,3
14427,Alisson Santos,4,260,2,0.5028280168771744,0,0.1974405422806739,9,3,0,0,M S,Napoli,2,0.5028280168771744,1.3031948059797287,0.7201835960149765,Serie_A,5
594,Romelu Lukaku,5,33,1,0.5893245413899422,0,0.2113724052906036,2,2,1,0,S,Napoli,1,0.5893245413899422,0.3288929834961891,0.0,Serie_A,0
608,Alberto Moreno,12,817,1,0.9659438356757164,0,1.0574997458606958,7,11,1,0,D S,Como,1,0.9659438356757164,5.41391696035862,3.764385998249054,Serie_A,6
697,Nemanja Matic,24,2095,1,0.2719022817909717,1,0.8651722613722086,10,19,5,1,M,Sassuolo,1,0.2719022817909717,8.189592476934195,7.576463729143143,Serie_A,25
1089,Juan Cuadrado,13,377,1,0.8852794030681252,0,0.7360953977331519,8,9,3,0,D M S,Pisa,0,0.1239805938675999,1.246838239952922,0.4676263146102428,Serie_A,8
1122,Manuel Locatelli,26,2131,1,1.092128234915435,2,2.9304368691518903,29,32,5,0,M,Juventus,1,1.092128234915435,15.465589873492718,13.001502653583884,Serie_A,46
1178,Davide Zappacosta,25,1836,1,1.9649608880281448,3,3.7846966590732336,26,33,2,0,D M S,Atalanta,1,1.9649608880281448,11.231272250413896,7.213071566075087,Serie_A,10
1409,Nicolò Barella,24,1790,1,2.8249426688998938,5,6.387371324002743,25,54,5,0,M S,Inter,1,2.8249426688998938,15.419767837971447,9.621366947889328,Serie_A,22
1423,Matías Vecino,13,592,1,0.310302727855742,1,0.514578664675355,7,3,1,0,M S,Lazio,1,0.310302727855742,1.9277351731434464,1.2747041750699282,Serie_A,3
1496,Roberto Gagliardini,20,1430,1,0.8348669214174151,0,0.3714219182729721,11,8,5,0,M S,Verona,1,0.8348669214174151,2.33274151943624,1.7418150240555406,Serie_A,26
1598,Manuel De Luca,2,10,1,0.835056483745575,0,0.0,2,0,0,0,S,Cremonese,0,0.0737576633691787,0.0737576633691787,0.0,Serie_A,0
1639,Sebastiano Luperto,24,2159,1,0.8967927414923906,1,0.7893618643283844,9,4,4,0,D,"Cagliari,Cremonese",1,0.8967927414923906,3.8153702542185775,3.456215579994023,Serie_A,2
1710,Marten de Roon,24,1935,1,0.7627449203282595,1,1.314962174743414,14,18,6,1,D M S,Atalanta,1,0.7627449203282595,13.331191210076213,11.682274235412478,Serie_A,32
1836,Franco Vázquez,15,485,1,1.4491588799282908,1,1.8917765356600285,12,9,1,0,F M S,Cremonese,1,1.4491588799282908,3.0313472282141447,1.5376330390572548,Serie_A,12
2217,Antonio Sanabria,20,669,1,2.7115078046917915,1,1.9838042967021463,9,6,2,0,F S,Cremonese,1,2.7115078046917915,3.526598555967212,0.1967732179909944,Serie_A,2
3209,Jean-Daniel Akpa-Akpro,12,754,1,0.6026728637516499,0,0.2427066564559936,7,7,6,0,M S,Verona,1,0.6026728637516499,1.1713239643722773,0.5240062670782208,Serie_A,18
4918,Patrick Cutrone,15,908,1,3.271421535871923,0,0.6590696647763252,25,3,0,0,F S,Parma Calcio 1913,1,3.271421535871923,3.99916382227093,0.8263060990720987,Serie_A,1
4939,Alessandro Bastoni,23,1959,1,1.6497777961194515,4,3.027698891237378,16,23,5,0,D,Inter,1,1.6497777961194515,12.258807878941298,10.125830922275782,Serie_A,32
5133,Aarón Martín,24,1801,1,0.3767999019473791,4,5.845361767336726,6,56,2,0,D S,Genoa,1,0.3767999019473791,6.180864194408059,3.431573303416372,Serie_A,22
5329,Stefan Posch,14,362,1,0.8626185804605484,0,0.1884448826313018,8,2,1,0,D S,Como,1,0.8626185804605484,2.2556511405855417,1.9920636732131245,Serie_A,9
6098,Niclas Füllkrug,11,304,1,3.1894327867776155,0,1.3346828743815422,13,5,0,0,F S,AC Milan,1,2.428133981302381,4.5003494415432215,1.4438152834773064,Serie_A,1
6125,Stanislav Lobotka,23,1789,1,0.3973950408399105,1,0.5668810717761517,7,14,1,0,M S,Napoli,1,0.3973950408399105,7.415021900087595,6.6228341069072485,Serie_A,12
6136,Mario Hermoso,17,1299,1,0.8192901406437159,0,0.4264999041333794,8,8,6,0,D S,Roma,1,0.8192901406437159,3.75166692212224,3.4044342525303364,Serie_A,12
6211,Mehdi Leris,25,1218,1,1.883598474785685,3,2.1867801509797573,21,21,2,0,D M S,Pisa,1,1.883598474785685,3.892509527504444,0.9540141243487597,Serie_A,18
6360,Antoine Bernede,24,1835,1,0.7658993229269981,2,1.358243901282549,16,19,1,0,M S,Verona,1,0.7658993229269981,4.913702419027686,3.154089981690049,Serie_A,31
6521,Yerry Mina,17,1391,1,0.668726896867156,0,0.2333205044269561,4,4,3,1,D,Cagliari,1,0.668726896867156,3.500513680279255,3.500513680279255,Serie_A,10
6672,Riccardo Sottil,21,1078,1,0.7569481134414673,2,3.896916251629591,20,24,1,0,F M S,Lecce,1,0.7569481134414673,2.106737073510885,0.7894598450511694,Serie_A,2
6692,Enrico Del Prato,27,2261,1,2.0670492574572563,0,0.3605306129902601,15,6,4,0,D S,Parma Calcio 1913,1,2.0670492574572563,4.070091336965561,2.9934969134628773,Serie_A,15
6696,Luca Ranieri,25,1703,1,1.9118919325992465,0,1.0300525836646557,14,7,7,0,D S,Fiorentina,1,1.9118919325992465,4.52059667557478,3.344392756000161,Serie_A,18
6706,Ndary Adopo,28,2273,1,2.101567542180419,1,1.4109182888641951,23,19,2,0,M S,Cagliari,1,2.101567542180419,6.234972586855292,3.917317468672991,Serie_A,0
6872,Mehmet Zeki Çelik,25,2021,1,1.3159585446119308,2,2.039202813059092,18,17,1,1,D M S,Roma,1,1.3159585446119308,9.193445473909378,7.219641342759132,Serie_A,0
6902,Toma Basic,16,1196,1,1.114882878959179,2,1.6128840250894427,26,14,0,1,M,Lazio,1,1.114882878959179,4.31541183590889,2.9055975023657084,Serie_A,12
6945,Youssouf Fofana,22,1545,1,3.6891095899045463,2,2.9100635740906,31,24,4,0,M S,AC Milan,1,3.6891095899045463,10.389332300052049,4.5186282973736525,Serie_A,13
6978,Giovanni Di Lorenzo,23,2009,1,1.6072253063321114,1,2.915825840085745,23,14,1,0,D,Napoli,1,1.6072253063321114,12.1027254126966,8.401906475424767,Serie_A,26
7224,Boulaye Dia,16,888,1,2.6606721319258213,0,0.2323892563581466,10,6,0,0,F M S,Lazio,1,2.6606721319258213,2.906859580427408,0.8222965132445097,Serie_A,7
7286,Juan Miranda,22,1718,1,0.4081823583692312,0,3.174141831696033,11,45,6,0,D S,Bologna,1,0.4081823583692312,8.308606024831533,6.4777287524193525,Serie_A,15
7379,Nicolo Fagioli,25,1912,1,1.3914160169661045,3,4.568599864840508,24,55,4,0,M S,Fiorentina,1,1.3914160169661045,12.22867589071393,8.656103149056435,Serie_A,21
7500,Giacomo Raspadori,4,244,1,1.5886186063289642,1,0.4990691989660263,10,6,0,0,M S,Atalanta,1,1.5886186063289642,2.386075392365456,0.4707168191671371,Serie_A,1
7530,Samuele Ricci,22,992,1,1.8986855186522007,3,2.2120941933244467,15,14,1,0,M S,AC Milan,1,1.8986855186522007,8.102506969124079,5.074797892943025,Serie_A,8
7912,Eljif Elmas,25,1511,1,2.991821128875017,2,1.4749207003042102,20,19,2,0,F M S,Napoli,1,2.991821128875017,6.992925051599741,3.642378343269229,Serie_A,0
7924,Amir Rrahmani,16,1367,1,0.6683423817157745,1,0.1065716929733753,8,3,2,0,D,Napoli,1,0.6683423817157745,7.250928539782762,7.073193896561861,Serie_A,12
7988,Billy Gilmour,12,531,1,0.3485929761081934,0,0.442396055907011,7,4,1,0,M S,Napoli,1,0.3485929761081934,2.660085305571556,1.983495745807886,Serie_A,4
8090,Lloyd Kelly,25,2123,1,0.5130591401830316,0,0.4192901253700256,11,5,3,0,D S,Juventus,1,0.5130591401830316,6.833092305809259,6.268810551613569,Serie_A,23
8313,Pierre Kalulu Kyatengwa,27,2381,1,1.014498583972454,3,4.389605348929763,9,32,1,1,D,Juventus,1,1.014498583972454,12.140668956562877,9.406017353758216,Serie_A,0
8513,Miguel Gutiérrez,18,876,1,0.4679034370929003,1,0.8950265981256962,11,11,0,0,D S,Napoli,1,0.4679034370929003,4.363036604598165,3.684784727171064,Serie_A,13
8626,Nikola Moro,21,1292,1,0.6156224999576807,0,1.0952792884781957,11,17,1,0,M S,Bologna,1,0.6156224999576807,4.081671787425876,3.2592465057969093,Serie_A,6
8771,Yunus Musah,16,491,1,0.6885600984096527,0,0.7158418446779251,6,3,1,0,D M S,"AC Milan,Atalanta",1,0.6885600984096527,3.6722161434590816,2.3055576533079147,Serie_A,4
8980,Luis Henrique,22,1332,1,1.0236223861575129,2,2.095383860170841,14,21,1,0,D S,Inter,1,1.0236223861575129,7.984001982957125,5.32150761783123,Serie_A,14
9714,Odilon Kossounou,15,893,1,0.2642052415758371,0,0.1952001675963401,5,3,1,0,D S,Atalanta,1,0.2642052415758371,3.669690446928144,3.3775696624070406,Serie_A,12
9840,Denzel Dumfries,11,730,1,1.5407682973891497,0,1.22062910720706,9,9,1,0,D S,Inter,1,1.5407682973891497,5.055606480687857,2.5882017016410828,Serie_A,5
9876,Alessandro Zanoli,19,1314,1,0.0999864116311073,2,1.5538526717573404,3,15,1,0,D M S,Udinese,1,0.0999864116311073,3.543575694784522,2.3799541387706995,Serie_A,18
9882,Dennis Johnsen,11,390,1,0.736239617690444,1,0.6198056861758232,5,4,0,0,F M S,Cremonese,1,0.736239617690444,1.291289635002613,0.0665459930896759,Serie_A,2
9951,Tommaso Baldanzi,13,533,1,1.4253560900688171,0,0.6739449314773083,12,9,2,0,F M S,"Genoa,Roma",1,1.4253560900688171,3.2893297374248505,1.7304387465119362,Serie_A,2
9964,Koni de Winter,19,1272,1,0.7482239017263055,1,0.6188074201345444,6,3,1,0,D S,AC Milan,1,0.7482239017263055,5.970205819234252,5.826408049091697,Serie_A,12
9966,Fabio Miretti,16,495,1,0.93846988491714,2,1.1659217458218336,13,10,1,0,M S,Juventus,1,0.93846988491714,4.170277636498213,2.366203874349594,Serie_A,8
9996,Abdou Harroui,17,589,1,1.0283503085374832,0,0.552168469876051,8,9,2,0,M S,Verona,0,0.2670514732599258,2.5004297010600567,1.7613669019192455,Serie_A,8
10084,Cristian Volpato,14,633,1,0.722396632656455,4,2.309767670929432,10,13,2,0,F S,Sassuolo,1,0.722396632656455,3.68174659088254,1.0107874553650618,Serie_A,6
10090,Iker Bravo,8,199,1,0.4611617363989353,0,0.2224262617528438,4,3,1,0,F S,Udinese,1,0.4611617363989353,0.7864157892763615,0.2029806226491928,Serie_A,1
10172,Jonathan Rowe,19,1105,1,3.33546612598002,1,1.9160150457173584,34,14,2,0,F M S,Bologna,1,3.33546612598002,6.170229600742459,1.1779580488801005,Serie_A,10
10241,Antonio Vergara,11,616,1,0.7055973187088966,2,0.8353275340050459,10,11,2,0,M S,Napoli,1,0.7055973187088966,1.9738178700208664,0.6202746126800776,Serie_A,9
10365,Morten Frendrup,27,2295,1,0.2742339605465531,0,1.146474251523614,8,9,3,0,M S,Genoa,1,0.2742339605465531,4.88485116045922,3.653417627327144,Serie_A,50
10383,Michel Aebischer,27,2219,1,0.5779068125411868,1,2.3389649195596576,12,27,4,0,M S,Pisa,1,0.5779068125411868,7.389967042021453,5.791971145197749,Serie_A,33
10404,Éderson,21,1608,1,3.7686274806037545,0,1.4682106971740725,25,18,1,0,M S,Atalanta,0,3.007328645326197,10.448164239525797,8.399149924516678,Serie_A,24
10794,Thijs Dallinga,19,684,1,3.7379107028245926,2,0.6087893629446626,22,8,1,0,F S,Bologna,1,3.7379107028245926,5.195263027213514,0.9600176066160202,Serie_A,4
10832,Loïs Openda,23,629,1,3.646697736345232,0,0.5982526540756226,25,8,0,0,F M S,Juventus,1,3.646697736345232,5.030778467655182,1.0973882721737027,Serie_A,0
10891,Carlos Augusto,24,1074,1,1.6097844615578651,1,1.1390730757266283,13,11,3,0,D S,Inter,1,1.6097844615578651,9.481586039066316,7.754193194210529,Serie_A,14
10956,Emil Holm,12,707,1,0.9091850593686104,4,2.0479349102824926,9,7,1,1,D S,"Bologna,Juventus",1,0.9091850593686104,3.079059747979045,2.0712704844772816,Serie_A,13
10957,Mikael Ellertsson,27,2004,1,1.843354471027851,1,2.428905033506453,21,14,1,0,D M S,Genoa,1,1.843354471027851,5.021169127896428,2.2681225333362818,Serie_A,19
10985,Sulemana,10,464,1,1.0012986455112696,0,0.0708594992756843,6,3,2,0,M S,"Bologna,Cagliari",1,1.0012986455112696,1.2235855851322412,1.1559023074805737,Serie_A,0
11038,Jhon Lucumí,20,1548,1,1.2083417065441608,0,0.1210119258612394,7,4,4,0,D S,Bologna,1,1.2083417065441608,4.904237374663353,4.840092904865742,Serie_A,13
11039,Lewis Ferguson,19,1174,1,0.5634688977152109,0,1.3887003436684608,10,12,5,0,M S,Bologna,1,0.5634688977152109,4.423202211037278,3.862183902412653,Serie_A,12
11053,Isak Hien,23,1701,1,1.0443096067756414,0,0.0597530007362365,8,1,3,0,D S,Atalanta,1,1.0443096067756414,5.287485104054213,5.227732073515654,Serie_A,30
11306,Cyril Ngonge,20,987,1,2.7625477351248264,1,0.5623787045478821,24,12,2,0,F S,Torino,1,2.7625477351248264,4.732533551752567,1.595635703764856,Serie_A,1
11470,Niccolò Pisilli,15,635,1,1.37454941496253,2,1.216961640864611,12,8,0,0,M S,Roma,1,1.37454941496253,4.4963690005242825,2.90494317188859,Serie_A,8
11551,Marco Palestra,27,2337,1,1.154845249839127,4,3.5419180104509,20,24,3,0,D F M S,Cagliari,1,1.154845249839127,6.345348941162229,3.0176327796652918,Serie_A,27
11741,Saúl Coco,25,2250,1,1.051196040585637,1,0.5245956983417273,13,8,2,0,D,Torino,1,1.051196040585637,4.282474109902978,3.979703744873405,Serie_A,27
11768,Cher Ndour,23,1140,1,1.3503552488982675,0,0.2011203942820429,14,5,1,0,M S,Fiorentina,1,1.3503552488982675,4.183502407744527,3.125328339636326,Serie_A,9
11902,Pietro Comuzzo,21,1435,1,0.7991757988929749,0,0.0443671131506562,9,3,2,0,D S,Fiorentina,1,0.7991757988929749,5.675231782719493,5.553833829239011,Serie_A,14
11936,Lorenzo Lucca,16,381,1,1.9075428172945976,0,0.664022158831358,15,2,1,0,F S,Napoli,1,1.9075428172945976,3.879144091159105,1.38358985632658,Serie_A,0
11945,Ylber Ramadani,27,2361,1,0.9564597625285388,0,0.7439235914498568,25,12,7,0,M,Lecce,1,0.9564597625285388,4.514430392533541,3.152789818122983,Serie_A,38
11958,Gaetano Oristanio,17,790,1,2.3994482420384884,0,0.6013111472129822,23,10,1,0,F M S,Parma Calcio 1913,1,2.3994482420384884,3.5321153216063976,0.7341090142726898,Serie_A,6
11959,Matteo Prati,25,1563,1,1.387419474311173,0,1.46558759175241,25,11,4,0,M S,"Cagliari,Torino",1,1.387419474311173,4.287479104474187,2.647806018590927,Serie_A,1
11989,Walid Cheddira,23,630,1,1.9820229448378088,0,0.2603677008301019,16,6,1,0,F S,"Lecce,Sassuolo",1,1.9820229448378088,2.7266431096941237,0.9365257192403078,Serie_A,0
12084,Martín Payero,19,1259,1,1.2870119623839855,0,0.4457632284611463,20,9,6,0,M S,Cremonese,1,1.2870119623839855,2.1886820923537016,1.3163647959008813,Serie_A,9
12218,Francesco Camarda,17,631,1,2.207225671038032,0,0.5676710531115532,13,3,1,0,F S,Lecce,1,1.4459268357604742,1.4730745796114206,0.6394962444901466,Serie_A,1
12362,Santiago Pierotti,27,1797,1,2.187211357988417,0,1.235732840374112,22,15,1,0,F M S,Lecce,1,2.187211357988417,4.1505816811695695,1.8729462968185544,Serie_A,32
12365,Alieu Njie,9,100,1,0.6551843285560608,1,0.1338466573506593,2,2,1,0,F S,Torino,1,0.6551843285560608,1.3292811010032892,0.5402501225471497,Serie_A,0
12783,Alessandro Circati,21,1797,1,0.5410849098116159,0,0.2192673133686185,4,7,5,0,D,Parma Calcio 1913,1,0.5410849098116159,3.4198946822434664,2.895402004942298,Serie_A,14
12853,Jesper Karlström,28,2487,1,0.6242127390578389,0,0.7966262334957719,14,13,4,0,M,Udinese,1,0.6242127390578389,5.092495061457157,4.095194870606065,Serie_A,27
13059,Jesús Rodriguez,24,1493,1,3.6911419834941626,7,5.440101124346256,41,32,2,1,F M S,Como,1,3.6911419834941626,11.735919196158648,3.964756853878498,Serie_A,16
13072,Vasilije Adzic,10,142,1,0.2269967542961239,0,0.1822816953063011,6,4,0,0,M S,Juventus,1,0.2269967542961239,0.4783124085515737,0.3747101770713925,Serie_A,2
13172,Adrian Benedyczak,14,476,1,1.9938557110726836,1,1.453725766390562,8,9,1,0,F S,Parma Calcio 1913,0,1.2325568906962872,2.225842133164406,0.817415039986372,Serie_A,6
13396,Tiago Gabriel,28,2413,1,2.542449289932847,0,0.0,15,0,4,0,D S,Lecce,1,2.542449289932847,2.2749748872593045,2.182910387404263,Serie_A,28
13881,Noa Lang,18,645,1,1.3651904631406069,2,1.9749588575214148,9,14,2,0,F M S,Napoli,1,1.3651904631406069,4.173819866031408,2.764019284397364,Serie_A,8
13896,Zachary Athekame,18,400,1,0.1218062713742256,1,1.0951288267970083,5,6,3,0,D S,AC Milan,1,0.1218062713742256,1.5866661071777344,0.8257947973906994,Serie_A,3
13901,Francesco Folino,14,569,1,0.3466941714286804,0,0.0160723198205232,1,1,0,0,D S,Cremonese,1,0.3466941714286804,0.4597253892570734,0.4597253892570734,Serie_A,3
13933,Nicolas Kühn,20,615,1,0.9032431282103062,0,0.8003097679466009,8,10,0,0,M S,Como,1,0.9032431282103062,3.318051503971219,1.7785002309828997,Serie_A,0
13938,Idrissa Touré,24,1994,1,2.2981426808983088,0,2.9721209090203047,26,18,3,1,D M S,Pisa,1,2.2981426808983088,5.939652271568775,2.9258711226284504,Serie_A,25
13948,Christian Ordóñez,19,660,1,0.2571211596950888,0,0.1315598208457231,6,2,2,1,M S,Parma Calcio 1913,1,0.2571211596950888,0.715390732511878,0.4525918895378709,Serie_A,2
13949,Oliver Sørensen,26,1596,1,2.032379439100623,0,0.2059191027656197,14,7,2,0,D M S,Parma Calcio 1913,1,2.032379439100623,4.455620577558875,2.8417021799832582,Serie_A,0
13955,Jakub Piotrowski,24,1299,1,2.1891079507768154,1,0.7109810505062342,25,11,2,0,M S,Udinese,1,2.1891079507768154,4.690078003332019,2.3178569758310914,Serie_A,19
13964,Petar Sucic,24,1212,1,1.9561552703380585,2,2.6759444028139114,18,20,3,0,M S,Inter,1,1.9561552703380585,11.013310555368662,7.253819886595011,Serie_A,15
13965,Edoardo Iannoni,13,212,1,0.7571988552808762,0,0.0,3,0,3,0,M S,Sassuolo,1,0.7571988552808762,0.793019549921155,0.0358206946402788,Serie_A,3
13979,Mariano Troilo,12,846,1,0.7095011547207832,0,0.5818115584552288,5,5,3,2,D S,Parma Calcio 1913,1,0.7095011547207832,1.381536233238876,0.924588424153626,Serie_A,10
14046,Lorran,8,86,1,0.7093146331608295,0,0.0623323693871498,3,1,0,0,S,Pisa,1,0.7093146331608295,0.907572627067566,0.1359256170690059,Serie_A,3
14264,Yael Trepy,5,42,1,0.1763526387512684,0,0.1456443965435028,4,2,0,0,S,Cagliari,1,0.1763526387512684,0.2557918298989534,0.0,Serie_A,0
14341,Kenneth Taylor,8,702,1,0.981227120384574,0,0.3202518709003925,10,7,2,0,M,Lazio,1,0.981227120384574,2.065011449158192,0.8666134532541037,Serie_A,8
14351,Rafiu Durosinmi,8,353,1,0.4093090668320656,1,0.0583974793553352,5,2,0,0,F S,Pisa,1,0.4093090668320656,0.5316277295351028,0.1087321639060974,Serie_A,0
14369,Felipe Loyola,5,286,1,0.430871264077723,0,0.0462871342897415,3,2,0,0,M S,Pisa,1,0.430871264077723,0.7306312173604965,0.267448753118515,Serie_A,3
14417,Kieron Bowie,5,412,1,1.521625742316246,0,0.0,8,0,1,0,F,Verona,1,1.521625742316246,1.6854149363934994,0.1637892425060272,Serie_A,1
199,Yann Sommer,25,2250,0,0.0,0,0.0,0,0,0,0,GK,Inter,0,0.0,4.931852832436562,4.931852832436562,Serie_A,0
342,Sead Kolasinac,11,710,0,0.122791800647974,0,0.0,3,0,2,0,D S,Atalanta,0,0.122791800647974,3.480003487318754,3.448105752468109,Serie_A,9
399,Ulisses García,4,241,0,0.0,1,1.0515536218881607,0,3,0,0,D S,Sassuolo,0,0.0,1.2065395563840866,0.3873027712106704,Serie_A,4
546,David de Gea,28,2520,0,0.0,0,0.0,0,0,0,0,GK,Fiorentina,0,0.0,3.254899498075247,3.254899498075247,Serie_A,0
557,Matteo Darmian,3,66,0,0.0,0,0.0,0,0,0,0,S,Inter,0,0.0,0.2915777489542961,0.2915777489542961,Serie_A,0
703,Fikayo Tomori,24,1955,0,0.5613220669329166,2,0.8847673526033759,8,3,4,0,D S,AC Milan,0,0.5613220669329166,7.582964381203055,6.292053086683154,Serie_A,32
1040,Angelino,5,403,0,0.2062846384942531,0,0.2177222706377506,4,3,1,0,D M,Roma,0,0.2062846384942531,0.7021044939756393,0.5593013614416122,Serie_A,6
1093,Mattia Perin,5,450,0,0.0,0,0.0817599296569824,0,1,0,0,GK,Juventus,0,0.0,0.9834207650274038,0.9016608353704214,Serie_A,0
1104,Leonardo Pavoletti,12,154,0,1.0360782146453855,1,0.3519548177719116,4,1,1,0,F S,Cagliari,0,1.0360782146453855,1.4292622786015272,0.4217170421034097,Serie_A,2
1119,Alessio Romagnoli,23,1934,0,1.4343700930476189,0,0.0711084343492984,6,3,6,0,D S,Lazio,0,1.4343700930476189,3.7046819385141134,3.65767427161336,Serie_A,12
1158,Simone Scuffet,7,630,0,0.0,0,0.0,0,0,0,0,GK,Pisa,0,0.0,0.5827806890010834,0.5827806890010834,Serie_A,0
1164,Cristiano Biraghi,11,457,0,0.0619102343916893,0,0.3642315156757831,2,7,0,0,D M S,Torino,0,0.0619102343916893,0.7062440980225801,0.4560871068388223,Serie_A,7
1193,Lorenzo De Silvestri,8,291,0,0.0,0,0.1353767532855272,0,4,2,0,D S,Bologna,0,0.0,0.2855164911597967,0.1501397397369146,Serie_A,0
1195,Daniele Padelli,2,180,0,0.0,0,0.0,0,0,0,0,GK,Udinese,0,0.0,0.0,0.0,Serie_A,0
1204,Patric,6,133,0,0.0305476281791925,0,0.0206832662224769,1,1,0,0,D S,Lazio,0,0.0305476281791925,0.4131499156355858,0.3619190156459808,Serie_A,0
1209,Ciro Immobile,6,185,0,0.062911570072174,0,0.0633853375911712,2,1,1,0,F S,Bologna,0,0.062911570072174,0.2141840010881424,0.1259481459856033,Serie_A,0
1247,Juan Jesus,20,1492,0,0.2074212320148944,0,0.2721040360629558,3,4,8,1,D S,Napoli,0,0.2074212320148944,6.290183885022998,6.04958008043468,Serie_A,20
1252,Stephan El Shaarawy,13,357,0,1.3363066464662552,2,1.204070582985878,13,8,2,0,F M S,Roma,0,1.3363066464662552,3.3234981931746006,1.8536158818751571,Serie_A,4
1253,Edin Dzeko,11,220,0,0.2566082924604416,0,0.1747721321880817,4,2,1,0,F S,Fiorentina,0,0.2566082924604416,0.5696598142385483,0.4145629592239856,Serie_A,1
1264,Edoardo Goldaniga,1,1,0,0.0,0,0.0,0,0,0,0,S,Como,0,0.0,0.0,0.0,Serie_A,0
1281,Giuseppe Pezzella,22,1819,0,0.0843966659158468,1,1.299911618232727,3,19,7,1,D M S,Cremonese,0,0.0843966659158468,3.9653350058943033,2.967963835224509,Serie_A,21
1301,Daniele Rugani,7,340,0,0.0,0,0.0,0,0,1,0,D S,"Fiorentina,Juventus",0,0.0,0.5475068083032966,0.5475068083032966,Serie_A,2
1302,Emil Audero,24,2160,0,0.0,0,0.0,0,0,0,0,GK,Cremonese,0,0.0,0.5217910157516599,0.5217910157516599,Serie_A,0
1305,Lukasz Skorupski,16,1324,0,0.0,0,0.0,0,0,1,1,GK,Bologna,0,0.0,1.155054047703743,1.155054047703743,Serie_A,0
1370,Federico Ceccherini,8,394,0,0.1904537454247474,0,0.0505221225321292,5,1,1,1,D S,Cremonese,0,0.1904537454247474,0.2923134602606296,0.2206243947148323,Serie_A,0
1375,Elseid Hysaj,4,159,0,0.0,0,0.0,0,0,0,0,D S,Lazio,0,0.0,0.0130727738142013,0.0130727738142013,Serie_A,0
1441,Adam Masina,5,224,0,0.0,1,0.4117826772853732,0,2,0,0,D S,Torino,0,0.0,0.4252637103199959,0.4128632396459579,Serie_A,4
1461,Pol Lirola,4,238,0,0.0,0,0.0141920242458581,0,1,1,0,D S,Verona,0,0.0,0.0730011239647865,0.0588091015815734,Serie_A,3
1463,Francesco Acerbi,13,977,0,0.370837839320302,1,0.5621883980929852,3,2,1,0,D S,Inter,0,0.370837839320302,3.4875991009175777,3.4754573814570904,Serie_A,8
1473,Matteo Politano,25,1612,0,1.849603207781911,4,4.302915517240763,36,27,1,0,D F M S,Napoli,0,1.849603207781911,9.565008528530598,6.192554051056504,Serie_A,10
1488,Remo Freuler,20,1514,0,0.1988130025565624,2,0.6452827407047153,5,14,5,0,M S,Bologna,0,0.1988130025565624,6.0551743125543,5.645957698114216,Serie_A,29
1504,Alberto Grassi,20,1053,0,0.2993038548156619,0,0.1751287691295147,5,3,3,0,M S,Cremonese,0,0.2993038548156619,2.132972621358931,1.7506631268188355,Serie_A,8
1541,Stefan de Vrij,7,402,0,0.3111413465812802,0,0.0188968069851398,5,1,1,0,D S,Inter,0,0.3111413465812802,4.185671329498291,4.110303044319153,Serie_A,6
1544,Federico Ravaglia,13,1108,0,0.0,0,0.0,0,0,3,0,GK S,Bologna,0,0.0,0.7900650668889284,0.7900650668889284,Serie_A,1
1588,Raúl Albiol,6,365,0,0.0676460266113281,0,0.1207989156246185,1,1,1,0,D S,Pisa,0,0.0676460266113281,0.972431879490614,0.8516329564154148,Serie_A,3
1634,Alessandro Deiola,12,965,0,0.2729058982804417,2,0.3968440005555749,6,5,3,0,D M S,Cagliari,0,0.2729058982804417,2.52061996050179,2.094410659745336,Serie_A,17
1804,Álvaro Morata,18,756,0,4.478870654478669,1,0.6983042731881142,21,8,1,1,F S,Como,0,3.717571849003434,3.2275074385106564,0.6128010293468833,Serie_A,8
1843,Matteo Bianchetti,21,1703,0,0.340632414445281,2,0.4877564660273492,6,4,3,0,D S,Cremonese,0,0.340632414445281,3.087307908572257,2.7848126674070954,Serie_A,24
1873,Nicola Leali,20,1712,0,0.0,0,0.1997857615351677,0,2,2,1,GK,Genoa,0,0.0,0.939045364037156,0.7392595950514078,Serie_A,0
1892,Alex Meret,8,720,0,0.0,1,0.2711901664733886,0,1,1,0,GK,Napoli,0,0.0,1.026541993021965,1.026541993021965,Serie_A,0
1898,Stefano Sabelli,10,461,0,0.1789320856332779,0,0.1047141477465629,2,2,0,0,D S,Genoa,0,0.1789320856332779,2.1958821127191186,1.9935717368498445,Serie_A,8
1922,Daniele Sommariva,2,176,0,0.0,0,0.0,0,0,0,0,GK S,Genoa,0,0.0,0.0383542366325855,0.0383542366325855,Serie_A,0
1927,Berat Gjimshiti,25,1829,0,0.7519896132871509,0,0.3097732849419117,10,4,2,0,D S,Atalanta,0,0.7519896132871509,7.724735867232084,7.18637016043067,Serie_A,0
2012,Nicholas Pierini,11,116,0,0.3286344055086374,0,0.1156127247959375,5,4,1,0,S,Sassuolo,0,0.3286344055086374,0.1829208685085177,0.0,Serie_A,4
2058,Filippo Romagna,4,258,0,0.0468942187726497,0,0.0,2,0,0,0,D S,Sassuolo,0,0.0468942187726497,0.3252820125780999,0.3252820125780999,Serie_A,1
2104,Sergi Roberto,14,372,0,1.0290934816002846,0,0.2419510819017887,5,6,3,0,M S,Como,0,1.0290934816002846,3.3863733960315585,2.833396976813674,Serie_A,5
3278,Maxwel Cornet,7,104,0,1.429563120007515,0,0.2333825789391994,4,5,0,0,M S,Genoa,0,0.6682642847299576,0.7340375445783138,0.0144572537392377,Serie_A,3
3363,Benjamin Pavard,1,90,0,0.046149093657732,0,0.0267517808824777,1,1,0,0,D,Inter,0,0.046149093657732,0.6803727149963379,0.6803727149963379,Serie_A,1
3729,Hassane Kamara,17,1161,0,0.5203751660883427,1,1.210734562948346,13,13,3,0,D S,Udinese,0,0.5203751660883427,3.2253700383007526,2.405097858980298,Serie_A,15
3737,Mike Maignan,26,2306,0,0.0,0,0.0,0,0,3,0,GK,AC Milan,0,0.0,4.16112912632525,4.16112912632525,Serie_A,0
3856,Milan Djuric,18,259,0,0.6088325120508671,1,0.4689068682491779,10,4,1,0,F S,"Cremonese,Parma Calcio 1913",0,0.6088325120508671,1.6806038804352283,0.8201834186911583,Serie_A,0
3965,Arturo Calabresi,19,1045,0,0.2407729886472225,0,0.0651397965848445,4,4,5,0,D S,Pisa,0,0.2407729886472225,1.5577398966997862,1.4870910933241248,Serie_A,8
4911,Alessio Zerbin,23,1267,0,1.6927152294665575,2,2.340617520734668,17,13,1,0,D M S,Cremonese,0,1.6927152294665575,4.895953174680471,1.923199184238911,Serie_A,17
4920,Matteo Gabbia,24,1991,0,1.4391436912119389,0,0.0519444094970822,18,2,3,0,D S,AC Milan,0,1.4391436912119389,6.630821013823152,6.339190984144807,Serie_A,10
4951,Grigoris Kastanos,6,31,0,0.0280074756592512,0,0.0396810844540596,1,1,0,0,S,Verona,0,0.0280074756592512,0.0280074756592512,0.0,Serie_A,3
4970,Luca Pellegrini,21,1227,0,0.5136015443131328,0,0.7242582608014345,5,13,6,0,D S,Lazio,0,0.5136015443131328,3.612673718482256,3.12665606290102,Serie_A,13
4981,Davide Frattesi,15,419,0,1.8691730089485643,0,0.5798975229263306,12,4,0,0,M S,Inter,0,1.8691730089485643,3.188332282006741,0.8705544322729111,Serie_A,6
4984,Wladimiro Falcone,28,2520,0,0.0,0,0.0365259833633899,0,1,2,0,GK,Lecce,0,0.0,0.4505478497594595,0.4140218663960695,Serie_A,2
4990,Marius Marin,22,1292,0,0.0855703866109252,0,0.0219777524471282,3,2,7,0,M S,Pisa,0,0.0855703866109252,3.226825973019004,3.1192778795957565,Serie_A,26
5025,Alessandro Buongiorno,24,1746,0,1.4577007927000525,1,0.2635176181793213,5,1,2,0,D S,Napoli,0,1.4577007927000525,4.633185755461454,4.633185755461454,Serie_A,18
5136,Estupiñán,14,757,0,0.2086005853489041,1,1.551025502383709,7,12,2,1,D S,AC Milan,0,0.2086005853489041,6.90927037037909,6.5565356854349375,Serie_A,0
5221,Leon Bailey,7,184,0,0.1348361037671566,0,0.0624751690775156,3,2,0,0,F S,Roma,0,0.1348361037671566,0.5365037806332111,0.4638566896319389,Serie_A,4
5509,Hernani,4,58,0,0.0357290841639041,0,0.0266059823334217,1,1,0,0,S,Parma Calcio 1913,0,0.0357290841639041,0.0779976248741149,0.0513916425406932,Serie_A,0
5610,Jean Butez,28,2520,0,0.0,0,0.1013142541050911,0,1,3,0,GK,Como,0,0.0,5.702097563073039,5.600783308967948,Serie_A,1
5712,Diego Carlos,19,1394,0,0.7534087914973497,0,0.0478520281612873,2,2,5,0,D S,Como,0,0.7534087914973497,3.4151014499366283,3.356603316962719,Serie_A,12
5996,Adrien Tameze,22,1103,0,0.2225745106115937,0,0.2651061238721013,5,8,3,0,D M S,Torino,0,0.2225745106115937,3.49803966190666,3.15995731856674,Serie_A,12
6129,Nícolas,4,360,0,0.0,0,0.0,0,0,0,0,GK,Pisa,0,0.0,0.0600819028913974,0.0600819028913974,Serie_A,0
6132,Marco Silvestri,4,360,0,0.0,0,0.0,0,0,0,0,GK,Cremonese,0,0.0,0.0331612043082714,0.0331612043082714,Serie_A,0
6133,Antonio Caracciolo,26,2267,0,0.9804473384283484,0,0.0879137590527534,17,1,7,0,D S,Pisa,0,0.9804473384283484,2.607669626362622,2.4857337223365903,Serie_A,33
6149,Unai Núñez,17,1263,0,0.2986309919506311,0,0.1526594869792461,7,5,6,0,D S,Verona,0,0.2986309919506311,2.789568616077304,2.5562163945287466,Serie_A,3
6159,Gianluca Mancini,27,2410,0,0.9570232704281808,2,2.566641066223383,15,18,9,0,D,Roma,0,0.9570232704281808,10.219586290419102,9.05016666650772,Serie_A,22
6167,Vanja Milinkovic-Savic,20,1800,0,0.0,0,0.1963787749409675,0,2,0,0,GK,Napoli,0,0.0,3.5107551738619804,3.314376398921013,Serie_A,0
6176,Adam Marusic,25,2125,0,0.7990458337590098,1,1.1971712745726109,12,6,1,1,D S,Lazio,0,0.7990458337590098,5.081816012971103,4.312619231641293,Serie_A,15
6180,Manuel Lazzari,16,596,0,0.0121837304905056,0,0.12791617680341,1,2,2,0,D S,Lazio,0,0.0121837304905056,0.777458337135613,0.6495421649888158,Serie_A,4
6296,Abdelhamid Sabiri,1,24,0,0.0129246171563863,0,0.1448271870613098,1,3,0,0,S,Fiorentina,0,0.0129246171563863,0.0891875401139259,0.0762629210948944,Serie_A,2
6352,Valentino Lazaro,27,2062,0,0.4090384617447853,2,2.362517425790429,7,24,4,0,D M S,Torino,0,0.4090384617447853,5.018229080364108,3.7269982397556314,Serie_A,25
6368,Mathías Olivera,17,790,0,1.6962441354990003,0,0.2606144323945045,5,4,2,0,D S,Napoli,0,1.6962441354990003,3.4253089278936386,2.361745039001107,Serie_A,14
6412,Raoul Bellanova,18,1161,0,0.5010053906589746,1,1.3496409468352797,13,19,1,0,D M S,Atalanta,0,0.5010053906589746,4.673402644693852,3.562631443142891,Serie_A,8
6517,Charalampos Lykogiannis,10,627,0,0.2231357134878635,1,1.4965692646801472,7,13,3,0,D S,Bologna,0,0.2231357134878635,1.564978839829564,0.9745610002428292,Serie_A,0
6929,Adrian Semper,17,1530,0,0.0,0,0.0,0,0,0,0,GK,Pisa,0,0.0,0.5546716907992959,0.5546716907992959,Serie_A,0
6977,Pietro Terracciano,2,124,0,0.0,0,0.0,0,0,0,0,GK S,AC Milan,0,0.0,0.3073457181453705,0.3073457181453705,Serie_A,0
6982,Ivan Provedel,27,2430,0,0.0,0,0.2273319959640503,0,1,1,0,GK,Lazio,0,0.0,2.789876733906567,2.562544737942517,Serie_A,0
7027,Arijanet Muric,26,2340,0,0.0,0,0.0334668159484863,0,1,4,0,GK,Sassuolo,0,0.0,3.073663579300046,3.073663579300046,Serie_A,0
7074,Nicolás González,2,14,0,0.0817915219813585,0,0.0379214473068714,2,1,0,0,S,Juventus,0,0.0817915219813585,0.0602401793003082,0.0,Serie_A,12
7087,Elia Caprile,28,2520,0,0.0,0,0.1229132413864135,0,1,2,0,GK,Cagliari,0,0.0,1.8650095909833908,1.7420963495969772,Serie_A,0
7091,Christian Kouamé,2,16,0,0.0,0,0.0,0,0,0,0,S,Fiorentina,0,0.0,0.1350783556699752,0.1350783556699752,Serie_A,1
7208,Samuel Chukwueze,1,23,0,0.0,0,0.0,0,0,0,0,S,AC Milan,0,0.0,0.0210899077355861,0.0210899077355861,Serie_A,4
7411,Nicolo Rovella,8,339,0,0.0171176232397556,1,1.4522087695077062,1,12,1,0,M S,Lazio,0,0.0171176232397556,1.3665490439161658,1.1466406797990203,Serie_A,9
7483,Hans Nicolussi Caviglia,17,800,0,0.2644449714571237,3,1.5578396376222372,9,15,4,0,M S,"Fiorentina,Parma Calcio 1913",0,0.2644449714571237,2.4213031362742186,1.7835858706384895,Serie_A,7
7627,Andrea Ghion,1,7,0,0.0,0,0.0,0,0,0,0,S,Sassuolo,0,0.0,0.1192885860800743,0.1192885860800743,Serie_A,1
7755,Domagoj Bradaric,23,1798,0,0.4716797191649675,0,2.4106087973341346,9,22,2,0,D M S,Verona,0,0.4716797191649675,5.495370498858392,3.0291718365624547,Serie_A,16
7758,Cheikh Niasse,20,973,0,0.1757795037701726,1,0.5936807617545128,6,11,1,0,D M S,Verona,0,0.1757795037701726,2.713234404101968,2.0721419416368008,Serie_A,14
7785,Kingsley Ehizibue,23,1048,0,0.3431939296424389,0,0.1647428441792726,2,4,3,0,D S,Udinese,0,0.3431939296424389,1.0739712323993444,0.5845333002507687,Serie_A,21
7944,Gabriel Strefezza,5,364,0,0.3681292906403541,0,0.1408733492717147,11,5,0,0,F S,Parma Calcio 1913,0,0.3681292906403541,1.4353530071675775,1.2526709511876106,Serie_A,3
8009,Antonino Gallo,28,2311,0,0.7666580146178603,2,1.2364566987380383,5,22,2,0,D S,Lecce,0,0.7666580146178603,3.686747356317938,2.6781591586768627,Serie_A,34
8030,Sebastian Walukiewicz,25,2153,0,0.1482371054589748,1,1.5741245076060295,6,18,5,0,D,Sassuolo,0,0.1482371054589748,6.642708610277623,5.447714650537819,Serie_A,25
8101,Stefano Turati,1,90,0,0.0,0,0.0,0,0,0,0,GK,Sassuolo,0,0.0,0.0071920319460332,0.0071920319460332,Serie_A,0
8109,Niels Nkounkou,8,312,0,0.1008736714720726,1,0.6745163174346089,3,6,2,0,D S,Torino,0,0.1008736714720726,0.9245801521465182,0.1873615216463804,Serie_A,7
8163,Daniel Maldini,13,579,0,1.011496752500534,1,1.1081652780994773,15,10,1,0,F M S,"Atalanta,Lazio",0,1.011496752500534,2.665488827973604,1.5644197929650543,Serie_A,6
8226,Tariq Lamptey,2,22,0,0.0,0,0.1245279237627983,0,2,0,0,M S,Fiorentina,0,0.0,0.1245279237627983,0.0,Serie_A,2
8241,Balthazar Pierret,3,20,0,0.0,0,0.0,0,0,0,0,S,Lecce,0,0.0,0.0,0.0,Serie_A,1
8290,Edoardo Corvi,16,1440,0,0.0,0,0.0,0,0,1,0,GK,Parma Calcio 1913,0,0.0,1.1205426268279552,1.1205426268279552,Serie_A,0
8303,Marin Pongracic,26,2294,0,0.592979246750474,0,0.6049607004970312,8,5,9,0,D,Fiorentina,0,0.592979246750474,5.456092359498143,5.11748469248414,Serie_A,12
8321,Razvan Sava,7,620,0,0.0,0,0.0,0,0,1,0,GK S,Udinese,0,0.0,0.177310274913907,0.177310274913907,Serie_A,0
8326,Maduka Okoye,20,1716,0,0.0,0,0.0163314696401357,0,1,1,1,GK,Udinese,0,0.0,0.972408825531602,0.956077355891466,Serie_A,0
8330,Jean Onana,2,13,0,0.0195505674928426,0,0.0138853043317794,1,1,0,0,S,Genoa,0,0.0195505674928426,0.0334358718246221,0.0,Serie_A,1
8380,Pablo Marí,11,810,0,0.0482517899945378,0,0.1127859242260456,2,2,3,0,D S,Fiorentina,0,0.0482517899945378,1.7687735836952925,1.667766323313117,Serie_A,8
8383,Faustino Anjorin,12,227,0,0.603797011077404,0,0.0517955524846911,4,2,1,0,M S,Torino,0,0.603797011077404,1.2597587406635284,0.9915630668401718,Serie_A,4
8554,Rafael Obrador,6,302,0,0.039913373067975,1,0.166038217023015,2,2,0,0,D M S,Torino,0,0.039913373067975,0.5199725553393364,0.3612586706876755,Serie_A,0
8632,Enzo Ebosse,7,446,0,0.0585717372596263,0,0.0,1,0,1,0,D S,"Torino,Verona",0,0.0585717372596263,0.7745922021567822,0.7745922021567822,Serie_A,1
8720,Jack Harrison,6,423,0,0.0296458480879664,1,0.3618085160851478,2,5,0,0,D F M S,Fiorentina,0,0.0296458480879664,1.8686842806637287,1.6463553961366415,Serie_A,2
8728,Oier Zarraga,16,294,0,0.5969471037387848,0,0.1326537951827049,4,2,1,0,M S,Udinese,0,0.5969471037387848,0.8827867498621345,0.2680428018793463,Serie_A,3
8828,Ivan Ilic,8,414,0,0.0,0,0.7176270708441734,0,8,2,0,M S,Torino,0,0.0,1.2886295728385448,0.6005804687738419,Serie_A,5
8829,Nicolò Casale,11,582,0,0.1544591300189495,0,0.1185930557548999,4,3,0,0,D S,Bologna,0,0.1544591300189495,1.707671201787889,1.707671201787889,Serie_A,1
8852,Konstantinos Tsimikas,14,483,0,0.5030918344855309,0,0.0464560566470027,5,2,1,0,D M S,Roma,0,0.5030918344855309,1.6161248618736863,1.141974575817585,Serie_A,0
8857,Gabriele Zappa,24,1325,0,0.3935863487422466,3,1.6287479475140572,8,9,2,0,D S,Cagliari,0,0.3935863487422466,5.086792208254337,3.5787668228149414,Serie_A,16
8871,Marco Carnesecchi,28,2520,0,0.0,0,0.0,0,0,0,0,GK,Atalanta,0,0.0,5.836508112028241,5.836508112028241,Serie_A,0
8881,Lorenzo Montipò,25,2250,0,0.0,0,0.1374317221343517,0,2,0,0,GK,Verona,0,0.0,1.5785321723669767,1.4411004427820444,Serie_A,0
8895,Tete Morente,16,859,0,0.9692354239523412,0,0.8144437298178673,14,10,2,0,F M S,Lecce,0,0.9692354239523412,2.2564369663596158,0.9947964325547218,Serie_A,0
8967,Lautaro Valenti,20,1717,0,0.4092920050024986,0,1.1660469826310873,16,10,5,0,D S,Parma Calcio 1913,0,0.4092920050024986,4.934816662222147,4.027584176510572,Serie_A,25
9029,Simon Sohm,21,999,0,0.5459980424493551,1,1.8754409961402416,6,12,3,0,M S,"Bologna,Fiorentina",0,0.5459980424493551,3.813698979094625,2.875452149659395,Serie_A,3
9030,Filippo Rinaldi,1,90,0,0.0,0,0.0,0,0,1,0,GK,Parma Calcio 1913,0,0.0,0.0,0.0,Serie_A,0
9044,Alberto Paleari,19,1710,0,0.0,0,0.0,0,0,1,0,GK,Torino,0,0.0,1.117526289075613,1.117526289075613,Serie_A,0
9052,Josep Martínez,2,180,0,0.0,0,0.0,0,0,0,0,GK,Inter,0,0.0,0.510436162352562,0.510436162352562,Serie_A,0
9057,Franco Ezequiel Carboni,2,2,0,0.0,0,0.0,0,0,0,0,S,Parma Calcio 1913,0,0.0,0.0,0.0,Serie_A,0
9061,Pontus Almqvist,9,395,0,0.2460934966802597,0,1.3483628779649734,3,8,0,0,D M S,Parma Calcio 1913,0,0.2460934966802597,1.815683413296938,0.3749827705323696,Serie_A,6
9065,Nahuel Estévez,24,866,0,0.6200825851410627,0,0.960499269887805,8,9,2,0,M S,Parma Calcio 1913,0,0.6200825851410627,2.170715281739831,1.312626214697957,Serie_A,9
9090,Ardian Ismajli,19,1367,0,0.702794412150979,1,0.5390323810279369,5,4,4,0,D S,Torino,0,0.702794412150979,2.1814680080860853,1.6291438210755589,Serie_A,10
9134,Alessandro Di Pardo,3,50,0,0.1000637710094451,0,0.0,1,0,0,0,S,Cagliari,0,0.1000637710094451,0.1000637710094451,0.0,Serie_A,1
9179,Franco Israel,9,810,0,0.0,0,0.0,0,0,1,0,GK,Torino,0,0.0,1.5392499398440125,1.5392499398440125,Serie_A,0
9447,Niakhate Ndiaye,7,501,0,0.2153226546943187,0,0.0225565638393163,4,1,2,1,D S,Parma Calcio 1913,0,0.2153226546943187,1.0465838089585304,1.0073224045336246,Serie_A,0
9523,Andy Diouf,13,200,0,0.3741707131266594,0,1.1211286019533873,5,8,0,0,D S,Inter,0,0.3741707131266594,2.2346928995102644,0.7901197709143162,Serie_A,3
9561,Nicolò Bertola,23,1646,0,0.9637065827846528,1,1.025912756100297,12,8,3,0,D S,Udinese,0,0.9637065827846528,3.96245036739856,2.858090599998832,Serie_A,20
9691,Nuno Tavares,14,753,0,0.2945809476077556,0,0.7868942320346832,9,13,2,0,D S,Lazio,0,0.2945809476077556,2.678705877624452,2.307639894075692,Serie_A,9
9710,Armel Bella Kotchap,17,1264,0,0.0762253142893314,0,0.0466984026134014,3,1,3,0,D S,Verona,0,0.0762253142893314,2.4115765765309334,2.3733383491635323,Serie_A,10
9853,Simone Canestrelli,27,2312,0,1.0845902226865292,0,0.3194845682010054,11,8,2,0,D S,Pisa,0,1.0845902226865292,2.738664750009775,2.173572923988104,Serie_A,20
9854,Kristjan Asllani,15,1145,0,1.1615827651694417,0,1.1300613693892956,20,16,3,0,M S,Torino,0,0.4002839298918843,2.6788381403312087,2.2846737299114466,Serie_A,14
9855,Mattia Viti,10,231,0,0.0,0,0.0,0,0,1,1,D S,Fiorentina,0,0.0,0.3585231527686119,0.3585231527686119,Serie_A,4
9866,Nadir Zortea,23,1417,0,0.4220857946202159,2,2.220815857872367,11,24,1,0,D S,Bologna,0,0.4220857946202159,4.88720602914691,3.002793308347464,Serie_A,14
9893,Youssef Maleh,15,1001,0,1.016112644225359,0,0.6260567232966423,15,8,3,0,M S,"Cremonese,Lecce",0,1.016112644225359,2.055027186870575,1.183203011751175,Serie_A,3
9895,Nicolò Cavuoti,4,34,0,0.0,0,0.0,0,0,0,0,S,Cagliari,0,0.0,0.0,0.0,Serie_A,0
9902,Pasquale Mazzocchi,10,211,0,0.0465274639427661,0,0.4580715596675873,2,1,0,1,D S,Napoli,0,0.0465274639427661,1.1887798681855202,1.157135248184204,Serie_A,1
9905,David Okereke,3,107,0,0.0,0,0.012681177817285,0,1,0,0,F S,Cremonese,0,0.0,0.0340106906369328,0.0340106906369328,Serie_A,0
9919,Calvin Stengs,3,12,0,0.0507716424763202,0,0.0083027789369225,2,1,0,0,S,Pisa,0,0.0507716424763202,0.0771994031965732,0.0423924103379249,Serie_A,0
9924,Fabiano Parisi,18,1237,0,0.9002216560766101,1,1.89425316080451,16,18,5,0,D F M S,Fiorentina,0,0.9002216560766101,5.683807101100683,3.728206068277359,Serie_A,12
9935,Aster Vranckx,13,599,0,0.0885750222951173,0,0.0952156260609626,3,2,2,0,M S,Sassuolo,0,0.0885750222951173,0.6944874357432127,0.5529849007725716,Serie_A,5
9969,Teun Koopmeiners,25,1536,0,1.1923011280596256,0,0.623254019767046,25,15,5,0,D M S,Juventus,0,1.1923011280596256,6.172771999612451,5.458608269691467,Serie_A,10
9985,Johan Vásquez,28,2504,0,1.2086348244920373,0,0.4355616746470332,22,8,2,0,D,Genoa,0,1.2086348244920373,5.774916725233197,5.491538248024881,Serie_A,24
10036,Jeremy Sarmiento,7,127,0,0.05533710680902,0,0.1608402132987976,2,3,0,0,S,Cremonese,0,0.05533710680902,0.5485026314854622,0.3956798752769828,Serie_A,2
10073,Adam Obert,26,2019,0,0.9343828707933426,3,2.502007123082876,6,13,8,0,D S,Cagliari,0,0.9343828707933426,5.651722436770797,4.785723511129618,Serie_A,22
10075,Romano Floriani,20,763,0,0.1473126392811536,0,1.2225557565689087,4,7,2,0,D M S,Cremonese,0,0.1473126392811536,1.2468481287360191,0.6041281251236796,Serie_A,8
10143,Bryan Zaragoza,4,140,0,0.1814824938774109,1,0.8119799569249153,1,4,1,0,M S,Roma,0,0.1814824938774109,1.0063471645116806,0.0570940524339675,Serie_A,5
10255,Sadik Fofana,2,2,0,0.0,0,0.1078450679779052,0,1,0,0,S,Lecce,0,0.0,0.1078450679779052,0.0,Serie_A,0
10303,Jacopo Fazzini,14,414,0,0.8832504265010357,0,0.6466083712875843,9,7,1,0,M S,Fiorentina,0,0.8832504265010357,1.8464099019765852,0.3903855513781309,Serie_A,6
10328,Edon Zhegrova,12,260,0,0.4802727233618498,0,1.0260313991457224,14,9,0,0,S,Juventus,0,0.4802727233618498,1.817355740815401,1.202105674892664,Serie_A,3
10345,Samuele Angori,25,1779,0,0.4362884610891342,1,2.84406032320112,7,26,1,0,D M S,Pisa,0,0.4362884610891342,5.914003442041576,4.67653326690197,Serie_A,19
10380,Zito,12,304,0,1.151164494454861,0,0.3884659241884947,12,3,0,0,F M S,Cagliari,0,1.151164494454861,1.925946459174156,0.4089712295681238,Serie_A,0
10389,Fali Candé,12,509,0,0.1701168362051248,0,0.0114713637158274,3,1,2,0,D S,Sassuolo,0,0.1701168362051248,0.5957811279222369,0.4141929261386394,Serie_A,9
10413,Giovanni Bonfanti,9,501,0,0.2863771161064505,0,0.11172466725111,6,3,1,0,D S,Pisa,0,0.2863771161064505,0.4159418269991874,0.1316771451383829,Serie_A,6
10532,Giuseppe Ambrosino,3,31,0,0.0,0,0.0,0,0,0,0,S,Napoli,0,0.0,0.0524723585695028,0.0524723585695028,Serie_A,0
10561,Jesús Santiago,2,2,0,0.0100656328722834,0,0.0408281609416008,1,1,0,0,S,Verona,0,0.0100656328722834,0.0508937938138842,0.0,Serie_A,0
10577,Mario Gila,24,2038,0,1.1164315035566688,0,0.1698043309152126,11,4,3,1,D,Lazio,0,1.1164315035566688,4.220794886350632,4.1882579028606415,Serie_A,30
10616,Samuel Iling-Junior,4,92,0,0.0,0,0.0285100359469652,0,1,0,0,M S,Pisa,0,0.0,0.0285100359469652,0.0,Serie_A,1
10740,Jordan Zemura,15,1009,0,0.3313146717846393,1,1.2534602750092745,5,11,3,0,D S,Udinese,0,0.3313146717846393,2.027538286522031,1.6155340131372211,Serie_A,17
10796,Zakaria Aboukhlal,15,500,0,0.4121775142848491,0,0.5975706037133932,7,3,4,0,D M S,Torino,0,0.4121775142848491,1.3414292484521866,0.4527049548923969,Serie_A,12
10878,Sandi Lovric,8,286,0,0.2111946502700448,1,1.21618015691638,5,7,1,0,M S,"Udinese,Verona",0,0.2111946502700448,0.5116531057283282,0.2723117135465145,Serie_A,4
10890,Michele Di Gregorio,23,2070,0,0.0,0,0.0,0,0,1,0,GK,Juventus,0,0.0,2.830286832526326,2.830286832526326,Serie_A,0
10898,Warren Bondo,21,1452,0,0.136824769899249,0,0.161786250770092,5,3,4,0,M S,Cremonese,0,0.136824769899249,2.7735570929944515,2.4749460630118847,Serie_A,12
10899,Emirhan Ilkhan,12,597,0,0.4386122832074761,1,0.5460322396829724,4,8,1,1,M S,Torino,0,0.4386122832074761,1.913196686655283,1.7511177510023117,Serie_A,11
10906,Thórir Helgason,6,106,0,0.1966260410845279,0,0.1026582196354866,2,3,0,0,M S,Lecce,0,0.1966260410845279,0.2566287033259868,0.0511505398899316,Serie_A,0
10935,Dodô,27,2348,0,0.9809015495702624,2,3.720207205042243,18,39,6,0,D M,Fiorentina,0,0.9809015495702624,9.896850468590856,7.395760115236044,Serie_A,13
10955,Alex Sala,7,140,0,0.3768588658422231,1,0.1294361446052789,4,3,0,0,M S,Lecce,0,0.3768588658422231,0.3867439143359661,0.1100931875407695,Serie_A,2
10967,Mile Svilar,28,2520,0,0.0,0,0.0,0,0,0,0,GK,Roma,0,0.0,3.739930083975196,3.739930083975196,Serie_A,1
11022,Simone Perilli,3,270,0,0.0,0,0.0,0,0,0,0,GK,Verona,0,0.0,0.2584646940231323,0.2584646940231323,Serie_A,0
11023,Josh Doig,25,1731,0,0.6409039627760649,0,1.3835804536938667,9,12,4,0,D S,Sassuolo,0,0.6409039627760649,5.187372278422117,3.960902370046824,Serie_A,19
11027,Emanuele Valeri,24,1840,0,0.3772185733541846,2,3.1735197994858027,17,36,2,0,D M S,Parma Calcio 1913,0,0.3772185733541846,4.7099411161616445,3.636522998102009,Serie_A,24
11049,Reda Belahyane,11,510,0,0.1228644177317619,1,1.0493217185139656,1,5,1,1,M S,Lazio,0,0.1228644177317619,1.391117892228067,1.1652848226949573,Serie_A,5
11080,Valentín Carboni,12,345,0,0.6554981181398034,0,0.3237762823700905,6,4,2,0,M S,Genoa,0,0.6554981181398034,1.0826020389795303,0.2335170824080705,Serie_A,8
11139,Tommaso Barbieri,20,1361,0,0.7615791307762265,1,1.4825405105948448,11,8,5,0,D M S,Cremonese,0,0.7615791307762265,4.200760971754789,1.9991053631529208,Serie_A,18
11278,Gvidas Gineitis,20,1065,0,0.287777061574161,1,2.0990743581205606,10,18,4,0,M S,Torino,0,0.287777061574161,3.402166910469532,2.5310675986111164,Serie_A,18
11279,Ali Dembélé,2,15,0,0.0524663105607032,0,0.0,1,0,0,0,S,Torino,0,0.0524663105607032,0.0524663105607032,0.0,Serie_A,0
11350,Amin Sarr,27,926,0,1.542491452768445,1,1.3302771244198084,17,13,0,1,F M S,Verona,0,1.542491452768445,3.588831227272749,1.4688121173530817,Serie_A,8
11520,Lorenzo Bernasconi,18,1175,0,0.3501874497160315,3,2.294607339426875,8,21,3,0,D M S,Atalanta,0,0.3501874497160315,6.432952508330345,5.575412984937429,Serie_A,15
11536,David Odogu,1,2,0,0.0,0,0.0,0,0,0,0,S,AC Milan,0,0.0,0.0,0.0,Serie_A,0
11586,Ebenezer Akinsanmiro,14,925,0,0.9696200275793672,1,1.251743372529745,11,12,2,0,M S,Pisa,0,0.9696200275793672,3.05072158575058,0.94388635084033,Serie_A,16
11752,Amir Richardson,2,35,0,0.012502109631896,0,0.0,1,0,0,0,S,Fiorentina,0,0.012502109631896,0.012502109631896,0.0,Serie_A,1
11876,Luca Marianucci,5,380,0,0.0118798715993762,1,0.3906194530427456,1,4,1,0,D S,"Napoli,Torino",0,0.0118798715993762,2.503513872623444,2.101014655083418,Serie_A,4
11921,Filip Stojilkovic,6,262,0,0.5575930923223495,0,0.0,4,0,0,0,F M S,Pisa,0,0.5575930923223495,0.9808246418833731,0.4232315495610237,Serie_A,0
11929,Luca Lipani,14,668,0,0.7627072595059872,0,0.2192297815345227,10,5,0,0,M S,Sassuolo,0,0.7627072595059872,2.3314113076776266,1.6939235385507343,Serie_A,13
11930,Daniel Boloca,2,137,0,0.0955388396978378,0,0.0386174395680427,2,1,0,0,M,Sassuolo,0,0.0955388396978378,0.1647419761866331,0.0305857057683169,Serie_A,2
11946,Mohamed Kaba,15,614,0,0.4404364861547947,0,0.2189672160893678,9,5,1,0,M S,Lecce,0,0.4404364861547947,1.6230159662663937,1.139161642640829,Serie_A,7
11955,Alberto Dossena,4,360,0,0.7096395194530487,0,0.0404278598725795,4,1,3,0,D,Cagliari,0,0.7096395194530487,0.3066049367189407,0.2661770731210708,Serie_A,6
11990,Mateus Lusuardi,3,202,0,0.1197365634143352,0,0.1444711238145828,4,1,1,0,D,Pisa,0,0.1197365634143352,0.1128613799810409,0.1128613799810409,Serie_A,2
12011,Seydou Fini,1,30,0,0.0,0,0.025144163519144,0,1,0,0,S,Genoa,0,0.0,0.025144163519144,0.0,Serie_A,0
12012,Marcus Pedersen,21,1522,0,0.9995219148695468,0,1.42890302836895,10,10,3,0,D M S,Torino,0,0.9995219148695468,5.098375052213669,2.8456364795565605,Serie_A,11
12081,Assane Diao,7,322,0,0.6524256989359856,0,0.0236427541822195,7,1,0,0,M S,Como,0,0.6524256989359856,0.9945872351527214,0.409740686416626,Serie_A,0
12095,Tomás Suslov,3,39,0,0.0604373775422573,0,0.042365550994873,1,1,1,0,S,Verona,0,0.0604373775422573,0.1028029285371303,0.042365550994873,Serie_A,1
12104,Neil El Aynaoui,18,569,0,0.167308447882533,1,0.642777256667614,4,5,4,0,M S,Roma,0,0.167308447882533,2.4193202890455723,1.7296189274638891,Serie_A,7
12168,Alejandro Jiménez,1,42,0,0.0,0,0.1404095441102981,0,2,1,0,S,AC Milan,0,0.0,0.3835609853267669,0.2431514263153076,Serie_A,0
12356,Saba Goglichidze,8,418,0,0.5540105774998665,0,0.0634089224040508,3,2,2,0,D S,Udinese,0,0.5540105774998665,1.179652363061905,1.1365225426852703,Serie_A,8
12425,Faris Moumbagna,5,72,0,0.4495754614472389,0,0.017842786386609,2,1,0,0,S,Cremonese,0,0.4495754614472389,0.4004152715206146,0.0,Serie_A,0
12530,Mikayil Faye,8,238,0,0.0452544298022985,0,0.4483277201652527,2,1,1,0,D M S,Cremonese,0,0.0452544298022985,0.7969660088419914,0.3307258803397417,Serie_A,0
12609,Niccolò Fortini,16,488,0,0.2287251818925142,0,0.4631086196750402,8,4,0,0,D S,Fiorentina,0,0.2287251818925142,1.3271684758365154,0.7594672311097383,Serie_A,9
12635,Matteo Palma,5,109,0,0.0,0,0.0,0,0,0,0,D S,Udinese,0,0.0,0.2005495782941579,0.2005495782941579,Serie_A,0
12639,Junior Ajayi,1,1,0,0.0,0,0.0,0,0,0,0,S,Verona,0,0.0,0.0,0.0,Serie_A,0
12777,Patrizio Masini,22,1137,0,1.148725913837552,1,1.1930863494053483,13,8,5,0,M S,Genoa,0,1.148725913837552,3.8578443955630064,1.9499852396547797,Serie_A,33
12779,Honest Ahanor,16,1016,0,2.1688793301582336,0,0.0,10,0,1,1,D S,Atalanta,0,2.1688793301582336,2.3296032063663006,2.075949374586344,Serie_A,14
12781,Zion Suzuki,11,990,0,0.0,0,0.0,0,0,1,0,GK,Parma Calcio 1913,0,0.0,0.5010644234716892,0.5010644234716892,Serie_A,0
12782,Woyo Coulibaly,12,491,0,0.0659758113324642,0,0.1810096520930528,3,3,2,0,D S,Sassuolo,0,0.0659758113324642,2.5773730352520943,2.5113971987739205,Serie_A,4
12822,Álex Valle,22,1560,0,0.4286363776773214,3,0.9217184400185944,8,9,2,0,D S,Como,0,0.4286363776773214,6.473832853138447,5.606744163669646,Serie_A,27
12857,Daniel Mosquera,19,555,0,1.0957419574260712,2,0.9883034899830818,16,5,1,0,F S,Verona,0,1.0957419574260712,1.611335415393114,0.4711602106690407,Serie_A,2
12858,Daniele Ghilardi,14,650,0,0.3682742714881897,0,0.2328203953802585,1,2,0,0,D S,Roma,0,0.3682742714881897,2.140926502645016,1.9081061258912089,Serie_A,10
12872,Fisayo Dele-Bashiru,13,481,0,0.2393245846033096,0,0.2319006007164716,3,4,0,0,M S,Lazio,0,0.2393245846033096,4.024990435689688,3.647383943200112,Serie_A,6
12880,Albert Grønbæk,4,96,0,0.0388572290539741,0,0.1321971267461776,1,2,1,0,M S,Genoa,0,0.0388572290539741,0.520349532365799,0.3881524205207824,Serie_A,0
12885,Kialonda Gaspar,22,1826,0,0.7932648342102766,0,0.0,9,0,6,1,D S,Lecce,0,0.7932648342102766,2.6573333460837603,2.6573333460837603,Serie_A,0
12958,Alessandro Marcandalli,22,1710,0,0.1731266733258962,2,0.4247533250600099,3,7,4,0,D S,Genoa,0,0.1731266733258962,2.2249204330146317,1.800167152658105,Serie_A,12
12989,Jay Idzes,26,2340,0,0.0842933002859354,0,0.4942430555820465,4,1,2,0,D,Sassuolo,0,0.0842933002859354,4.510565479286015,3.988896455615759,Serie_A,13
13027,Gaby Jean,2,12,0,0.0,0,0.0,0,0,0,0,S,Lecce,0,0.0,0.0,0.0,Serie_A,0
13045,Eddy Kouadio,3,62,0,0.0,0,0.0108428392559289,0,1,0,0,S,Fiorentina,0,0.0,0.0972492191940546,0.0864063799381256,Serie_A,3
13050,Ignace Van der Brempt,12,657,0,0.0400538966059684,1,0.7521113492548466,1,4,2,0,D S,Como,0,0.0400538966059684,2.9097772166132927,2.753273569047451,Serie_A,7
13061,Benjamín Domínguez,12,457,0,0.5639386028051376,3,0.2637887708842754,10,7,1,0,M S,Bologna,0,0.5639386028051376,2.25650405883789,1.5675876699388027,Serie_A,2
13097,Mandela Keita,27,2217,0,0.2350350338965654,1,0.2838953603059053,12,11,1,0,M S,Parma Calcio 1913,0,0.2350350338965654,1.9808476213365795,1.655172755010426,Serie_A,39
13099,Rui Modesto,3,113,0,0.0113287363201379,1,0.4437576532363891,1,2,0,0,S,Udinese,0,0.0113287363201379,0.660630464553833,0.216872826218605,Serie_A,4
13237,Massimo Pessina,1,83,0,0.0,0,0.0,0,0,0,0,S,Bologna,0,0.0,0.1303282082080841,0.1303282082080841,Serie_A,0
13313,Nicolás Valentini,13,833,0,0.1321371765807271,0,0.5742030814290047,5,2,2,0,D S,Verona,0,0.1321371765807271,1.5840964056551456,0.9589374884963036,Serie_A,11
13330,Robinio Vaz,5,59,0,0.2381544709205627,0,0.0,3,0,0,0,S,Roma,0,0.2381544709205627,0.2796363681554794,0.0414818935096263,Serie_A,0
13331,Mathias Løvik,9,480,0,0.1799541944637894,0,0.1421054899692535,3,2,0,0,D S,Parma Calcio 1913,0,0.1799541944637894,0.5624273736029863,0.3316205590963363,Serie_A,8
13342,Alessandro Romano,2,5,0,0.0,0,0.0,0,0,0,0,S,Roma,0,0.0,0.5332328081130981,0.5332328081130981,Serie_A,0
13349,Lorenzo Venturino,8,169,0,0.1709453659132123,0,0.8195357844233513,3,6,0,0,M S,"Genoa,Roma",0,0.1709453659132123,1.3170110434293747,0.4311673007905483,Serie_A,0
13386,Jacob Ondrejka,13,665,0,1.3814130127429962,0,0.4258564375340938,18,5,1,0,F M S,Parma Calcio 1913,0,1.3814130127429962,2.7277359813451767,1.0622229920700192,Serie_A,2
13389,Devyne Rensch,15,631,0,0.5006411662325263,1,0.6770683731883764,4,3,0,0,D M S,Roma,0,0.5006411662325263,2.390970032662153,1.2393054366111755,Serie_A,11
13395,Danilo Veiga,26,2168,0,0.258736458607018,1,0.5190259264782071,6,14,6,0,D S,Lecce,0,0.258736458607018,2.9009882248938084,2.326763430610299,Serie_A,38
13401,Daniel Oyegoke,10,320,0,0.0326067134737968,0,0.0756955444812774,1,2,0,0,D S,Verona,0,0.0326067134737968,0.1659809025004506,0.0576786445453763,Serie_A,5
13423,Al Musrati,15,754,0,0.1397923780605197,1,0.2950643794611096,6,5,3,1,M S,Verona,0,0.1397923780605197,1.120885387994349,0.7337165456265211,Serie_A,0
13443,Ivan Smolcic,19,1110,0,0.827737694606185,0,1.1728884354233742,6,7,7,0,D S,Como,0,0.827737694606185,2.706800850108266,2.49996448494494,Serie_A,16
13447,Oliver Provstgaard,15,762,0,0.0194938071072101,0,0.5732915699481964,2,2,2,0,D S,Lazio,0,0.0194938071072101,3.0508348867297173,2.4775432869791985,Serie_A,0
13449,Victor Nelsson,28,2416,0,0.3612266927957535,0,0.0455894973129034,8,2,3,0,D S,Verona,0,0.3612266927957535,2.195880504325032,2.058097413741052,Serie_A,22
13453,Santiago Giménez,9,637,0,3.324646063148976,0,0.1757811568677425,21,3,1,0,F S,AC Milan,0,3.324646063148976,3.3121845200657845,1.036100372672081,Serie_A,4
13478,Sebastian Otoa,8,585,0,0.0394859854131937,0,0.0,2,0,1,0,D S,Genoa,0,0.0394859854131937,0.0862405691295862,0.0862405691295862,Serie_A,8
13479,Tobias Slotsager,7,417,0,0.1395334731787443,0,0.0,3,0,0,0,D S,Verona,0,0.1395334731787443,0.4186693364754319,0.4044773140922189,Serie_A,7
13537,Joi Nuredini,1,1,0,0.0,0,0.0,0,0,0,0,S,Genoa,0,0.0,0.0,0.0,Serie_A,0
13811,Idrissa Gueye,10,144,0,0.2361489608883857,0,0.0151001056656241,5,1,2,0,S,Udinese,0,0.2361489608883857,0.7465991405770183,0.6455514430999756,Serie_A,1
13873,Nicolae Stanciu,4,181,0,1.0953040271997452,0,0.0626854011788964,5,2,0,0,M S,Genoa,0,0.3340051919221878,0.6643378371372819,0.3493243539705872,Serie_A,3
13874,Owen Kouassi,4,231,0,0.0,0,0.0,0,0,0,0,D S,Lecce,0,0.0,0.3331151977181434,0.3331151977181434,Serie_A,0
13875,Jamil Siebert,11,801,0,0.1816267818212509,0,0.0619047880172729,3,1,1,0,D S,Lecce,0,0.1816267818212509,0.7109828507527709,0.5529152816161513,Serie_A,8
13876,Corrie Ndaba,10,385,0,0.1293806582689285,0,0.0260938070714473,2,1,0,0,D S,Lecce,0,0.1293806582689285,0.5749906077980995,0.5618049502372742,Serie_A,4
13877,Matías Pérez,1,31,0,0.0,0,0.0138194896280765,0,1,0,0,D,Lecce,0,0.0,0.0262540634721517,0.0124345738440752,Serie_A,0
13878,Olaf Gorter,2,27,0,0.0,0,0.0,0,0,0,0,S,Lecce,0,0.0,0.3341193124651909,0.3341193124651909,Serie_A,1
13880,Luca Moro,11,157,0,0.8332867855206132,0,0.2611876428127289,6,1,1,0,F S,Sassuolo,0,0.8332867855206132,1.207763969898224,0.1254846081137657,Serie_A,4
13893,Martin Vitík,15,1039,0,0.6876589376479387,0,0.170901820063591,6,3,3,0,D S,Bologna,0,0.6876589376479387,0.9287434592843056,0.7259107381105423,Serie_A,13
13894,Torbjørn Heggem,21,1821,0,0.9754415825009346,0,0.050894595682621,10,2,0,1,D S,Bologna,0,0.9754415825009346,3.9221371253952384,3.910115889273584,Serie_A,13
13895,Ardon Jashari,8,369,0,0.2176355235278606,1,1.0150983184576037,5,7,0,0,M S,AC Milan,0,0.2176355235278606,2.631325423717499,1.6172567903995514,Serie_A,7
13898,Jari Vandeputte,23,1497,0,1.2873810585588217,4,4.95699817687273,14,43,2,0,M S,Cremonese,0,1.2873810585588217,5.117416491732001,3.27388371899724,Serie_A,16
13899,Michele Collocolo,6,308,0,0.0767250163480639,0,0.1351211853325367,2,2,1,0,M S,Cremonese,0,0.0767250163480639,0.2515165731310844,0.0396703742444515,Serie_A,3
13900,Dachi Lordkipanidze,1,27,0,0.0,0,0.0,0,0,0,0,S,Cremonese,0,0.0,0.0,0.0,Serie_A,0
13937,Daniel Denoon,2,126,0,0.0,0,0.0,0,0,1,0,D,Pisa,0,0.0,0.0125019075348973,0.0125019075348973,Serie_A,2
13940,Gabriele Piccinini,17,628,0,2.0291440673172474,0,1.4180588852614164,13,6,2,0,M S,Pisa,0,2.0291440673172474,3.2483234517276287,0.4790901727974415,Serie_A,9
13942,Malthe Højholt,10,401,0,0.0852742120623588,0,0.1290254741907119,2,2,1,0,M S,Pisa,0,0.0852742120623588,0.2190431654453277,0.0639333054423332,Serie_A,0
13943,Louis Buffon,4,24,0,0.0,0,0.0,0,0,0,0,S,Pisa,0,0.0,0.0284282453358173,0.0284282453358173,Serie_A,0
13946,João Mário,15,627,0,0.1959697566926479,0,0.2755650505423546,4,4,1,0,D S,"Bologna,Juventus",0,0.1959697566926479,2.720298142172396,2.384189766831696,Serie_A,0
13951,Tjas Begic,1,1,0,0.0,0,0.0,0,0,0,0,S,Parma Calcio 1913,0,0.0,0.0,0.0,Serie_A,0
13956,Vakoun Bayo,13,408,0,1.242213656194508,1,0.6907146722078323,12,2,0,0,F S,Udinese,0,1.242213656194508,1.660660139285028,0.3063108921051025,Serie_A,1
13958,Lennon Miller,15,634,0,0.2771545182913542,1,0.46534039452672,8,5,2,0,M S,Udinese,0,0.2771545182913542,1.3406188106164336,0.6684079002588987,Serie_A,9
13960,Fallou Cham,6,225,0,0.343944251537323,0,0.5105274394154549,5,4,0,0,D S,Verona,0,0.343944251537323,0.884210005402565,0.0460183247923851,Serie_A,9
13970,Cheveyo Mul,2,2,0,0.0848034471273422,0,0.0,1,0,0,0,S,AC Milan,0,0.0848034471273422,0.0848034471273422,0.0,Serie_A,0
13980,Sascha Britschgi,23,1751,0,0.4099866766482591,2,1.940048583783209,13,16,4,0,D M S,Parma Calcio 1913,0,0.4099866766482591,3.8495027339085937,1.6205457923933864,Serie_A,16
13989,Antonio Arena,1,5,0,0.0,0,0.0,0,0,0,0,S,Roma,0,0.0,0.0,0.0,Serie_A,0
14005,Ioan Vermesan,1,7,0,0.0,0,0.0,0,0,0,0,S,Verona,0,0.0,0.0,0.0,Serie_A,0
14019,Zé Pedro,14,1057,0,0.197182185947895,0,0.0241447333246469,3,1,2,0,D S,Cagliari,0,0.197182185947895,1.6845571883022783,1.6423975117504597,Serie_A,0
14020,Joseph Liteta,4,277,0,0.0,0,0.0,0,0,0,0,M,Cagliari,0,0.0,0.1539649814367294,0.1539649814367294,Serie_A,2
14021,Benjamín Cremaschi,7,112,0,0.018050517886877,0,0.0129911238327622,1,1,0,0,M S,Parma Calcio 1913,0,0.018050517886877,0.0418197745457291,0.0288286507129669,Serie_A,0
14039,Jan Ziólkowski,12,440,0,0.0,0,0.0412672013044357,0,1,2,0,D S,Roma,0,0.0,0.7794324867427349,0.7794324867427349,Serie_A,0
14045,Tomás Esteves,1,11,0,0.0,0,0.0,0,0,0,0,S,Pisa,0,0.0,0.0,0.0,Serie_A,0
14047,Isak Vural,9,432,0,0.1141057442873716,0,0.041896004229784,3,2,3,0,M S,Pisa,0,0.1141057442873716,0.8936797603964806,0.817388579249382,Serie_A,3
14065,Juan Rodríguez,9,736,0,0.4496307969093323,0,0.0,1,0,3,0,D,Cagliari,0,0.4496307969093323,1.6619537957012651,1.6619537957012651,Serie_A,15
14085,Cas Odenthal,1,1,0,0.0,0,0.0,0,0,0,0,S,Sassuolo,0,0.0,0.0,0.0,Serie_A,0
14104,Laurs Skjellerup,1,8,0,0.0155376251786947,0,0.0,1,0,0,0,S,Sassuolo,0,0.0155376251786947,0.0155376251786947,0.0,Serie_A,0
14122,Pedro Felipe,1,1,0,0.0,0,0.0,0,0,0,0,S,Sassuolo,0,0.0,0.0,0.0,Serie_A,0
14125,Francesco Coppola,6,451,0,0.0926379188895225,0,0.0,2,0,3,0,D S,Pisa,0,0.0926379188895225,0.1846959665417671,0.1253593675792217,Serie_A,5
14140,Andréa Le Borgne,1,1,0,0.0,0,0.0,0,0,0,0,S,Como,0,0.0,0.0,0.0,Serie_A,0
14157,Matteo Lavelli,1,6,0,0.0,0,0.0,0,0,0,0,S,Inter,0,0.0,0.0,0.0,Serie_A,0
14342,Petar Ratkov,7,217,0,0.4612734653055668,0,0.0181191470474004,5,1,0,0,F S,Lazio,0,0.4612734653055668,0.3666649088263511,0.018939035013318,Serie_A,2
14347,Oumar Ngom,5,151,0,0.1078450679779052,0,0.1609671413898468,1,2,0,0,M S,Lecce,0,0.1078450679779052,0.307328749448061,0.1463616155087947,Serie_A,4
14348,Isaac,1,17,0,0.0,0,0.0,0,0,0,0,S,Verona,0,0.0,0.061270784586668,0.061270784586668,Serie_A,0
14350,Rosen Bozhinov,5,343,0,0.0083981873467564,0,0.0440067294985055,1,3,1,0,D S,Pisa,0,0.0083981873467564,0.7125477194786072,0.6938296854496002,Serie_A,2
14380,Justin Bijlow,7,630,0,0.0,0,0.0,0,0,0,0,GK,Genoa,0,0.0,0.800952635705471,0.800952635705471,Serie_A,0
14381,Nils Zätterström,1,1,0,0.0,0,0.0,0,0,0,0,S,Genoa,0,0.0,0.0,0.0,Serie_A,0
14386,Juan Arizala,2,19,0,0.0,0,0.0,0,0,0,0,S,Udinese,0,0.0,0.157021589577198,0.157021589577198,Serie_A,2
14403,Sandro Kulenovic,5,161,0,0.226688576862216,0,0.1063339635729789,3,2,1,0,F S,Torino,0,0.226688576862216,0.3182060047984123,0.0862340554594993,Serie_A,0
14412,Nesta Elphege,2,29,0,0.0,0,0.0928542241454124,0,1,0,0,S,Parma Calcio 1913,0,0.0,0.2352077066898346,0.1423534750938415,Serie_A,0
14416,Andrias Edmundsson,5,450,0,0.0294250659644603,0,0.0216030310839414,1,1,1,0,D,Verona,0,0.0294250659644603,0.4696192070841789,0.4185911081731319,Serie_A,6
14426,Alex Amorim,3,66,0,0.0835842713713646,0,0.0078355856239795,1,1,0,0,S,Genoa,0,0.0835842713713646,0.0579746291041374,0.0501390434801578,Serie_A,0
14433,Branimir Mlacic,2,63,0,0.0,0,0.0,0,0,1,0,D S,Udinese,0,0.0,0.0,0.0,Serie_A,2
7490,Mason Greenwood,24,1928,15,12.196605421602726,4,5.305337562225759,89,41,2,0,F M S,Marseille,10,6.875939480960369,18.508287225849926,10.317388112656772,Ligue_1,8
12413,Joaquín Panichelli,25,2070,14,13.53787224367261,1,2.9524750281125307,55,21,3,0,F M S,Strasbourg,9,8.977301452308893,13.91966013982892,3.735224630683661,Ligue_1,10
12850,Esteban Lepaul,25,1952,13,10.59918013215065,3,1.8226308543235064,59,13,2,0,F S,"Angers,Rennes",13,9.839085042476654,12.658822264522314,2.657160308212042,Ligue_1,0
3799,Wesley Said,23,1651,10,9.418479442596436,2,5.644292226061225,45,23,2,0,M S,Lens,9,8.658384293317795,17.550444051623344,7.211111053824425,Ligue_1,14
10016,Bradley Barcola,22,1340,10,9.821227848529816,1,4.046997956931591,55,32,2,0,F S,Paris Saint Germain,10,9.821227848529816,16.483905954286456,5.921061350032687,Ligue_1,12
3697,Odsonne Edouard,21,1373,9,9.413222569972277,3,1.804739236831665,39,15,1,0,F S,Lens,8,8.653127450495958,10.741136290133,2.905814934521913,Ligue_1,1
13735,Pavel Sulc,21,1265,9,7.207630645483732,3,2.644355747848749,36,14,2,0,F M S,Lyon,9,7.207630645483732,12.04757545143366,4.412233352661133,Ligue_1,10
318,Pierre-Emerick Aubameyang,22,1424,8,9.452259739860892,5,4.532771235797554,37,20,1,0,F M S,Marseille,8,9.452259739860892,14.600524006411431,3.3363794032484293,Ligue_1,5
942,Florian Thauvin,25,2025,8,10.399933580309153,3,6.619256658479571,57,54,5,0,M S,Lens,6,8.119648169726133,19.351282477378845,8.562990628182888,Ligue_1,15
3226,Ousmane Dembélé,15,717,8,4.726020611822605,4,3.614583231508732,30,32,0,0,F S,Paris Saint Germain,6,2.445735178887844,7.62077047675848,3.7235234528779984,Ligue_1,2
3721,Romain Del Castillo,23,1931,8,7.313626727089286,2,5.136610129848123,25,47,1,1,F M,Brest,2,1.2328657004982233,9.618478022515774,4.881046029739082,Ligue_1,29
7967,Anssumane Fati,16,620,8,9.429466433823109,0,0.9014446176588536,26,8,1,0,M S,Monaco,5,6.38908588513732,7.874669156968594,1.710142619907856,Ligue_1,0
9656,Ilan Kebbal,23,1984,8,5.371192855760455,4,3.583236757665873,45,46,5,0,F M,Paris FC,5,3.0909731052815914,11.499844685196877,6.544931035488844,Ligue_1,15
10347,Pablo Pagis,21,1301,8,5.951957071200013,1,2.4902915991842747,43,23,1,0,F M S,Lorient,7,5.191861921921372,7.586820980533957,2.200121384114027,Ligue_1,11
6846,Sofiane Diop,24,1659,7,5.97848916053772,2,2.536117314361036,42,23,5,0,F M S,Nice,5,4.458298861980438,10.641345341689885,5.06668215803802,Ligue_1,4
6905,Ludovic Ajorque,24,2114,7,8.201470337808132,7,2.436012983322144,41,32,9,1,F,Brest,7,8.201470337808132,13.524368507787583,4.217499651014805,Ligue_1,11
9690,Folarin Balogun,21,1510,7,8.476936468854547,4,3.4303453508764505,49,16,4,1,F S,Monaco,6,7.716841349378228,11.80534752830863,1.7029848173260689,Ligue_1,6
11164,Martial Godo,20,1037,7,6.360076632350683,1,0.6457938328385353,26,9,2,0,M S,Strasbourg,7,6.360076632350683,9.614949837327003,2.82991186901927,Ligue_1,6
3603,Corentin Tolisso,21,1703,6,7.244638100266457,1,3.272962977178395,38,26,4,0,F M S,Lyon,6,6.484542980790138,15.02260018326342,7.979830322787166,Ligue_1,17
5356,Breel Embolo,22,1367,6,5.423134101554751,3,1.4250572575256228,23,14,2,0,F S,Rennes,6,5.423134101554751,8.83715338818729,3.2955703120678663,Ligue_1,10
5727,Gauthier Hein,21,1635,6,4.977401345968247,4,2.4641363341361284,27,33,1,1,F M S,Metz,2,1.9370207376778128,5.6375167444348335,2.845761224627495,Ligue_1,5
6874,Yann Gboho,24,2082,6,4.220862723886967,3,2.773966858163476,42,45,1,0,F M S,Toulouse,6,4.220862723886967,9.39926617220044,2.985055807977915,Ligue_1,10
9345,Ahmadou Bamba Dieng,13,627,6,4.597288057208061,1,1.0815213648602366,26,10,2,0,F S,Lorient,5,3.837192937731743,4.193655632436276,1.2423871867358685,Ligue_1,0
10815,Lassine Sinayoko,24,2102,6,8.673219375312328,3,3.905975923873484,61,28,6,0,F M,Auxerre,3,5.632838886231184,9.331750303506851,2.619289293885231,Ligue_1,20
11792,Issa Soumaré,25,2132,6,10.304563573561609,2,3.091152213513851,56,20,2,0,F M S,Le Havre,5,8.024278125725687,10.337624922394753,2.51504996791482,Ligue_1,10
502,Olivier Giroud,22,1490,5,7.309854704886675,1,1.851565897464752,38,18,2,0,F S,Lille,3,5.029569208621979,8.15609771758318,2.1128038112074137,Ligue_1,6
6401,Amine Gouiri,14,835,5,5.189753580838442,2,1.492222175002098,25,15,0,0,F M S,Marseille,5,5.189753580838442,6.808841019868851,0.8895673714578152,Ligue_1,6
10058,Maghnes Akliouche,22,1751,5,4.633201429620385,3,3.847106486558914,35,28,2,0,F M S,Monaco,5,4.633201429620385,14.692412100732328,7.440132910385728,Ligue_1,21
10100,Kamory Doumbia,19,1469,5,3.976743220351637,3,3.404488582164049,36,20,6,0,M S,Brest,5,3.976743220351637,10.930396184325218,4.683715756982565,Ligue_1,27
10193,Frank Magri,17,1297,5,4.1963038221001625,1,0.8383028265088797,33,14,3,0,F M S,Toulouse,5,3.436208687722683,3.482685424387455,1.0790665484964848,Ligue_1,3
11757,Hákon Haraldsson,23,1730,5,4.8457300793379545,1,3.129910122603178,32,35,4,0,F M S,Lille,5,4.8457300793379545,13.260278955101969,7.452005410566926,Ligue_1,10
11767,Gonçalo Ramos,23,991,5,7.199973220005632,1,1.252511919476092,47,12,2,0,F S,Paris Saint Germain,4,6.439878040924668,5.981247004121542,1.6773306299000978,Ligue_1,10
12734,João Neves,14,1004,5,2.70427505671978,1,1.797830231487751,21,10,0,0,M S,Paris Saint Germain,5,2.70427505671978,7.528553754091263,5.5918706730008125,Ligue_1,12
13506,Rayan Fofana,20,631,5,5.782655875198543,0,0.2085050754249096,30,4,0,0,F S,Lens,5,5.782655875198543,6.838139999657869,1.428857408463955,Ligue_1,3
13976,Hamza Igamane,13,406,5,3.7606138456612825,1,0.6632731482386589,24,4,2,0,F S,Lille,5,3.7606138456612825,6.564457813277841,2.366913989186287,Ligue_1,4
14010,Igor Paixão,22,1365,5,3.884333174675703,4,1.5661813374608755,38,16,2,0,D M S,Marseille,5,3.884333174675703,9.222067276015878,4.857495456933975,Ligue_1,6
3475,Ludovic Blas,23,862,4,3.370120900683105,3,4.423398733139038,28,25,0,0,D F M S,Rennes,2,1.8499306319281457,9.337039860896766,4.639156831428409,Ligue_1,4
5769,Habib Diallo,18,1561,4,5.489312089979649,1,0.6029568668454885,33,10,0,0,F S,Metz,4,4.729216940701008,5.933437590487301,1.471715395338833,Ligue_1,3
7453,Khvicha Kvaratskhelia,21,1080,4,4.847407896071672,3,3.9861585907638073,47,27,1,0,F S,Paris Saint Germain,4,4.847407896071672,12.69029900804162,6.51881854236126,Ligue_1,8
8685,Mohamed Ali-Cho,17,1246,4,3.2169126383960247,3,3.177031572908163,23,17,1,0,F M S,Nice,4,3.2169126383960247,7.664882846176624,3.929410921409726,Ligue_1,0
9490,Matthis Abline,24,1896,4,5.459960578009486,2,2.9579119961708784,62,20,5,0,F M S,Nantes,4,4.699865398928523,7.887780610471964,2.6495010629296303,Ligue_1,11
10074,Sambou Soumano,24,826,4,6.763656470924616,2,1.7910350821912289,27,9,2,0,F S,Lorient,4,6.0035613514482975,5.763402245938778,0.3803564552217722,Ligue_1,3
10431,Désiré Doué,16,854,4,5.722375296056271,2,2.5421556401997805,34,19,0,0,F M S,Paris Saint Germain,4,4.962280161678791,10.570284634828568,4.339151345193386,Ligue_1,14
11065,Remy Labeau Lascary,19,760,4,2.8064277172088623,1,1.9085262157022955,21,9,2,0,F M S,Brest,4,2.8064277172088623,5.363210301846266,1.2583070043474436,Ligue_1,7
11817,Emanuel Emegha,7,407,4,3.623140922747552,2,1.264881502836943,16,3,3,0,F S,Strasbourg,4,3.623140922747552,4.3193855211138725,0.4580105412751436,Ligue_1,0
12847,Sidiki Chérif,19,1187,4,2.8283863738179207,0,0.6020375601947308,28,5,3,0,F M S,Angers,4,2.8283863738179207,5.694960653781891,2.5473209153860807,Ligue_1,3
13051,Matias Fernandez-Pardo,20,1603,4,6.514774341136217,3,3.1034742072224617,45,27,4,0,F M S,Lille,4,6.514774341136217,11.359268568456171,4.68307538330555,Ligue_1,10
13330,Robinio Vaz,14,346,4,2.746501445770264,2,0.9652759805321692,8,6,2,0,F S,Marseille,4,2.746501445770264,4.458853058516979,1.978359200060368,Ligue_1,0
13756,Santiago Hidalgo,21,840,4,3.1971947625279427,3,1.354342951439321,23,9,3,0,F M S,Toulouse,4,3.1971947625279427,4.629633519798517,1.682229358702898,Ligue_1,12
14082,Emersonn,19,1181,4,5.697367154061794,2,1.0416271388530731,39,12,3,1,F S,Toulouse,4,5.697367154061794,5.920007413253188,0.9760597487911582,Ligue_1,6
2082,Youssef El-Arabi,22,928,3,4.204976715147495,0,0.5688040424138308,15,9,0,0,F S,Nantes,3,3.444881595671177,2.720785405486822,0.5000742729753256,Ligue_1,9
2897,Aleksandr Golovin,18,1289,3,3.4212707336992025,5,2.096991397440433,26,19,1,1,M S,Monaco,3,3.4212707336992025,8.368010200560093,3.3721434930339456,Ligue_1,13
3357,Djibril Sidibe,25,1820,3,2.476725846529007,3,1.9042959352955224,7,13,1,0,D S,Toulouse,2,0.9565356075763702,4.3325231950730085,3.1672251727432013,Ligue_1,29
3536,Jean-Victor Makengo,22,1200,3,2.349602250382304,2,0.9537349110469222,31,16,0,0,F M S,Lorient,3,2.349602250382304,4.58987701870501,2.685169350355864,Ligue_1,11
5598,Angel Gomes,14,919,3,2.0597879961133003,0,1.0676721185445786,11,18,4,0,M S,Marseille,3,2.0597879961133003,7.522297575138509,4.833005172200501,Ligue_1,3
6332,Willem Geubbels,17,700,3,3.830189257860184,0,0.2881810516119003,23,3,0,0,F S,Paris FC,2,3.070094123482704,3.523918956518173,0.7703923434019089,Ligue_1,1
6452,Mahdi Camara,23,1871,3,1.4857945423573256,1,1.8797125425189731,16,17,4,1,D M S,Rennes,3,1.4857945423573256,8.307026403024793,5.632072109729052,Ligue_1,23
7169,Moses Simon,21,1423,3,2.343491015955806,2,2.587337831966579,27,17,1,0,F M S,Paris FC,3,2.343491015955806,6.977901887148619,2.797273339703679,Ligue_1,7
7763,Fabien Centonze,13,674,3,0.9152482133358716,0,0.1462906636297702,7,4,3,0,D S,Nantes,3,0.9152482133358716,1.8755668513476849,1.0043675219640136,Ligue_1,18
8239,Takumi Minamino,15,976,3,3.37246372550726,2,2.100285714492202,21,9,4,0,F M S,Monaco,3,3.37246372550726,6.809733860194683,1.606742171570659,Ligue_1,3
9182,Sepe Elye Wahi,6,383,3,1.9197401329874992,0,0.2262916192412376,10,4,2,0,F S,Nice,3,1.9197401329874992,2.462013065814972,0.3857480883598327,Ligue_1,0
9220,Charlie Cresswell,24,2160,3,3.023215001448989,2,1.152479212731123,31,9,6,0,D,Toulouse,3,3.023215001448989,4.639305531978607,3.173198278993368,Ligue_1,12
9444,Felix Correia,25,1437,3,3.977363171987236,5,4.820035055279732,25,30,1,0,M S,Lille,3,3.977363171987236,13.500020945444705,6.790850417688489,Ligue_1,7
9961,Nuno Mendes,17,1136,3,3.0087150670588017,3,4.041248494759202,28,25,1,0,D S,Paris Saint Germain,3,3.0087150670588017,10.530931789427996,8.299401380121708,Ligue_1,20
10831,Mostafa Mohamed,19,989,3,2.864439658820629,0,1.0488614942878485,30,8,1,0,F S,Nantes,3,2.864439658820629,2.743690123781562,0.1872416902333498,Ligue_1,5
11318,Abner,17,1372,3,1.699187085032463,0,1.2886827308684587,12,11,4,1,D F M S,Lyon,3,1.699187085032463,9.06714479625225,6.415559407323599,Ligue_1,12
11515,Tom Louchet,20,1099,3,3.110403211787343,2,2.9052378237247467,20,18,1,1,D F M S,Nice,3,3.110403211787343,7.569517721422017,2.89887058082968,Ligue_1,12
11710,Simon Adingra,5,285,3,1.3474811501801014,0,0.0530870296061039,8,1,0,0,D F M S,Monaco,3,1.3474811501801014,2.394193321466446,1.0271354913711548,Ligue_1,8
11782,Mousa Al Tamari,24,1602,3,2.5810093572363257,5,3.320172474719584,42,25,4,0,D F M S,Rennes,3,2.5810093572363257,10.00592625886202,4.915096767246723,Ligue_1,0
11790,Rassoul Ndiaye,25,1918,3,2.364191291853785,3,1.9144136980175968,24,22,1,0,M S,Le Havre,3,2.364191291853785,6.064441768452525,2.910905519500375,Ligue_1,23
11978,Diego Moreira,23,1860,3,1.6906429044902325,5,6.677227875217795,23,32,4,0,D M S,Strasbourg,3,1.6906429044902325,12.43599378876388,7.630006575956941,Ligue_1,22
12045,Aron Dønnum,20,1775,3,4.186363624408841,3,4.810451177880168,29,49,6,0,D F M,Toulouse,0,1.906078239902854,7.618856381624937,3.31673323828727,Ligue_1,23
12049,Aiyegun Tosin,18,854,3,4.173687620088458,0,0.9823329150676728,22,10,1,0,F M S,Lorient,3,3.41359250061214,3.798181425780058,0.3866597898304462,Ligue_1,0
12066,Ethan Mbappé,11,381,3,1.807846773415804,1,1.0610422901809216,13,8,0,0,F M S,Lille,3,1.807846773415804,2.9720294289290905,0.6592808365821838,Ligue_1,5
12285,Mamadou Coulibaly,17,1105,3,1.6519226357340813,2,0.9926657527685164,7,10,4,1,M S,Monaco,3,1.6519226357340813,5.798786252737045,3.765428736805916,Ligue_1,17
12345,Senny Mayulu,18,1194,3,3.3705584071576595,4,2.9051930215209723,23,27,1,0,D F M S,Paris Saint Germain,3,3.3705584071576595,8.9571342933923,3.736971955746412,Ligue_1,21
12884,Endrick,6,513,3,2.9597277119755745,3,2.174958974123001,17,12,2,1,F,Lyon,2,2.199632592499256,4.932555429637432,0.6769555285573006,Ligue_1,0
12970,Sebastian Nanasi,11,397,3,2.168072894215584,1,1.4739970453083515,10,10,0,0,M S,Strasbourg,3,2.168072894215584,4.3060752637684345,0.9068383816629648,Ligue_1,3
13210,Mohamed Meïté,17,502,3,4.262058779597282,2,1.3208915255963802,22,5,0,0,F S,Rennes,3,4.262058779597282,5.048720572143793,1.39393512904644,Ligue_1,0
13604,Prosper Peter,22,920,3,4.583660250529647,0,0.5453158523887396,17,10,0,0,F S,Angers,3,4.583660250529647,5.492057979106903,0.4782813070341944,Ligue_1,2
343,Pierre-Emile Højbjerg,23,1925,2,2.8218725752085447,4,2.800375986844301,31,26,3,0,M S,Marseille,2,2.8218725752085447,14.828966429457068,11.871723677031696,Ligue_1,0
914,Nabil Bentaleb,20,805,2,1.1262279180809855,2,0.920847188681364,16,7,2,0,M S,Lille,1,0.3661327725276351,5.946147055365145,5.036113030277193,Ligue_1,2
3223,Benjamin André,20,1793,2,1.9812850132584567,1,1.798245188780129,22,21,7,0,M,Lille,2,1.9812850132584567,9.665507344529033,7.467150464653969,Ligue_1,27
3544,Jeremie Boga,14,645,2,2.242340716533363,2,1.6494678808376193,15,13,0,0,F M S,Nice,2,2.242340716533363,4.732685995288193,1.3068652814254165,Ligue_1,2
3549,Adrien Thomasson,24,2096,2,4.338520022109151,7,6.029466893523932,31,62,8,0,M,Lens,2,4.338520022109151,17.69302562624216,11.061043787747622,Ligue_1,38
3674,Abdoulaye Touré,11,740,2,1.529643937945366,0,0.1853813733905553,13,3,2,0,M S,Le Havre,2,0.769548799842596,2.433296410366893,1.6395775396376848,Ligue_1,6
5197,Achraf Hakimi,14,1090,2,2.231421809643507,1,0.8122581765055656,21,15,3,1,D F S,Paris Saint Germain,2,2.231421809643507,8.391519607976079,6.626397632062435,Ligue_1,10
5696,Vincent Marchetti,18,749,2,2.0657163811847568,0,0.1364982947707176,23,3,1,0,M S,Paris FC,2,2.0657163811847568,3.859366323798895,1.7301826290786266,Ligue_1,12
6006,Ruben Aguilar,21,1542,2,1.0442059729248283,2,2.050424974411726,13,19,3,1,D S,Lens,2,1.0442059729248283,8.664091408252716,6.879391567781568,Ligue_1,22
6147,Denis Zakaria,15,1229,2,1.6148726418614388,1,1.360045701265335,11,5,3,1,D M S,Monaco,2,1.6148726418614388,3.4894625656306744,2.814301174134016,Ligue_1,14
6500,Romain Perraud,21,1678,2,1.0868828799575567,3,3.248318101279437,23,30,4,1,D S,Lille,2,1.0868828799575567,9.056693017482758,6.834987334907055,Ligue_1,25
6601,Timothy Weah,22,1704,2,2.420339955948293,2,2.634191241115332,19,23,3,0,D M S,Marseille,2,2.420339955948293,13.483919966965914,9.995887307450175,Ligue_1,26
6935,Naif Aguerd,16,1407,2,0.8858112841844559,0,0.2695878790691495,10,3,4,0,D,Marseille,2,0.8858112841844559,9.148570242337884,9.126714654266834,Ligue_1,0
7313,Lee Kang-In,20,1105,2,2.406436964869499,3,5.014779511839151,32,40,2,0,F M S,Paris Saint Germain,2,2.406436964869499,9.340296590700746,5.295538822188973,Ligue_1,6
7562,Eric Junior Dina Ebimbe,19,618,2,2.341624105349183,0,0.9807161204516888,17,4,1,0,F M S,Brest,2,2.341624105349183,4.240245707333088,1.3560877181589603,Ligue_1,0
7739,Joris Chotard,24,2074,2,1.173827306367457,0,0.0795768806710839,21,4,1,0,M S,Brest,2,1.173827306367457,7.73984179738909,6.676567406393588,Ligue_1,26
7747,Mama Baldé,13,649,2,2.738395519554615,2,0.4310522526502609,27,6,0,0,F M S,Brest,2,2.738395519554615,2.7499196231365204,0.2184502659365534,Ligue_1,0
7908,Marshall Munetsi,7,327,2,1.6593735739588735,0,0.0651715695858001,6,2,0,0,M S,Paris FC,2,1.6593735739588735,1.3474493026733398,0.1174110919237136,Ligue_1,13
8684,Fodé Doucouré,20,834,2,1.2434498006477952,1,1.9122723769396544,16,14,1,0,F M S,Le Havre,2,1.2434498006477952,4.379169530235231,1.607536856085062,Ligue_1,18
8690,Jean-Phillipe Krasso,23,984,2,4.02201761957258,2,2.831903169862926,25,19,0,0,F S,Paris FC,1,3.261922503821552,7.267616204917431,1.3108352674171329,Ligue_1,0
8997,Terem Igobor Moffi,10,484,2,2.451147548854351,0,0.6640479266643524,16,5,0,0,F S,Nice,2,2.451147548854351,3.3552748262882237,0.5393990576267242,Ligue_1,0
9001,Martín Satriano,11,696,2,2.151202028617263,1,1.252128679305315,16,10,0,0,F S,Lyon,2,2.151202028617263,3.52288687415421,1.1022675083950162,Ligue_1,7
9929,Théo Le Bris,24,1638,2,1.709531266707927,2,1.3978275619447231,16,13,0,0,D S,Lorient,2,1.709531266707927,4.5129544283263385,2.5689482847228646,Ligue_1,25
10091,Tyler Morton,21,1866,2,1.785670276731253,2,1.9647408807650208,22,24,4,1,M,Lyon,2,1.785670276731253,9.690613759681582,7.716892760246992,Ligue_1,23
10295,Louis Mouton,24,1680,2,2.674029426649213,1,2.15154710970819,30,18,1,1,M S,Angers,2,2.674029426649213,7.006325107999146,2.681197897531092,Ligue_1,22
10349,Mika Biereth,23,988,2,3.207695998251438,2,1.8105308897793293,19,15,0,0,F M S,Monaco,2,3.207695998251438,5.986077502369881,1.4153078310191631,Ligue_1,7
10485,Guemissongui Ouattara,21,1307,2,1.8476862479001284,0,1.7157900668680668,18,5,2,0,D M S,Strasbourg,2,1.8476862479001284,6.434995774179697,4.897929448634386,Ligue_1,0
10517,Yassin Belkhdim,25,1995,2,2.099342290312052,2,1.505092361010611,28,14,4,0,M S,Angers,2,2.099342290312052,7.199304236099124,4.470330400392413,Ligue_1,39
10818,Kévin Danois,24,2043,2,1.6512804813683033,1,3.523925142362714,20,40,3,0,M S,Auxerre,2,1.6512804813683033,6.857353771105409,4.1803162060678005,Ligue_1,26
10868,Guela Doué,18,1525,2,1.701092544477433,5,1.881382867693901,9,12,3,0,D M S,Strasbourg,2,1.701092544477433,7.751462835818529,5.781909562647343,Ligue_1,27
10923,Himad Abdelli,17,1005,2,1.9128024354577065,0,0.554893160238862,14,9,2,0,M S,"Angers,Marseille",0,0.3926121443510055,5.091049790382385,4.5613878313452005,Ligue_1,1
11142,Pierre Ganiou,14,1246,2,1.5460406132042408,0,0.2637620456516742,9,4,1,1,D,Lens,2,1.5460406132042408,5.775942996144295,5.74108861386776,Ligue_1,0
11294,Lilian Raolisoa,23,1250,2,0.8824950307607651,1,2.156882788985968,11,15,2,0,D F M S,Angers,2,0.8824950307607651,5.66353209875524,2.759098831564188,Ligue_1,18
11806,Sadibou Sané,14,1130,2,0.1430946551263332,0,0.0174725130200386,3,1,3,2,D S,Metz,2,0.1430946551263332,1.6205049566924572,1.6205049566924572,Ligue_1,16
12111,Amir Murillo,16,978,2,1.0468609929084778,1,1.9396317675709724,9,11,4,0,D M S,Marseille,2,1.0468609929084778,9.449122466146946,7.076627906411886,Ligue_1,0
12336,Malick Fofana,9,750,2,2.6917807161808014,1,2.172333646565676,18,9,1,0,M,Lyon,2,2.6917807161808014,6.68719756603241,2.72025478258729,Ligue_1,5
12804,George Ilenikhena,15,343,2,1.2629067562520504,0,0.2268627993762493,15,3,0,0,F S,Monaco,2,1.2629067562520504,2.503964938223362,1.0573195964097977,Ligue_1,0
12844,Bahereba Guirassy,17,759,2,1.807077709585428,1,0.9433707259595394,12,6,0,0,F M S,Nantes,2,1.807077709585428,3.135500321164727,0.4723921976983547,Ligue_1,11
13329,Abdelhamid Aït Boudlal,12,764,2,1.1382043985649943,1,0.531465470790863,4,1,2,1,D S,Rennes,2,1.1382043985649943,2.215797355398536,2.1961575653404,Ligue_1,7
13732,Samson Baidoo,18,1544,2,2.378174432553351,1,0.4557065162807703,15,3,2,0,D S,Lens,2,2.378174432553351,5.679901123046875,5.1784957982599735,Ligue_1,18
13739,Afonso Moreira,19,978,2,1.7208419367671013,6,4.331596934236586,23,21,2,0,F M S,Lyon,2,1.7208419367671013,8.236634971573949,3.21157693490386,Ligue_1,15
13794,Arsène Kouassi,23,1937,2,0.4613398211076855,4,2.9966941382735968,5,24,3,0,D S,Lorient,2,0.4613398211076855,5.222578683868051,3.6095102336257696,Ligue_1,15
13809,Giorgi Tsitaishvili,25,1759,2,1.1378068840131164,1,2.856958769261837,22,29,2,0,D F M S,Metz,2,1.1378068840131164,5.063372308388352,1.5809925682842731,Ligue_1,0
13888,Danny Namaso,21,1805,2,6.314386431127787,2,2.934854596853256,51,25,6,0,F M S,Auxerre,2,6.314386431127787,9.093853160738943,2.9169895630329847,Ligue_1,0
13917,Mamadou Sangaré,22,1759,2,2.456316290423274,2,1.7749894857406616,33,17,4,0,M S,Lens,2,2.456316290423274,12.654082766734064,9.646455890499055,Ligue_1,43
13918,Julián Vignolo,12,153,2,1.6874926052987576,0,0.330946609377861,8,7,0,0,M S,Toulouse,2,1.6874926052987576,0.6546274572610855,0.129887368530035,Ligue_1,3
14131,Amine Sbaï,17,1210,2,2.248496927320957,1,1.5609613694250584,21,19,1,0,F M S,Angers,2,2.248496927320957,5.245735365897417,2.064631532877684,Ligue_1,0
14132,Djibirin Harouna,13,262,2,1.236529216170311,1,0.5691567659378052,6,3,2,0,M S,Angers,2,1.236529216170311,1.4143584202975037,0.0995081439614296,Ligue_1,0
14406,Noah Nartey,5,423,2,0.8745171874761581,0,0.068956995382905,3,2,0,0,M S,Lyon,2,0.8745171874761581,2.283605359494686,1.3401311207562685,Ligue_1,5
101,Allan Saint-Maximin,4,152,1,0.1843209154903888,2,0.8102877894416451,5,7,0,0,M S,Lens,1,0.1843209154903888,1.1414931192994118,0.2635524272918701,Ligue_1,0
643,Eric Dier,8,678,1,0.5377254784107208,0,0.028601836413145,3,1,0,0,D S,Monaco,1,0.5377254784107208,2.885582761839032,2.856980921700597,Ligue_1,2
1144,Seko Fofana,12,659,1,0.7612503450363874,0,0.6452769339084625,9,11,0,0,M S,Rennes,1,0.7612503450363874,3.743103414773941,2.6357836835086346,Ligue_1,2
1750,Ainsley Maitland-Niles,23,1919,1,2.450333006680012,3,2.748555427417159,12,18,4,1,D M S,Lyon,1,1.6902378425002098,9.149783361703156,5.650931207463145,Ligue_1,30
2447,Fabián,13,805,1,1.5254386328160765,2,1.219550495967269,13,12,0,0,M S,Paris Saint Germain,1,1.5254386328160765,5.715117409825325,3.932994544506073,Ligue_1,0
3237,Aissa Mandi,20,1622,1,0.7202100222930312,0,0.424257181584835,9,7,6,0,D S,Lille,1,0.7202100222930312,7.0512441378086805,6.770763216540217,Ligue_1,17
3285,Gaetan Perrin,5,265,1,0.5568676721304655,0,1.0265619307756424,6,8,1,0,F M S,Lille,1,0.5568676721304655,2.216420743614435,1.0310187228024006,Ligue_1,4
3363,Benjamin Pavard,20,1391,1,0.7761205099523067,2,1.7946659661829472,8,8,4,0,D S,Marseille,1,0.7761205099523067,7.707942010834813,7.567479284480214,Ligue_1,1
3390,Rémy Cabella,8,481,1,1.598829306662083,0,1.1051190495491028,6,14,1,0,F M S,Nantes,0,0.8389328569173813,2.4320472851395607,0.8946479558944702,Ligue_1,6
3673,Valentin Rongier,23,2030,1,0.6735134171321988,4,3.7639638436958194,18,33,4,0,M,Rennes,1,0.6735134171321988,12.444063004106283,10.251070922240617,Ligue_1,31
3701,Gautier Lloris,22,1767,1,1.0197261283174155,1,1.0396993905305862,9,3,1,1,D S,Le Havre,1,1.0197261283174155,2.0409587156027555,1.9514867309480903,Ligue_1,18
4764,Jean-Philippe Gbamin,22,1828,1,1.7584689389914274,1,0.8014759933575988,12,11,2,1,D M,Metz,1,1.7584689389914274,3.4626265736296773,2.8949337052181363,Ligue_1,21
4882,Laurent Abergel,23,2004,1,0.7207506746053696,0,0.8493237104266882,20,14,6,0,M,Lorient,1,0.7207506746053696,6.252795144915581,5.36317490413785,Ligue_1,22
5619,Pierre Lees-Melou,16,1258,1,1.3523380644619465,1,0.7454567514359951,24,10,4,0,M S,"Brest,Paris FC",1,1.3523380644619465,5.7225304543972015,4.414508584886789,Ligue_1,24
5661,Jonathan Ikone,14,501,1,1.150022592395544,0,0.5590994507074356,9,4,1,0,F M S,Paris FC,1,1.150022592395544,1.6816020347177982,0.5958906896412373,Ligue_1,5
5684,Arnaud Nordin,5,383,1,0.8907104842364788,1,0.5294119343161583,9,2,1,0,D F M,Rennes,1,0.8907104842364788,1.812092810869217,0.9306650906801224,Ligue_1,6
5742,Hugo Magnetti,24,2021,1,0.4717331938445568,1,0.7454536482691765,18,12,4,0,M S,Brest,1,0.4717331938445568,6.388499122112989,5.82030591275543,Ligue_1,33
6017,Chidozie Awaziem,21,1871,1,0.4299875032156706,1,0.9525147508829832,9,9,6,0,D,Nantes,1,0.4299875032156706,3.0252513978630304,2.6391132567077875,Ligue_1,15
6238,Ignatius Ganago,5,240,1,1.3065086342394352,0,0.0,5,0,0,0,F S,Nantes,0,0.5464134849607944,0.4700724259018898,0.3353459946811199,Ligue_1,0
6308,Jessy Deminguet,23,1392,1,0.2020416362211108,0,0.2295913118869066,8,3,4,0,M S,Metz,1,0.2020416362211108,3.120012426748872,2.7591732256114483,Ligue_1,14
6923,Mohammed Salisu,12,1080,1,0.8756848890334368,0,0.1508046872913837,8,2,3,0,D,Monaco,1,0.8756848890334368,3.4531896859407425,3.2525459304451942,Ligue_1,11
6986,Hamed Junior Traore,7,350,1,1.066493920981884,1,0.7216425351798534,5,5,1,0,M S,Marseille,1,1.066493920981884,2.819501139223576,1.0313646961003542,Ligue_1,0
7081,Francisco Sierralta,10,869,1,0.7252583894878626,0,0.0387212000787258,7,1,2,0,D S,Auxerre,1,0.7252583894878626,1.4416037444025278,1.4416037444025278,Ligue_1,6
7501,Amadou Haidara,3,64,1,0.3569767819717526,0,0.0,2,0,0,0,S,Lens,1,0.3569767819717526,0.5433141933754086,0.186337411403656,Ligue_1,0
7631,Sebastian Szymanski,7,393,1,0.2572379577904939,2,0.6794272139668465,5,6,0,0,M S,Rennes,1,0.2572379577904939,2.2527724355459213,1.5108431577682495,Ligue_1,6
8050,Hichem Boudaoui,17,1025,1,2.176826361566782,2,0.9468166530132294,15,11,4,0,M S,Nice,1,2.176826361566782,4.5453897677361965,1.9901648070663212,Ligue_1,0
8119,Boubacar Traore,19,1391,1,0.9109912049025296,0,0.221991928294301,18,4,3,0,M S,Metz,1,0.9109912049025296,2.354182376526296,1.5097705023363233,Ligue_1,25
8187,Georges Mikautadze,2,180,1,1.2365504503250122,0,0.0,10,0,0,0,F,Lyon,1,1.2365504503250122,1.773119866847992,0.5973338335752487,Ligue_1,1
8190,Melvin Bard,21,1709,1,0.3509226171299815,1,1.3971813097596169,13,12,3,0,D M S,Nice,1,0.3509226171299815,5.399287672713399,4.647158616222441,Ligue_1,17
8697,Jonathan Clauss,22,1825,1,1.0513972276821733,5,6.294277437031269,16,49,0,0,D M S,Nice,1,1.0513972276821733,9.542533360421658,4.73624929971993,Ligue_1,29
8703,Sinaly Diomande,15,1328,1,1.5240850299596786,1,0.4875274710357189,4,4,1,1,D,Auxerre,1,1.5240850299596786,1.4009460881352425,1.3664055466651917,Ligue_1,11
8777,Vitinha,24,1861,1,0.890582175925374,7,3.427176354452968,31,33,2,0,M S,Paris Saint Germain,1,0.890582175925374,17.44014709070325,15.057023901492355,Ligue_1,20
8920,Dilane Bakwa,3,94,1,0.0750504583120346,2,0.6692362725734711,2,3,0,0,S,Strasbourg,1,0.0750504583120346,1.7559681087732315,1.680917650461197,Ligue_1,2
9092,Marvin Senaya,19,1527,1,1.3491626419126987,0,0.1817782819271087,13,5,6,0,D S,Auxerre,1,1.3491626419126987,2.269932935014367,2.058303153142333,Ligue_1,22
9399,Quentin Merlin,24,1724,1,1.664761358872056,3,3.053225412964821,21,26,1,0,D M S,Rennes,1,1.664761358872056,7.744157053530216,5.375143306329846,Ligue_1,20
9633,Przemyslaw Frankowski,16,1128,1,0.3376607820391655,2,2.383134559728205,9,23,4,0,D M S,Rennes,1,0.3376607820391655,5.8206763518974185,5.146849500015378,Ligue_1,0
9645,Jim Allevinah,6,110,1,0.7092178463935852,0,0.0279313083738088,5,1,0,0,S,Angers,1,0.7092178463935852,0.8133896142244339,0.0762404650449752,Ligue_1,1
9661,Igor Silva,14,1196,1,0.3342035049572587,0,0.5010415175929666,7,8,1,0,D S,Lorient,1,0.3342035049572587,2.085690787062049,1.8507669549435375,Ligue_1,0
9885,Tanner Tessmann,22,1637,1,2.5203601457178597,0,1.3079778980463743,24,10,1,0,D M S,Lyon,1,2.5203601457178597,11.186911167576907,9.041421501897275,Ligue_1,19
10270,Lohann Doucet,5,114,1,0.6114895138889551,0,0.0927539598196744,2,4,2,0,M S,Paris FC,1,0.6114895138889551,0.7432505246251822,0.0653122887015342,Ligue_1,0
10581,Junior Mwanga,18,1484,1,1.1464128233492374,1,1.0294693931937218,10,16,2,1,D M,"Nantes,Strasbourg",1,1.1464128233492374,4.347559055313468,2.7056875210255384,Ligue_1,5
10620,Luca Koleosho,6,184,1,0.5488629247993231,0,0.1463950183242559,3,2,0,0,M S,Paris FC,1,0.5488629247993231,0.9535550512373449,0.2582971081137657,Ligue_1,1
10786,Warren Zaïre-Emery,25,2036,1,1.4253815347328782,4,3.7308402908965945,16,37,2,0,D M S,Paris Saint Germain,1,1.4253815347328782,15.998274402692914,12.78885354846716,Ligue_1,25
10789,Anthony Rouault,17,1365,1,1.4373616427183151,0,0.1411349698901176,6,5,3,0,D S,Rennes,1,1.4373616427183151,5.360077667981386,4.832145292311907,Ligue_1,12
11016,Ousmane Camara,24,2045,1,0.2155840881168842,0,0.2501995433121919,5,4,1,0,D S,Angers,1,0.2155840881168842,6.261789381504059,6.012492172420025,Ligue_1,26
11046,Abdallah Sima,14,332,1,0.7842620462179184,1,0.3996310606598854,11,6,2,0,M S,Lens,1,0.7842620462179184,1.795715019106865,0.698036216199398,Ligue_1,4
11058,Julio Enciso,18,1349,1,4.534966474398971,2,2.181138012558222,39,16,2,0,M S,Strasbourg,1,4.534966474398971,9.51209545508027,3.851753324270248,Ligue_1,7
11132,Ethan Nwaneri,5,216,1,0.4416860844939947,1,0.979939728975296,6,5,1,0,M S,Marseille,1,0.4416860844939947,1.552441604435444,1.0050452966243029,Ligue_1,0
11259,Julien Le Cardinal,5,323,1,0.4954712763428688,0,0.0292062759399414,5,1,1,0,D S,Brest,1,0.4954712763428688,0.3809934593737125,0.0494261644780635,Ligue_1,5
11486,Illia Zabarnyi,20,1667,1,0.4138290770351887,0,0.1647182032465934,2,4,3,0,D S,Paris Saint Germain,1,0.4138290770351887,9.437796145677568,9.41553458571434,Ligue_1,14
11618,Samuel Amo-Ameyaw,18,552,1,0.7245830167084932,1,0.5762739339843392,7,7,1,0,D M S,Strasbourg,1,0.7245830167084932,3.617670044302941,2.432782966643572,Ligue_1,9
11762,Morgan Guilavogui,16,444,1,1.7886713072657583,0,1.1636604741215706,10,11,3,1,M S,Lens,1,1.7886713072657583,4.216861076653004,2.2034296356141567,Ligue_1,10
11777,Cristian Cásseres Jr.,23,1882,1,1.621417237445712,0,1.7273365892469883,21,27,5,0,M S,Toulouse,1,0.8613220732659101,5.623656805604696,4.341161530464888,Ligue_1,33
11788,Arouna Sangante,21,1739,1,0.3941835854202509,1,0.3081656005233526,7,7,3,1,D,Le Havre,1,0.3941835854202509,2.639401549473405,2.463952327147126,Ligue_1,13
11789,Josué Casimir,23,1333,1,2.7186045553535223,0,0.6487831696867943,21,7,3,1,D F M S,Auxerre,1,1.9585093911737204,4.1349325478076935,1.621759319677949,Ligue_1,13
11795,Yassine Kechta,23,1063,1,1.3131993394345045,1,1.2449280843138697,17,10,3,0,F M S,Le Havre,1,1.3131993394345045,4.420244293287396,2.0549600571393967,Ligue_1,13
11798,Koffi Kouao,21,1794,1,1.2276908298954368,1,1.2461658138781786,18,11,8,0,D,Metz,1,1.2276908298954368,3.687917216680944,1.6439541904255748,Ligue_1,36
11962,Oussama El Azzouzi,11,821,1,0.6952410852536559,0,0.5211914069950581,5,9,1,1,D M S,Auxerre,1,0.6952410852536559,1.5860830247402191,0.8512548767030239,Ligue_1,15
12000,Ibou Sané,16,520,1,0.3316338993608951,1,0.943551391363144,6,5,2,0,F M S,Metz,1,0.3316338993608951,1.4006390273571014,0.232405548915267,Ligue_1,3
12328,Arthur Avom,22,1522,1,0.8156556682661176,1,2.4815191961824894,16,26,3,0,M S,Lorient,1,0.8156556682661176,5.493466780520976,3.281335406936705,Ligue_1,22
12346,Beraldo,11,833,1,0.3841647915542125,0,0.0260392893105745,3,1,1,0,D S,Paris Saint Germain,1,0.3841647915542125,4.958410568535328,4.958410568535328,Ligue_1,0
12383,Mohamed Bamba,18,664,1,2.8765433095395565,2,1.6329459995031357,13,6,3,0,F S,Lorient,1,2.116448190063238,3.6792133301496506,0.6662338711321354,Ligue_1,2
12426,Stanis Idumbo Muzambo,8,129,1,1.0647227093577385,1,0.4020053409039974,6,3,0,0,S,Monaco,1,1.0647227093577385,1.4752825424075129,0.036861315369606,Ligue_1,0
12498,Valentín Barco,22,1821,1,1.600720213726163,4,4.904985975474119,19,32,4,1,M S,Strasbourg,1,1.600720213726163,13.736535992473364,9.255924915894866,Ligue_1,28
12733,Ibrahim Mbaye,18,811,1,2.2309685610234737,2,2.089094409719109,18,17,0,0,F M S,Paris Saint Germain,1,2.2309685610234737,6.714168179780245,2.570751622319221,Ligue_1,6
12800,Ngal&#039;ayel Mukau,21,893,1,2.2633031737059355,0,0.2545448457822203,15,8,2,0,M S,Lille,1,2.2633031737059355,3.3658021986484528,2.054438291117549,Ligue_1,0
12801,Osame Sahraoui,16,434,1,1.1932789869606495,2,0.7470568045973778,11,8,0,0,M S,Lille,1,1.1932789869606495,4.109580367803574,2.456595327705145,Ligue_1,3
12846,Louis Leroux,17,1230,1,1.3084061611443758,1,0.3721708245575428,10,12,1,0,D M S,Nantes,1,1.3084061611443758,2.753698866814375,1.706028927117586,Ligue_1,17
13053,Saud Abdulhamid,18,804,1,0.2974680848419666,2,1.035684056580067,5,8,1,0,D S,Lens,1,0.2974680848419666,4.105485530570149,2.869842985644937,Ligue_1,17
13070,Ali Abdi,15,890,1,0.5011469712480903,0,1.1005097664892671,4,10,2,1,D M S,Nice,1,0.5011469712480903,1.47310124989599,0.8003963502123952,Ligue_1,8
13206,Matt O&#039;Riley,15,725,1,0.8605696111917496,2,3.089729510247708,7,12,2,0,M S,Marseille,1,0.8605696111917496,6.183519525453448,4.171106377616525,Ligue_1,0
13471,Soriba Diaoune,10,160,1,0.9795868322253228,1,0.2010346315801143,10,5,0,0,M S,Lille,1,0.9795868322253228,1.3917466141283512,0.5611154288053513,Ligue_1,2
13548,Stephan Zagadou,6,446,1,0.100525863468647,0,0.013506724499166,1,1,0,0,D S,Le Havre,1,0.100525863468647,0.8222395367920399,0.8087327964603901,Ligue_1,5
13626,Quentin Ndjantou,10,344,1,1.466904889792204,1,0.3161036949604749,9,5,1,0,M S,Paris Saint Germain,1,1.466904889792204,3.159311279654503,1.608749993145466,Ligue_1,0
13734,Adam Karabec,17,776,1,1.5106305330991745,0,1.277747644111514,8,16,2,0,M S,Lyon,1,1.5106305330991745,4.627093434333801,3.148124977946281,Ligue_1,3
13738,Ruben Kluivert,11,636,1,0.467510849237442,2,0.7292618155479431,1,2,2,0,D S,Lyon,1,0.467510849237442,2.727930672466755,2.727930672466755,Ligue_1,7
13744,Felix Mambimbi,15,473,1,0.5050474088639021,0,0.6646161191165447,5,6,1,0,F M S,Le Havre,1,0.5050474088639021,1.5717325350269675,0.5822047553956509,Ligue_1,10
13750,Kojo Peprah Oppong,23,1900,1,1.3100588582456112,0,0.5910270726308227,10,6,3,0,D S,Nice,1,1.3100588582456112,5.099375122226775,4.354343648999929,Ligue_1,23
13751,Isak Jansson,16,527,1,1.2952465619891882,0,0.8146452065557241,13,6,2,0,F M S,Nice,1,1.2952465619891882,2.6565928496420383,1.218448868021369,Ligue_1,6
13757,Alexis Vossah,17,691,1,0.4387269616127014,1,0.5139592438936234,8,4,2,1,M S,Toulouse,1,0.4387269616127014,1.4633997231721878,0.9923279583454132,Ligue_1,4
13782,Nathan Ngoy,21,1677,1,1.3308724742382765,1,0.9425815641880037,16,3,5,1,D S,Lille,1,1.3308724742382765,6.897725274786353,6.7059659995138645,Ligue_1,15
13783,Marius Broholm,11,269,1,0.9693003743886948,1,0.5659592226147652,4,8,0,0,M S,Lille,0,0.2092052325606346,0.7709199376404285,0.401414081454277,Ligue_1,6
13795,Dermane Karim,23,1083,1,1.3013652451336384,2,2.306101989001036,15,14,3,0,F M S,Lorient,1,1.3013652451336384,5.477302500978112,2.585036803036928,Ligue_1,11
13800,Samir Chergui,12,976,1,1.6221805308014154,0,0.1467773839831352,11,2,1,0,D S,Paris FC,1,1.6221805308014154,4.329122580587864,4.045926749706268,Ligue_1,10
13801,Alimami Gory,16,689,1,1.1472944356501102,1,0.4621707927435636,9,2,0,0,D F M S,Paris FC,1,1.1472944356501102,2.552325604483485,0.960314493626356,Ligue_1,7
13802,Nouha Dicko,8,51,1,0.6042886339128017,1,0.2991392016410827,5,1,0,0,S,Paris FC,1,0.6042886339128017,0.8723113313317299,0.3390029333531856,Ligue_1,0
13805,Adama Camara,20,1588,1,1.7935077156871555,0,0.645462030544877,16,10,6,0,D M S,Paris FC,1,1.7935077156871555,7.358039651066065,5.75487818941474,Ligue_1,19
13813,Giorgi Abuashvili,17,492,1,0.6227935338392854,0,0.5343582592904568,13,6,1,0,D F M S,Metz,1,0.6227935338392854,1.5832949690520763,0.6773670576512814,Ligue_1,6
13818,Kendry Páez,15,411,1,1.0802584141492844,0,0.4478355869650841,10,6,0,0,F M S,Strasbourg,1,1.0802584141492844,2.189251961186528,0.9697998259216548,Ligue_1,4
13906,Nordan Mukiele,3,40,1,0.1269813515245914,0,0.0916880220174789,3,1,0,0,S,Rennes,1,0.1269813515245914,0.4104386419057846,0.2834572792053222,Ligue_1,0
13975,Noah Cadiou,19,1041,1,1.099705251865089,1,0.3059351556003093,11,6,0,0,M S,Lorient,1,1.099705251865089,3.7982125002890825,2.567776320502162,Ligue_1,10
14033,Mayckel Lahdo,8,434,1,0.659747552126646,1,0.1672076191753149,3,4,1,0,F M S,Nantes,1,0.659747552126646,1.5088953264057636,0.7161721922457218,Ligue_1,2
14052,Pathé Mboup,20,867,1,3.109931495040655,0,0.9543697312474252,18,7,5,0,M S,Brest,1,3.109931495040655,5.857854515314102,1.8131424421444533,Ligue_1,14
14229,Noam Obougou,5,84,1,0.1607356611639261,0,0.0,4,0,0,0,S,Le Havre,1,0.1607356611639261,0.1486101411283016,0.0,Ligue_1,0
14241,Kenny Quetant,8,374,1,0.9725517965853214,0,0.0230902209877967,8,1,1,0,F S,Le Havre,1,0.9725517965853214,0.5541733372956514,0.1824631877243518,Ligue_1,0
14358,Pape Diop,8,702,1,0.993591689504683,1,1.2394108604639769,21,15,2,0,M,Toulouse,1,0.993591689504683,2.1511341109871864,1.2275631837546823,Ligue_1,0
14363,Rémi Himbert,5,31,1,0.5259633660316467,0,0.0,4,0,0,0,S,Lyon,1,0.5259633660316467,0.5259633660316467,0.0,Ligue_1,1
14379,Kail Boudache,6,268,1,2.3218805715441704,0,0.0664280662313103,9,2,1,0,S,Nice,1,2.3218805715441704,1.454291358590126,0.1912256702780723,Ligue_1,4
14407,Nathan Mbala,5,53,1,0.1405125372111797,0,0.1591975279152393,4,3,0,0,S,Metz,1,0.1405125372111797,0.3001881577074528,0.2330616638064384,Ligue_1,0
148,Dante,8,573,0,0.1098976247012615,0,0.0,4,0,1,0,D S,Nice,0,0.1098976247012615,2.6618708819150925,2.650930032134056,Ligue_1,3
281,Lukas Hradecky,8,635,0,0.0,0,0.0,0,0,0,0,GK,Monaco,0,0.0,1.353652346879244,1.353652346879244,Ligue_1,1
399,Ulisses García,4,203,0,0.0429399330168962,0,0.0308229159563779,2,1,1,1,D S,Marseille,0,0.0429399330168962,0.190365944057703,0.1376217044889927,Ligue_1,4
497,Francis Coquelin,12,440,0,0.1162510830909013,0,0.1288716830313205,4,2,1,0,M S,Nantes,0,0.1162510830909013,0.5001387260854244,0.2732462901622057,Ligue_1,8
782,Ben Chilwell,18,1462,0,0.2908765040338039,2,1.4190899282693863,5,7,4,0,D M S,Strasbourg,0,0.2908765040338039,7.290870858356357,6.087650401517749,Ligue_1,17
849,Chancel Mbemba,11,858,0,0.287587895989418,0,0.5853789737448096,5,4,2,0,D S,Lille,0,0.287587895989418,4.277567163109779,4.227935507893562,Ligue_1,8
1209,Ciro Immobile,4,313,0,0.2778130061924457,0,0.480618879199028,4,3,1,0,F,Paris FC,0,0.2778130061924457,0.9235391840338708,0.2603928670287132,Ligue_1,0
1245,Emerson,20,1569,0,0.2741222139447927,3,3.053189367055893,9,29,2,0,D S,Marseille,0,0.2741222139447927,10.964121023193002,9.416354950517416,Ligue_1,0
1326,Assane Diousse,14,186,0,0.1560398302972316,0,0.1471826359629631,4,3,3,0,M S,Auxerre,0,0.1560398302972316,0.8970118267461658,0.7924451166763902,Ligue_1,1
1461,Pol Lirola,3,19,0,0.0,0,0.0796073451638221,0,1,0,0,S,Marseille,0,0.0,0.0796073451638221,0.0,Ligue_1,3
1516,Geoffrey Kondogbia,8,494,0,0.2751816101372242,0,0.0203239433467388,4,1,3,0,D M S,Marseille,0,0.2751816101372242,2.519465228542685,2.4827302489429712,Ligue_1,7
1734,Sofiane Boufal,8,474,0,0.223939387127757,2,1.2986730094999075,7,12,1,0,F M S,Le Havre,0,0.223939387127757,1.537422213703394,0.9268268197774888,Ligue_1,5
1740,Paul Pogba,3,22,0,0.0,0,0.0,0,0,0,0,S,Monaco,0,0.0,0.0331927090883255,0.0331927090883255,Ligue_1,2
1754,Joel Asoro,8,220,0,0.7841950580477715,0,0.0951687544584274,4,1,0,0,F S,Metz,0,0.7841950580477715,0.890510804951191,0.1063157469034195,Ligue_1,0
1760,Arthur Masuaku,1,1,0,0.0,0,0.0,0,0,0,0,S,Lens,0,0.0,0.0,0.0,Ligue_1,2
2063,Timothée Kolodziejczak,11,660,0,0.0428484007716178,0,0.0367399360984563,1,2,2,0,D S,Paris FC,0,0.0428484007716178,1.1362606137990952,1.0995206870138643,Ligue_1,6
2225,Gerónimo Rulli,21,1890,0,0.0,0,0.0,0,0,1,0,GK,Marseille,0,0.0,3.3680711835622787,3.3680711835622787,Ligue_1,0
2276,Lucas Hernández,17,1160,0,0.2572824377566576,2,1.0486548505723476,7,12,2,0,D S,Paris Saint Germain,0,0.2572824377566576,10.245208837091925,9.287604957818983,Ligue_1,7
2383,André Gomes,2,4,0,0.0,0,0.0,0,0,0,0,S,Lille,0,0.0,0.1375834643840789,0.1375834643840789,Ligue_1,0
2674,Thilo Kehrer,19,1650,0,1.4407017305493357,0,0.0864391215145587,15,4,3,2,D,Monaco,0,1.4407017305493357,5.567697145044804,5.551215685904026,Ligue_1,23
3239,Hamari Traore,11,877,0,0.3639629986137151,1,0.6969081042334437,4,5,3,0,D,Paris FC,0,0.3639629986137151,3.1492836829274893,2.6526078563183546,Ligue_1,17
3253,Frederic Guilbert,1,12,0,0.0,0,0.0,0,0,0,0,S,Nantes,0,0.0,0.0475540310144424,0.0475540310144424,Ligue_1,0
3269,Anthony Lopes,24,2159,0,0.0651054456830024,0,0.0,1,0,3,0,GK,Nantes,0,0.0651054456830024,1.176384700462222,1.176384700462222,Ligue_1,1
3276,Rachid Ghezzal,7,129,0,0.1070287097245454,0,0.0212944336235523,3,1,0,0,F S,Lyon,0,0.1070287097245454,0.6986606381833553,0.6526466608047485,Ligue_1,2
3286,Kevin Trapp,13,1170,0,0.0,0,0.0,0,0,2,0,GK,Paris FC,0,0.0,1.7463964521884918,1.7463964521884918,Ligue_1,0
3290,Benjamin Stambouli,14,738,0,0.2379691917449236,0,0.8940097391605377,5,7,0,0,M S,Metz,0,0.2379691917449236,1.282194085419178,0.9033274054527284,Ligue_1,14
3291,Adrien Rabiot,1,90,0,0.0285489968955516,0,0.1987203657627105,1,4,1,0,M,Marseille,0,0.0285489968955516,0.2597158551216125,0.1337805688381195,Ligue_1,21
3297,Marquinhos,11,770,0,0.027354821562767,0,0.0329714883118867,1,2,0,0,D S,Paris Saint Germain,0,0.027354821562767,4.457501379773021,4.424529878422618,Ligue_1,9
3348,Florian Sotoca,19,106,0,0.1935299634933471,0,0.7291110586374998,4,4,1,0,S,Lens,0,0.1935299634933471,1.3276719823479652,0.5889580845832825,Ligue_1,0
3393,Bouna Sarr,3,157,0,0.0476631596684455,0,0.0,1,0,0,0,D M S,Metz,0,0.0476631596684455,0.4990789070725441,0.4514157436788082,Ligue_1,1
3414,Maxime Dupé,8,720,0,0.0,0,0.0287394300103187,0,1,0,0,GK,Nice,0,0.0,0.6414920538663864,0.6414920538663864,Ligue_1,0
3495,Pierrick Capelle,7,155,0,0.0596243664622306,0,0.108758982270956,1,2,0,0,S,Angers,0,0.0596243664622306,0.1503083147108554,0.0415493324398994,Ligue_1,4
3621,Neal Maupay,1,1,0,0.0,0,0.0,0,0,0,0,S,Marseille,0,0.0,0.0,0.0,Ligue_1,0
3696,Morgan Sanson,23,1135,0,1.689486232586205,2,1.028896895237267,12,9,3,0,M S,Nice,0,1.689486232586205,3.511113411746919,1.2533100359141829,Ligue_1,17
3743,Lucas Tousart,17,451,0,0.2135011199861765,0,0.4796754773706198,5,4,0,0,M S,Brest,0,0.2135011199861765,1.3609012886881828,0.6677246764302254,Ligue_1,11
3772,Maxime Lopez,20,1694,0,0.3220146242529154,3,4.93763561733067,8,39,8,0,M S,Paris FC,0,0.3220146242529154,11.65427747927606,8.295806977897882,Ligue_1,14
3785,Kelvin Adou,21,1873,0,0.340591112151742,1,1.3065578881651163,10,7,3,0,D,Nantes,0,0.340591112151742,4.1232285387814045,2.960315763950348,Ligue_1,0
3786,Mathieu Cafaro,8,131,0,0.2964838612824678,0,0.2414950653910637,6,3,0,0,F S,Paris FC,0,0.2964838612824678,0.8715657591819763,0.555083841085434,Ligue_1,0
4748,Brice Samba,24,2160,0,0.0,0,0.0573797356337308,0,2,3,0,GK,Rennes,0,0.0,4.466433055698872,4.430905278772116,Ligue_1,0
4941,Hans Hateboer,11,425,0,0.2192401885986328,0,0.0,5,0,0,1,D S,"Lyon,Rennes",0,0.2192401885986328,1.9959576092660427,1.8913271240890024,Ligue_1,0
5177,Caio Henrique,21,1521,0,0.1910106763243675,1,2.675951985642314,2,19,2,0,D M S,Monaco,0,0.1910106763243675,4.062545172870159,3.891177363693714,Ligue_1,0
5480,Matvey Safonov,8,720,0,0.0,0,0.0981416627764701,0,2,0,0,GK,Paris Saint Germain,0,0.0,2.619750464335084,2.5216088015586138,Ligue_1,0
5648,Malang Sarr,24,2160,0,1.062201688066125,1,0.3133099973201751,15,2,2,0,D,Lens,0,1.062201688066125,9.223695546388626,8.788962718099356,Ligue_1,30
5680,Thomas Meunier,17,1201,0,0.5277708694338799,1,1.7013682778924704,11,11,2,0,D S,Lille,0,0.5277708694338799,6.252734506502748,4.769680628553033,Ligue_1,11
5690,Karl-Johan Johnsson,1,90,0,0.0,0,0.0,0,0,0,0,GK,Strasbourg,0,0.0,0.3783048093318939,0.3783048093318939,Ligue_1,0
5732,Abdoulaye Bamba,3,98,0,0.0148292882367968,0,0.0,1,0,0,0,D S,Angers,0,0.0148292882367968,0.384023517370224,0.3691942393779754,Ligue_1,1
5745,Matthieu Udol,25,2243,0,2.491485845297575,7,9.782948218286036,31,41,2,0,D,Lens,0,2.491485845297575,14.893280372023582,7.184814501553774,Ligue_1,13
5756,Carlens Arcus,23,2008,0,0.2048528864979744,3,2.0858899280428886,9,16,6,0,D,Angers,0,0.2048528864979744,7.784162422642112,6.961508544161916,Ligue_1,28
5762,Pierre-Yves Hamel,2,78,0,0.0,0,0.0,0,0,0,0,F S,Paris FC,0,0.0,0.1015194579958915,0.1015194579958915,Ligue_1,0
5768,Remy Descamps,4,360,0,0.0,0,0.0,0,0,0,0,GK,Lyon,0,0.0,0.7219540178775787,0.7219540178775787,Ligue_1,0
5803,Fode Toure,12,861,0,0.2401369120925665,0,0.9939170219004154,5,4,2,0,D S,Metz,0,0.2401369120925665,1.0049719577655196,0.7275086650624871,Ligue_1,0
5962,Tanguy NDombele Alvaro,7,188,0,0.2509399391710758,1,0.4536733664572239,4,4,0,0,M S,Nice,0,0.2509399391710758,0.886938314884901,0.2175728492438793,Ligue_1,0
5974,Bingourou Kamara,3,270,0,0.0,0,0.0,0,0,0,0,GK,Lorient,0,0.0,0.0,0.0,Ligue_1,0
5975,Kenny Lala,24,2143,0,0.2368002831935882,2,2.958029102534056,8,19,3,0,D,Brest,0,0.2368002831935882,7.5549605172127485,5.688504343852401,Ligue_1,17
5989,Moussa Niakhate,22,1850,0,0.110002283938229,2,0.6721621491014957,3,9,3,0,D S,Lyon,0,0.110002283938229,9.136553319171073,8.744060578756034,Ligue_1,15
6007,Nicolas Cozza,21,1577,0,0.1318902056664228,0,0.3279413618147373,3,7,1,0,D S,Nantes,0,0.1318902056664228,1.9940731171518564,1.6424136944115162,Ligue_1,13
6015,Kouakou Herve Koffi,22,1980,0,0.0,0,0.0,0,0,1,0,GK,Angers,0,0.0,3.784053707495332,3.784053707495332,Ligue_1,0
6088,Orel Mangala,3,16,0,0.0942384004592895,0,0.0317738205194473,1,1,0,0,S,Lyon,0,0.0942384004592895,0.1260122209787368,0.0,Ligue_1,2
6110,Yvon Mvogo,22,1980,0,0.0,0,0.0835237056016922,0,1,0,0,GK,Lorient,0,0.0,2.672190903685987,2.672190903685987,Ligue_1,1
6333,Elisha Owusu,20,1556,0,0.0550172580406069,0,0.7502844166010618,3,8,6,0,M S,Auxerre,0,0.0550172580406069,4.495699154213071,4.021552326157689,Ligue_1,35
6420,Romain Faivre,4,164,0,0.1090985387563705,0,0.0330629050731658,3,1,0,0,F S,Auxerre,0,0.1090985387563705,0.2203813940286636,0.111282855272293,Ligue_1,2
6709,Yehvann Diouf,17,1530,0,0.0,0,0.0,0,0,0,0,GK,Nice,0,0.0,1.295802200213075,1.295802200213075,Ligue_1,0
6895,Jordan Lefort,25,2250,0,0.4249364528805017,2,0.8347879536449909,8,7,2,0,D,Angers,0,0.4249364528805017,6.684269648045301,6.269884545356035,Ligue_1,20
6904,Ibrahima Sissoko,5,263,0,0.0381014179438352,0,0.0,3,0,2,0,D M S,Nantes,0,0.0381014179438352,0.433417547494173,0.3953161351382732,Ligue_1,3
7206,Jonathan Gradit,9,810,0,0.10594142973423,0,0.0885385647416114,2,2,2,0,D,Lens,0,0.10594142973423,2.78721896186471,2.739480827003717,Ligue_1,12
7486,Leonardo Balerdi,18,1353,0,1.238036636263132,1,0.2238230034708976,11,4,4,0,D S,Marseille,0,1.238036636263132,7.850169672630727,7.739345445297658,Ligue_1,18
7649,Younes Namli,12,300,0,0.1397290034219622,1,0.4426164589822292,4,2,2,0,F M S,Le Havre,0,0.1397290034219622,0.6029007220640779,0.4048599619418382,Ligue_1,5
7732,Haris Belkebla,24,2102,0,0.1169335059821605,0,0.4312891950830817,4,10,7,0,M,Angers,0,0.1169335059821605,6.018376648426056,5.603609509766102,Ligue_1,31
7735,Donovan Léon,23,2025,0,0.0,0,0.0648864954710006,0,1,0,1,GK,Auxerre,0,0.0,1.5618039332330227,1.4969174340367315,Ligue_1,2
7736,Brendan Chardonnet,23,2015,0,0.6386830396950245,3,1.3931277804076672,8,7,4,0,D,Brest,0,0.6386830396950245,5.567552885040641,4.788826955482364,Ligue_1,15
7765,Thomas Delaine,5,200,0,0.0810187254101038,0,0.2349496707320213,3,3,0,0,D M S,Le Havre,0,0.0810187254101038,0.5613143611699343,0.530651330947876,Ligue_1,0
8028,Uros Radakovic,4,15,0,0.0,0,0.0,0,0,0,0,S,Nantes,0,0.0,0.0,0.0,Ligue_1,0
8287,Mbwana Samatta,18,939,0,3.774888081476092,0,0.9927709084004164,26,12,4,0,F S,Le Havre,0,3.774888081476092,4.4430543910712,0.3767966255545616,Ligue_1,3
8372,Lucas Gourna Douath,7,626,0,0.0752035602927208,0,0.0531923249363899,4,3,3,0,M,Le Havre,0,0.0752035602927208,0.6338052712380886,0.533750968053937,Ligue_1,0
8638,Lucas Chevalier,17,1530,0,0.0,0,0.0,0,0,0,0,GK,Paris Saint Germain,0,0.0,3.965225800871849,3.965225800871849,Ligue_1,0
8641,Radoslaw Majecki,10,868,0,0.0,0,0.0,0,0,0,1,GK,Brest,0,0.0,0.7219709865748882,0.7219709865748882,Ligue_1,0
8646,Wout Faes,6,478,0,0.4553984049707651,0,0.0,3,0,2,0,D,Monaco,0,0.4553984049707651,0.9837315529584884,0.9837315529584884,Ligue_1,7
8647,Thibault De Smet,16,1063,0,0.1855126786977052,1,0.3585076257586479,4,4,2,2,D S,Paris FC,0,0.1855126786977052,4.550385486334562,4.428448963910341,Ligue_1,11
8664,Facundo Medina,9,661,0,0.0109236966818571,0,0.0727883502840995,1,1,2,0,D S,Marseille,0,0.0109236966818571,4.676253631711006,4.665329948067665,Ligue_1,9
8677,Lilian Brassier,20,1623,0,0.7991383019834757,1,0.7657565884292126,6,10,1,0,D S,Rennes,0,0.7991383019834757,5.898248448967934,5.586122646927834,Ligue_1,10
8686,Cheick Tidiane Sabaly,14,972,0,1.4295627772808075,2,1.8838837835937736,8,10,2,0,F M S,Metz,0,1.4295627772808075,3.6454500779509535,0.5496342591941357,Ligue_1,0
8701,Timothee Pembele,6,196,0,0.0616735331714153,0,0.0268710497766733,1,1,1,0,D S,Le Havre,0,0.0616735331714153,0.0885445829480886,0.0616735331714153,Ligue_1,3
8768,Kevin Omoruyi,16,747,0,3.8470362378284335,0,0.0926353186368942,20,1,2,0,F S,Nice,0,3.8470362378284335,4.134656655602157,1.3291925340890884,Ligue_1,0
8970,Sékou Mara,20,876,0,1.5914518237113953,1,0.5230912044644356,23,6,0,0,F S,Auxerre,0,1.5914518237113953,3.0086015164852142,1.2672152956947684,Ligue_1,5
9250,Reda Khadra,7,198,0,0.255093090236187,0,0.1997778601944446,6,4,0,0,F S,Le Havre,0,0.255093090236187,0.2121120188385248,0.041902519762516,Ligue_1,3
9274,Naouirou Ahamada,7,358,0,0.2920703142881393,0,0.3151213228702545,4,4,0,0,M S,Auxerre,0,0.2920703142881393,0.7840232402086258,0.1768315955996513,Ligue_1,6
9279,Krépin Diatta,14,840,0,0.2837868724018335,1,1.7593798488378525,5,12,1,0,D M S,Monaco,0,0.2837868724018335,4.246305383741856,2.980296589434147,Ligue_1,15
9514,Antoine Mendy,16,1295,0,1.2388310451060534,0,0.0372293330729007,11,1,5,0,D S,Nice,0,1.2388310451060534,4.714845070615411,4.493381030857563,Ligue_1,24
9523,Andy Diouf,1,90,0,0.1755841225385666,0,0.0,3,0,0,0,M,Lens,0,0.1755841225385666,0.2758803963661194,0.1002962738275528,Ligue_1,3
9563,Mamadou Mbow,23,1991,0,0.4383230023086071,1,0.5212737750262022,6,4,3,0,D S,Paris FC,0,0.4383230023086071,6.986159172840416,6.942312446422875,Ligue_1,0
9616,Grégoire Coudert,16,1378,0,0.0,0,0.0,0,0,0,0,GK S,Brest,0,0.0,1.103472586721182,1.103472586721182,Ligue_1,0
9631,Christopher Wooh,2,64,0,0.0,0,0.0,0,0,0,1,D S,Rennes,0,0.0,0.3322351574897766,0.3322351574897766,Ligue_1,0
9632,Deiver Machado,13,775,0,0.6702228710055351,1,0.3977916315197944,8,2,2,0,D M S,"Lens,Nantes",0,0.6702228710055351,2.5166712030768394,1.472981370985508,Ligue_1,6
9642,Salis Abdul Samed,14,684,0,0.0,0,0.0130633702501654,0,1,3,0,M S,Nice,0,0.0,1.6737222857773304,1.6606589145958424,Ligue_1,7
9652,Alidu Seidu,15,804,0,0.0605139480903744,1,1.112774851731956,4,7,1,0,D S,Rennes,0,0.0605139480903744,4.219402273185551,4.148362569510937,Ligue_1,18
9655,Pablo Rosario,1,19,0,0.0812314674258232,0,0.1006641313433647,2,1,0,0,S,Nice,0,0.0812314674258232,0.2268148213624954,0.1455833613872528,Ligue_1,0
9658,Billal Brahimi,1,1,0,0.0,0,0.0987878814339637,0,1,0,0,S,Nice,0,0.0,0.0987878814339637,0.0987878814339637,Ligue_1,0
9659,Bradley Locko,18,1176,0,0.0710438583046197,1,0.968091333284974,2,7,0,0,D S,Brest,0,0.0710438583046197,3.4740096936002374,3.1452525416389108,Ligue_1,25
9673,Bilal Nadir,18,534,0,0.3718383200466633,4,1.7742790505290031,7,9,3,1,M S,Marseille,0,0.3718383200466633,6.7088853400200605,4.632956676185131,Ligue_1,9
9699,Bamo Meïté,19,1515,0,0.7919618664309382,3,1.2023741537705064,6,6,4,0,D S,Lorient,0,0.7919618664309382,3.089598447084427,2.655634727329016,Ligue_1,12
9756,Dominik Greif,20,1800,0,0.0,1,0.0723137408494949,0,1,1,0,GK,Lyon,0,0.0,4.361327528953552,4.289013788104057,Ligue_1,0
9807,Gideon Mensah,22,1644,0,0.0131184523925185,0,1.0582890585064888,1,12,6,0,D S,Auxerre,0,0.0131184523925185,2.9359925016760826,2.5289147924631834,Ligue_1,24
9826,Axel Camblan,1,6,0,0.0,0,0.0274760853499174,0,1,0,0,S,Brest,0,0.0,0.1070601195096969,0.1070601195096969,Ligue_1,0
9833,Andrew Omobamidele,17,835,0,0.3668146170675754,0,0.0,2,0,3,0,D S,Strasbourg,0,0.3668146170675754,3.570047629997134,3.570047629997134,Ligue_1,3
9873,Montassar Talbi,24,2160,0,0.5994856329634786,1,0.2391958776861429,9,6,2,0,D,Lorient,0,0.5994856329634786,5.69753192178905,5.457101855427027,Ligue_1,13
10057,Felix Lemarechal,11,556,0,0.911349218338728,2,1.2359443046152592,10,7,1,0,F M S,Strasbourg,0,0.911349218338728,3.2352783121168613,1.358577482402325,Ligue_1,6
10169,Diego Coppola,3,270,0,0.0,0,0.0,0,0,1,0,D,Paris FC,0,0.0,0.6193704595789313,0.6193704595789313,Ligue_1,2
10172,Jonathan Rowe,1,69,0,0.4206070303916931,0,0.0,5,0,0,0,M,Marseille,0,0.4206070303916931,0.5255916714668274,0.132924884557724,Ligue_1,10
10174,CJ Egan-Riley,9,484,0,0.0,0,0.5053555741906166,0,2,0,1,D S,Marseille,0,0.0,1.9001473216339944,1.3947917548939586,Ligue_1,4
10243,Jacques Ekomie,25,1679,0,0.7854319140315056,0,1.219094457104802,8,10,3,0,D S,Angers,0,0.7854319140315056,3.6767120454460382,2.1730692703276877,Ligue_1,27
10271,Vanderson,14,609,0,0.1478172391653061,2,1.3581282254308462,3,11,4,0,D M S,Monaco,0,0.1478172391653061,3.2797976564615965,2.639238817617297,Ligue_1,13
10390,Ismaël Doukouré,19,1591,0,0.5101161524653435,1,0.6806409554556012,6,5,3,2,D M,Strasbourg,0,0.5101161524653435,5.290552780032158,5.117881581187248,Ligue_1,9
10397,Ugo Raghouber,1,1,0,0.0,0,0.0,0,0,0,0,S,Lille,0,0.0,0.5803102254867554,0.5803102254867554,Ligue_1,4
10467,Soumaila Coulibaly,12,1068,0,0.2997979279607534,0,0.0143665354698896,6,1,3,0,D,Brest,0,0.2997979279607534,3.665989134460688,3.665989134460688,Ligue_1,9
10701,Nicolás Tagliafico,16,1053,0,1.7367100603878498,3,1.966870461590588,13,10,1,1,D S,Lyon,0,1.7367100603878498,5.102287776768208,3.145802049897611,Ligue_1,10
10702,Johann Lepenant,19,1469,0,0.5620663072913885,1,1.5119503159075975,14,19,2,0,F M S,Nantes,0,0.5620663072913885,3.5697007700800896,2.4792228676378727,Ligue_1,39
10769,Robin Risser,25,2250,0,0.0,1,0.0707157272845506,0,2,2,0,GK,Lens,0,0.0,4.75388708524406,4.683171357959509,Ligue_1,0
10771,Ben Seghir,2,40,0,0.0649819150567054,0,0.0,1,0,0,0,S,Monaco,0,0.0649819150567054,0.0649819150567054,0.0,Ligue_1,0
10780,Mory Diaw,21,1852,0,0.0,1,0.2680368945002556,0,3,0,0,GK,Le Havre,0,0.0,2.711172075010836,2.476002694107592,Ligue_1,0
10788,Rasmus Nicolaisen,24,1862,0,0.5727976141497493,0,0.0387582406401634,12,1,2,0,D S,Toulouse,0,0.5727976141497493,2.4556087795645,2.239363292232156,Ligue_1,9
10790,Branco van den Boomen,6,455,0,0.2730126865208149,1,0.6924742572009563,9,8,2,0,M S,Angers,0,0.2730126865208149,1.7051658127456903,1.0868702922016382,Ligue_1,4
10810,Alexsandro Ribeiro,7,509,0,0.2516534775495529,0,0.0,7,0,0,1,D,Lille,0,0.2516534775495529,3.515724942088127,3.515724942088127,Ligue_1,9
10844,Darline Yongwa,19,1080,0,0.6727236546576023,1,1.783777967095375,8,13,3,1,D S,Lorient,0,0.6727236546576023,3.42447754368186,1.5042753145098686,Ligue_1,0
11061,Michel Diaz,14,1105,0,0.2546963728964329,0,0.0303069576621055,4,1,1,0,D S,Brest,0,0.2546963728964329,1.3072695098817348,1.3072695098817348,Ligue_1,0
11062,Badredine Bouanani,2,88,0,0.0596934780478477,0,0.0380774699151515,1,1,0,0,M S,Nice,0,0.0596934780478477,0.7065351828932762,0.6087642312049866,Ligue_1,3
11131,Christian Mawissa Elebi,9,611,0,0.0,0,0.0,0,0,1,0,D S,Monaco,0,0.0,2.225342772901058,2.225342772901058,Ligue_1,0
11157,Sael Kumbedi,1,69,0,0.0316654555499553,0,0.0,1,0,1,0,D,Lyon,0,0.0316654555499553,0.5758469104766846,0.5758469104766846,Ligue_1,21
11250,Théo De Percin,3,221,0,0.0,0,0.0,0,0,0,0,GK S,Auxerre,0,0.0,0.1040978282690048,0.1040978282690048,Ligue_1,0
11253,Mamadou Sarr,15,1306,0,0.0497182086110115,0,0.0402926057577133,1,1,3,0,D,Strasbourg,0,0.0497182086110115,4.751081405207515,4.710788814350963,Ligue_1,0
11291,Warren Kamanzi,16,536,0,0.348201910033822,0,0.518278094008565,7,7,0,0,D S,Toulouse,0,0.348201910033822,1.979821890592575,1.2505860719829798,Ligue_1,7
11295,David Datro Fofana,2,68,0,0.3036099672317505,0,0.0276005733758211,2,1,0,0,F S,Strasbourg,0,0.3036099672317505,0.2442044615745544,0.1363881975412368,Ligue_1,1
11371,Ibrahim Salah,2,22,0,0.0487111434340477,0,0.0,1,0,0,0,S,Rennes,0,0.0487111434340477,0.385202556848526,0.385202556848526,Ligue_1,1
11494,Justin-Noel Kalumba,4,224,0,0.0164420362561941,0,0.2669835407286882,1,4,0,0,F M S,Angers,0,0.0164420362561941,0.3195158392190933,0.1083559468388557,Ligue_1,3
11545,Jérémy Jacquet,19,1678,0,0.7883376181125641,0,0.5708747990429401,11,8,4,1,D,Rennes,0,0.7883376181125641,7.01008303463459,6.824784852564335,Ligue_1,17
11756,Tiago Santos,12,699,0,0.3708067610859871,0,0.7291203085333109,7,6,0,0,D S,Lille,0,0.3708067610859871,3.3539235033094883,2.978833455592394,Ligue_1,6
11758,Ousmane Touré,1,57,0,0.0,0,0.0,0,0,0,0,D,Lille,0,0.0,0.1789066791534423,0.1789066791534423,Ligue_1,0
11770,Formose Mendy,2,142,0,0.0,0,0.0,0,0,1,0,D,Lorient,0,0.0,0.594171829521656,0.594171829521656,Ligue_1,1
11776,Guillaume Restes,25,2250,0,0.0,0,0.0612147636711597,0,1,3,0,GK,Toulouse,0,0.0,1.2867106720805168,1.2867106720805168,Ligue_1,0
11781,Philipp Köhn,19,1615,0,0.0,0,0.0,0,0,0,0,GK S,Monaco,0,0.0,2.2199502903968096,2.2199502903968096,Ligue_1,0
11787,Loïc Négo,22,1857,0,0.3540892438031733,0,1.3845213409513235,13,11,2,0,D M S,Le Havre,0,0.3540892438031733,3.3134014271199703,2.7216300182044506,Ligue_1,23
11796,Étienne Youté,7,324,0,0.0,0,0.0365060158073902,0,1,2,0,D M S,Le Havre,0,0.0,0.0847400277853012,0.0482340119779109,Ligue_1,0
11797,Maxime Colin,17,1276,0,0.2320893183350563,0,0.1255356036126613,7,4,0,0,D S,Metz,0,0.2320893183350563,1.9938871338963509,1.9302595350891352,Ligue_1,20
11799,Lamine Camara,16,1221,0,0.7332430239766836,3,3.280163121409714,13,23,4,0,M S,Monaco,0,0.7332430239766836,6.375832386314869,4.575060188770294,Ligue_1,25
11802,Malick Mbaye,5,302,0,0.0794959422200918,0,0.1359674669802189,2,2,1,0,M S,Metz,0,0.0794959422200918,0.276722751557827,0.1487007550895214,Ligue_1,8
11816,Abakar Sylla,3,68,0,0.3827866427600384,0,0.0,2,0,0,0,D S,"Nantes,Strasbourg",0,0.3827866427600384,0.1025833263993263,0.1025833263993263,Ligue_1,0
11819,Clinton Mata,23,2035,0,0.1249374523758888,0,0.0711227804422378,3,1,5,0,D,Lyon,0,0.1249374523758888,8.844442198053002,8.773319432511926,Ligue_1,18
11910,William Pacho,18,1460,0,0.3097534291446209,0,0.086424134671688,7,2,0,0,D S,Paris Saint Germain,0,0.3097534291446209,9.373196458444,9.28677231632173,Ligue_1,0
11946,Mohamed Kaba,6,450,0,0.1305280998349189,1,0.5098348073661327,3,3,2,0,M S,Nantes,0,0.1305280998349189,1.1079981625080109,0.9659313671290874,Ligue_1,7
11952,Fodé Sylla,2,63,0,0.0,0,0.0,0,0,0,0,M S,Lens,0,0.0,0.1843526512384414,0.1843526512384414,Ligue_1,5
12001,Joseph N&#039;Duquidi,1,4,0,0.0,0,0.0,0,0,0,0,S,Metz,0,0.0,0.0,0.0,Ligue_1,0
12004,Joel Mvuka,15,549,0,0.6974976677447557,0,1.0097364392131567,8,4,0,0,D S,Lorient,0,0.6974976677447557,1.845053747296333,0.3056419380009174,Ligue_1,13
12038,Fabian Rieder,3,144,0,0.0142771871760487,0,0.2747606635093689,1,2,0,0,M S,Rennes,0,0.0142771871760487,0.4903169274330139,0.2012790739536285,Ligue_1,12
12039,Bertug Yildirim,1,1,0,0.0,0,0.1205417215824127,0,1,0,0,S,Rennes,0,0.0,0.1205417215824127,0.1205417215824127,Ligue_1,0
12041,Roman Yaremchuk,3,101,0,0.2826387882232666,1,0.368707038462162,1,2,0,0,F S,Lyon,0,0.2826387882232666,0.7562220394611359,0.2005904167890548,Ligue_1,0
12151,Gabriel Osho,2,139,0,0.0,0,0.0,0,0,0,0,D,Auxerre,0,0.0,0.650982778519392,0.650982778519392,Ligue_1,3
12159,Mahamadou Nagida,10,459,0,0.4875024911016226,0,0.02624246571213,8,2,1,0,D S,Rennes,0,0.4875024911016226,1.92533814907074,1.4397270753979683,Ligue_1,6
12162,Ayyoub Bouaddi,22,1689,0,0.9921961771324276,1,1.5054800268262625,14,17,5,1,D M S,Lille,0,0.9921961771324276,8.598806941881776,7.257413247600198,Ligue_1,31
12186,Kassoum Ouattara,14,987,0,1.185075655579567,3,2.7024725899100304,12,17,3,0,D M S,Monaco,0,1.185075655579567,7.205395624041557,4.093011476099491,Ligue_1,19
12255,Paris Brunner,6,107,0,0.0808441005647182,0,0.0,2,0,1,0,F S,Monaco,0,0.0808441005647182,0.0808441005647182,0.0,Ligue_1,2
12258,Luc Zogbe,6,100,0,0.0307915061712265,0,0.0833600759506225,2,1,0,0,D S,Brest,0,0.0307915061712265,1.2129064202308657,1.2129064202308657,Ligue_1,0
12284,Samir El Mourabet,25,1646,0,0.3099220907315612,1,1.6708446219563484,9,22,4,0,M S,Strasbourg,0,0.3099220907315612,7.2592612989246845,5.723375614732504,Ligue_1,30
12317,Nhoa Sangui,17,1002,0,0.1064043119549751,0,1.055311294272542,1,13,0,0,D S,Paris FC,0,0.1064043119549751,2.5391150303184986,1.9796270914375784,Ligue_1,10
12330,Noah Edjouma,15,319,0,0.6705907993018627,0,0.4905140548944473,10,7,0,0,F M S,"Lille,Toulouse",0,0.6705907993018627,1.5204327329993248,0.512029554694891,Ligue_1,3
12344,Anthony Bermont,8,45,0,0.0791748091578483,0,0.0,2,0,0,0,S,Lens,0,0.0791748091578483,1.058469146490097,0.9792943373322488,Ligue_1,0
12376,Lucas Michal,6,224,0,0.0736453738063573,0,0.0516573041677475,2,1,1,0,M S,"Metz,Monaco",0,0.0736453738063573,0.1714353905990719,0.1268871249631047,Ligue_1,0
12381,Panos Katseris,7,211,0,0.4267240576446056,0,0.6384020075201988,5,3,2,0,D S,Lorient,0,0.4267240576446056,1.3826787434518335,0.8874340616166592,Ligue_1,2
12382,Nathaniel Adjei,7,211,0,0.0,0,0.0,0,0,0,0,D S,Lorient,0,0.0,0.3708966355770826,0.3708966355770826,Ligue_1,4
12387,Dehmaine Assoumani,21,992,0,0.9318614983931184,0,1.710733491927385,19,16,4,0,D M S,Nantes,0,0.9318614983931184,2.512490809895098,1.01848900411278,Ligue_1,16
12392,Arthur Vermeeren,14,608,0,0.0354134496301412,1,0.2061706986278295,2,7,1,1,M S,Marseille,0,0.0354134496301412,3.093569204211235,2.893163323402405,Ligue_1,8
12400,Rabby Nzingoula,4,44,0,0.0482503212988376,0,0.073959931731224,1,1,0,1,S,Strasbourg,0,0.0482503212988376,0.1222102530300617,0.0,Ligue_1,1
12446,Simon Ebonog,22,1312,0,1.1244261153042316,0,0.2815643865615129,14,5,5,0,M S,Le Havre,0,1.1244261153042316,1.5503083355724812,0.4166942937299609,Ligue_1,19
12451,Djaoui Cissé,20,920,0,0.7047407533973455,0,0.7112873084843159,23,11,3,0,M S,Rennes,0,0.7047407533973455,4.240603962913156,3.324388146400452,Ligue_1,19
12467,Paul Argney,1,90,0,0.0,0,0.0,0,0,0,0,GK,Le Havre,0,0.0,0.0,0.0,Ligue_1,0
12530,Mikayil Faye,1,5,0,0.0,0,0.0,0,0,0,0,S,Rennes,0,0.0,0.1205417215824127,0.1205417215824127,Ligue_1,0
12589,Vincent Burlet,1,13,0,0.0,0,0.3438287079334259,0,1,0,0,S,Lille,0,0.0,0.3438287079334259,0.3438287079334259,Ligue_1,0
12598,Rafik Messali,12,493,0,0.0,0,0.6397527754306793,0,3,2,0,D M S,Toulouse,0,0.0,1.0807295013219118,0.4409767556935549,Ligue_1,6
12601,Darryl Bakola,8,46,0,0.0401496291160583,0,0.0255114305764436,2,1,0,0,S,Marseille,0,0.0401496291160583,1.3969884980469942,1.3313274383544922,Ligue_1,1
12731,Daren Mosengo,5,88,0,0.0,0,0.0,0,0,0,0,S,Le Havre,0,0.0,0.0388820432126522,0.0388820432126522,Ligue_1,0
12732,Yanis Zouaoui,23,1848,0,0.4376318054273724,1,1.918864157050848,12,27,5,0,D M S,Le Havre,0,0.4376318054273724,3.159421185031533,2.2502141259610653,Ligue_1,18
12769,Derek Cornelius,2,58,0,0.0,0,0.0,0,0,0,0,S,Marseille,0,0.0,0.0,0.0,Ligue_1,0
12772,Jeffrey de Lange,4,360,0,0.0,0,0.1029973775148391,0,1,0,0,GK,Marseille,0,0.0,2.000873800367117,1.897876437753439,Ligue_1,0
12808,Mathis Amougou,9,261,0,0.1270902082324028,0,0.1072222217917442,2,2,1,0,M S,Strasbourg,0,0.1270902082324028,0.5627001617103815,0.3641504216939211,Ligue_1,5
12824,Clément Akpa,21,1734,0,0.2357997857034206,0,0.3690834902226925,6,8,2,1,D S,Auxerre,0,0.2357997857034206,2.2696899864822626,2.22375250980258,Ligue_1,18
12825,Theo Bair,2,4,0,0.0,0,0.0,0,0,0,0,S,Auxerre,0,0.0,0.0,0.0,Ligue_1,0
12826,Lasso Coulibaly,14,248,0,0.2644320409744978,0,0.1614852882921695,3,3,1,0,M S,Auxerre,0,0.2644320409744978,0.3771710768342018,0.1118076220154762,Ligue_1,5
12841,Dayann Methalie,21,1493,0,0.9077294152230024,0,0.9407255575060844,11,7,6,0,D S,Toulouse,0,0.9077294152230024,3.855082903057337,2.3070487044751644,Ligue_1,24
12842,Mark McKenzie,22,1818,0,0.2593727596104145,2,2.104134736582637,6,14,6,0,D S,Toulouse,0,0.2593727596104145,4.00877720117569,2.63545560836792,Ligue_1,24
12845,Mathieu Acapandié,1,10,0,0.0,0,0.0,0,0,0,0,S,Nantes,0,0.0,0.0,0.0,Ligue_1,0
12848,Florent Hanin,17,607,0,0.0599207058548927,0,0.2745008841156959,2,3,0,0,D S,Angers,0,0.0599207058548927,2.237539790570736,1.9630388915538788,Ligue_1,8
12849,Melvin Zinga,2,180,0,0.0,0,0.0,0,0,0,0,GK,Angers,0,0.0,0.3120133280754089,0.3120133280754089,Ligue_1,1
12851,Emmanuel Biumla,4,173,0,0.0,0,0.0,0,0,0,0,D S,Angers,0,0.0,0.1118212193250656,0.1118212193250656,Ligue_1,2
12879,Glen Kamara,3,40,0,0.0,0,0.0,0,0,0,0,S,Rennes,0,0.0,0.2629594877362251,0.2629594877362251,Ligue_1,0
12950,Jordan Teze,24,1780,0,0.3223925614729523,0,2.2686476167291403,9,23,7,0,D M S,Monaco,0,0.3223925614729523,7.783289313316345,6.304104603827,Ligue_1,39
12969,Moïse Bombito,2,154,0,0.0,0,0.0,0,0,1,0,D,Nice,0,0.0,0.0,0.0,Ligue_1,1
13010,Enzo Molébé,1,7,0,0.0,0,0.0,0,0,0,0,S,Lyon,0,0.0,0.0,0.0,Ligue_1,0
13016,Hong Hyun-Seok,6,281,0,0.5409451853483915,0,0.0377709530293941,4,1,0,0,M S,Nantes,0,0.5409451853483915,0.8386293146759272,0.3660714421421289,Ligue_1,0
13024,Serigne Diop,2,2,0,0.0950392112135887,0,0.0,1,0,0,0,S,Brest,0,0.0950392112135887,0.0,0.0,Ligue_1,0
13049,Damián Pizarro,2,15,0,0.0,0,0.0,0,0,0,0,S,Le Havre,0,0.0,0.0123843951150774,0.0123843951150774,Ligue_1,0
13089,Patrik Carlgren,2,91,0,0.0,0,0.0,0,0,0,0,GK S,Nantes,0,0.0,0.0,0.0,Ligue_1,0
13091,Jaydee Canvot,2,180,0,0.100351944565773,0,0.0,2,0,1,0,D M,Toulouse,0,0.100351944565773,0.1547568142414093,0.0544048696756362,Ligue_1,11
13100,Juma Bah,19,1358,0,0.7680023089051247,0,1.5334078259766102,6,5,5,0,D S,Nice,0,0.7680023089051247,4.538799751549959,3.901256177574396,Ligue_1,0
13137,Sékou Doucouré,1,37,0,0.0,0,0.0,0,0,0,0,S,Nantes,0,0.0,0.0,0.0,Ligue_1,0
13141,Kyllian Antonio,2,117,0,0.0487033985555172,0,0.0,1,0,1,0,D S,Lens,0,0.0487033985555172,0.1507349461317062,0.1507349461317062,Ligue_1,3
13158,Marius Courcoul,17,318,0,0.0531341508030891,0,0.1314946906641125,2,3,0,0,M S,Angers,0,0.0531341508030891,0.940909923054278,0.7930673100054264,Ligue_1,8
13159,Marius Louãr,3,12,0,0.0,0,0.0660320073366165,0,1,0,0,S,Angers,0,0.0,0.0660320073366165,0.0,Ligue_1,0
13181,Samuel Nibombé,1,1,0,0.0,0,0.0,0,0,0,0,S,Monaco,0,0.0,0.0,0.0,Ligue_1,0
13211,Mathis Saka,1,2,0,0.0,0,0.0,0,0,0,0,S,Toulouse,0,0.0,0.0,0.0,Ligue_1,0
13214,Aladji Bamba,10,395,0,0.0,0,0.1648351848125457,0,2,2,0,M S,Monaco,0,0.0,1.570576138794422,1.531750001013279,Ligue_1,15
13265,Everton Pereira,2,71,0,0.0265566799789667,0,0.0,1,0,0,0,M S,Nice,0,0.0265566799789667,0.04556879773736,0.04556879773736,Ligue_1,0
13281,Bernard Nguene,6,111,0,0.17829130589962,0,0.0,3,0,1,0,S,Nice,0,0.17829130589962,0.6149792969226837,0.4366880059242248,Ligue_1,1
13283,Raphaël Le Guen,1,1,0,0.0,0,0.0,0,0,0,0,S,Brest,0,0.0,0.0,0.0,Ligue_1,0
13335,Goduine Koyalipou,6,427,0,1.5598070099949837,0,0.1800976637750864,13,3,0,0,F S,Angers,0,1.5598070099949837,1.7924054972827437,0.4540673494338989,Ligue_1,3
13356,Henrick Do Marcolino,1,1,0,0.0,0,0.0,0,0,0,0,S,Rennes,0,0.0,0.0,0.0,Ligue_1,1
13388,Justin Bourgault,1,12,0,0.0337523818016052,0,0.0,1,0,0,0,S,Brest,0,0.0337523818016052,0.0337523818016052,0.0,Ligue_1,0
13407,Fredrik Oppegård,17,861,0,0.4826142154633999,0,0.6106191631406546,9,10,1,1,D M S,Auxerre,0,0.4826142154633999,2.258204363286495,1.4208055017516017,Ligue_1,17
13432,Nidal Celik,4,320,0,0.0,0,0.0,0,0,0,0,D,Lens,0,0.0,0.9341901168227196,0.9341901168227196,Ligue_1,4
13460,Aaron Anselmino,2,2,0,0.0,0,0.0,0,0,0,0,S,Strasbourg,0,0.0,0.0,0.0,Ligue_1,8
13552,Hamidou Makalou,11,134,0,0.0411848463118076,0,0.1515110582113266,2,3,0,0,M S,Brest,0,0.0411848463118076,0.705524729564786,0.6726967627182603,Ligue_1,1
13577,Rudy Matondo,18,697,0,0.2253648042678833,0,0.1584845259785652,4,3,4,0,D M S,"Auxerre,Paris FC",0,0.2253648042678833,1.1631502350792289,0.8935410557314754,Ligue_1,2
13594,Noham Kamara,1,1,0,0.0,0,0.0,0,0,0,0,S,Lyon,0,0.0,0.0,0.0,Ligue_1,0
13596,Telli Siwe,3,230,0,0.0185836032032966,0,0.0386768914759159,1,1,0,0,D,Auxerre,0,0.0185836032032966,0.061690067872405,0.0230131763964891,Ligue_1,3
13612,Lanroy Machine,14,187,0,0.9355492666363716,0,0.0135188335552811,9,1,0,0,S,Angers,0,0.9355492666363716,1.2694700611755252,0.3384908521547913,Ligue_1,3
13733,Andrija Bulatovic,12,480,0,0.6116267889738083,1,1.071131620556116,6,6,1,0,M S,Lens,0,0.6116267889738083,2.872356466948986,2.331743612885475,Ligue_1,14
13736,Khalis Merah,15,729,0,0.9352514445781708,1,1.141343854367733,3,8,2,0,F M S,Lyon,0,0.9352514445781708,4.548931390047073,3.441476084291935,Ligue_1,2
13737,Mathys de Carvalho,10,278,0,0.3661429677158594,0,0.0353253707289695,7,1,1,0,M S,Lyon,0,0.3661429677158594,1.2250130511820316,0.997142868116498,Ligue_1,5
13742,Ayumu Seko,22,1909,0,0.8750335117802024,0,0.424968265928328,14,9,3,0,D M S,Le Havre,0,0.8750335117802024,3.6622868543490767,3.1889289636164904,Ligue_1,20
13743,Godson Kyeremeh,10,325,0,0.2506539598107338,1,0.4994545765221119,4,5,0,0,F S,Le Havre,0,0.2506539598107338,1.1535777151584623,0.4577184207737446,Ligue_1,5
13745,Lionel Mpasi,4,308,0,0.0,0,0.0,0,0,1,0,GK S,Le Havre,0,0.0,0.0,0.0,Ligue_1,0
13749,Dro Fernández,5,225,0,0.5265670493245125,0,0.0609027966856956,2,2,0,0,M S,Paris Saint Germain,0,0.5265670493245125,1.8560799360275269,1.2686100713908672,Ligue_1,0
13752,Gabin Bernardeau,4,90,0,0.0966928359121084,0,0.1070689260959625,3,2,0,0,M S,Nice,0,0.0966928359121084,0.1256759222596883,0.0,Ligue_1,4
13754,Hamza Koutoune,1,1,0,0.0,0,0.0,0,0,0,0,S,Nice,0,0.0,0.0,0.0,Ligue_1,0
13755,Mário Sauer,19,555,0,0.26881736330688,0,0.0844555795192718,9,2,2,0,M S,Toulouse,0,0.26881736330688,0.9246876826509832,0.628660311922431,Ligue_1,6
13758,Seny Koumbassa,3,60,0,0.0,0,0.0,0,0,0,0,S,Toulouse,0,0.0,0.0,0.0,Ligue_1,2
13781,Berke Özer,23,2070,0,0.0,1,0.082175962626934,0,3,2,0,GK,Lille,0,0.0,5.63758740387857,5.573239644989371,Ligue_1,1
13784,Maxima Goffi,1,33,0,0.0,0,0.0,0,0,0,0,S,Lille,0,0.0,0.170015349984169,0.170015349984169,Ligue_1,1
13785,Arnaud Bodart,2,180,0,0.0,0,0.0,0,0,0,0,GK,Lille,0,0.0,0.1390231549739837,0.1390231549739837,Ligue_1,0
13792,Ibrahim Osman,14,631,0,1.9371187165379524,2,1.1821768693625927,18,7,0,0,F M S,Auxerre,0,1.9371187165379524,3.7771418634802094,1.6237635500729084,Ligue_1,7
13793,Lamine Sy,16,972,0,0.6286584082990885,0,1.1892096921801567,5,9,0,0,D S,Auxerre,0,0.6286584082990885,2.666402108967304,1.5692728012800217,Ligue_1,20
13798,Oumar Pona,1,90,0,0.0,0,0.0,0,0,1,0,GK,Angers,0,0.0,0.4004887044429779,0.4004887044429779,Ligue_1,0
13799,Obed Nkambadio,11,990,0,0.0,0,0.0066623808816075,0,1,0,0,GK,Paris FC,0,0.0,3.50345600116998,3.496793620288372,Ligue_1,0
13803,Julien Lopez,5,31,0,0.0,0,0.0,0,0,0,0,S,Paris FC,0,0.0,0.0238264705985784,0.0238264705985784,Ligue_1,0
13804,Tuomas Ollila,8,293,0,0.0699264351278543,0,0.1540660858154297,3,1,0,0,D S,Paris FC,0,0.0699264351278543,0.4612734112888574,0.3913469761610031,Ligue_1,1
13807,Jonathan Fischer,25,2169,0,0.0,0,0.031860314309597,0,1,0,0,GK S,Metz,0,0.0,2.022085605189204,2.022085605189204,Ligue_1,0
13808,Michel Mboula,9,494,0,0.1100235544145107,0,0.0,2,0,1,0,D S,Metz,0,0.1100235544145107,1.3168529570102692,1.268252644687891,Ligue_1,5
13810,Brian Madjo,5,157,0,0.3160543292760849,0,0.0,3,0,0,0,F S,Metz,0,0.3160543292760849,0.3160543292760849,0.0,Ligue_1,0
13811,Idrissa Gueye,3,126,0,0.1229544505476951,0,0.0,2,0,0,0,F S,Metz,0,0.1229544505476951,0.0465278960764408,0.0,Ligue_1,1
13812,Alpha Touré,25,1255,0,0.866306196898222,1,0.3358151316642761,14,8,3,0,D M S,Metz,0,0.866306196898222,2.8681597970426083,1.9991661263629796,Ligue_1,19
13814,Pape Sy,1,81,0,0.0,0,0.0,0,0,0,0,GK,Metz,0,0.0,0.0,0.0,Ligue_1,0
13815,Morgan Bokele,10,208,0,0.2119899019598961,0,0.0904730334877967,3,2,0,0,D S,Metz,0,0.2119899019598961,0.359622023999691,0.1079056411981582,Ligue_1,0
13816,Mike Penders,24,2160,0,0.0,0,0.0,0,0,3,0,GK,Strasbourg,0,0.0,5.0188113283365965,5.0188113283365965,Ligue_1,0
13817,Lucas Høgsberg,16,1261,0,0.2162238508462906,0,0.0,4,0,1,1,D S,Strasbourg,0,0.2162238508462906,4.727498322725296,4.727498322725296,Ligue_1,7
13819,Maxi Oyedele,2,13,0,0.0,0,0.0,0,0,0,0,S,Strasbourg,0,0.0,0.0,0.0,Ligue_1,0
13825,Tylel Tati,18,1600,0,0.4968229848891496,0,0.0154627989977598,3,1,5,0,D,Nantes,0,0.4968229848891496,3.436673916876316,3.3490958735346794,Ligue_1,12
13826,Kwon Hyeok-Kyu,12,777,0,0.1029223259538412,0,0.0,3,0,2,0,M S,Nantes,0,0.1029223259538412,0.5964700691401958,0.5764972977340221,Ligue_1,0
13827,Yassine Benhattab,10,479,0,0.1792120113968849,0,0.6935239918529987,4,6,0,0,F M S,Nantes,0,0.1792120113968849,1.123983647674322,0.3270279392600059,Ligue_1,6
13828,Amady Camara,10,131,0,0.6945584956556559,0,0.1180351264774799,6,2,0,0,F S,Nantes,0,0.6945584956556559,0.9101400710642338,0.0975464200600981,Ligue_1,3
13871,Otávio,20,1731,0,0.2026524604298174,0,0.1337638385593891,11,3,6,1,D S,Paris FC,0,0.2026524604298174,5.522318439558148,5.407842945307493,Ligue_1,0
13902,Ismaël Guerti,3,15,0,0.0,0,0.0,0,0,0,0,S,Metz,0,0.0,0.0495099872350692,0.0495099872350692,Ligue_1,1
13903,Cleo Mélières,2,26,0,0.0,0,0.0,0,0,1,0,S,Metz,0,0.0,0.0571590811014175,0.0571590811014175,Ligue_1,0
13904,Abdoulaye Faye,8,659,0,0.4847129695117473,0,0.0,6,0,5,0,D S,Lorient,0,0.4847129695117473,1.9851384162902832,1.9851384162902832,Ligue_1,8
13905,Mathys Silistre,1,90,0,0.0,0,0.0,0,0,0,0,GK,Rennes,0,0.0,0.0,0.0,Ligue_1,0
13916,Rafael Luís,8,264,0,0.0479002967476844,0,0.0736904423683881,1,3,0,0,M S,Strasbourg,0,0.0479002967476844,1.2101527079939842,1.136462263762951,Ligue_1,0
13968,Daouda Guindo,18,1095,0,0.8620793782174587,0,0.4752024952322244,15,3,3,1,D S,Brest,0,0.8620793782174587,2.6560355983674526,1.6293352730572224,Ligue_1,22
13999,Terry Yegbe,17,1437,0,0.823879374191165,1,0.3725151345133781,4,3,2,0,D S,Metz,0,0.823879374191165,2.0360880494117737,1.9595073089003563,Ligue_1,6
14011,Martin Bley,1,1,0,0.0,0,0.0,0,0,0,0,S,Lorient,0,0.0,0.0,0.0,Ligue_1,0
14031,Charles Vanhoutte,20,1566,0,0.1226118933409452,2,0.9736454375088216,3,11,7,0,M S,Nice,0,0.1226118933409452,5.837230619043112,4.813162163831294,Ligue_1,21
14032,Tiago Gouveia,14,506,0,0.9029901213943958,0,0.6395432502031326,12,2,2,0,D M S,Nice,0,0.9029901213943958,1.151403535157442,0.701687641441822,Ligue_1,3
14034,Bahmed Deuff,10,199,0,0.2264048727229237,0,0.1548909842967987,6,1,0,0,M S,Nantes,0,0.2264048727229237,0.5084327226504683,0.1271368712186813,Ligue_1,2
14048,Calvin Verdonk,11,546,0,0.0258699608966708,0,0.6956469472497702,2,8,2,1,D S,Lille,0,0.0258699608966708,2.503338241949677,2.021075528115034,Ligue_1,4
14049,Abu Francis,8,546,0,0.1765392795205116,0,0.0443781726062297,6,1,2,0,M S,Toulouse,0,0.1765392795205116,1.878791879862547,1.688640858978033,Ligue_1,0
14081,Ryan Rodin,2,15,0,0.0,0,0.0,0,0,0,0,S,Auxerre,0,0.0,0.0844174921512603,0.0844174921512603,Ligue_1,0
14083,Enzo Koffi,9,187,0,0.3178067449480295,0,0.1338180899620056,2,2,1,0,D S,Le Havre,0,0.3178067449480295,0.7926132380962372,0.7022853791713715,Ligue_1,0
14098,Pape Cabral,4,53,0,0.5059756189584732,0,0.0,3,0,0,0,S,Monaco,0,0.5059756189584732,0.5961288139224052,0.5003542080521584,Ligue_1,1
14101,Mathis Jangeal,1,6,0,0.0,0,0.0,0,0,0,0,S,Paris Saint Germain,0,0.0,0.136464461684227,0.136464461684227,Ligue_1,0
14103,Tidiane Devernois,2,2,0,0.0,0,0.1240701107308268,0,2,0,0,S,Auxerre,0,0.0,0.0082670329138636,0.0082670329138636,Ligue_1,0
14147,Believe Munongo,6,298,0,0.1387483142316341,0,0.0137760527431964,3,1,0,0,M S,Metz,0,0.1387483142316341,0.9243753366172314,0.7718510031700134,Ligue_1,2
14159,Tadjidine Mmadi,2,8,0,0.0,0,0.0229813698679208,0,1,0,0,S,Marseille,0,0.0,0.0229813698679208,0.0229813698679208,Ligue_1,1
14161,Lucas Rosier,2,2,0,0.0,0,0.0,0,0,0,0,S,Rennes,0,0.0,0.0,0.0,Ligue_1,0
14163,Yvan Zaddy,1,1,0,0.0,0,0.0,0,0,0,0,S,Auxerre,0,0.0,0.0,0.0,Ligue_1,0
14165,Brad-Hamilton Mantsounga,1,90,0,0.0,0,0.0,0,0,0,0,D,Nice,0,0.0,0.4459130764007568,0.4459130764007568,Ligue_1,0
14195,Adil Hamdani,2,4,0,0.0278657041490077,0,0.0,1,0,0,0,S,Lyon,0,0.0278657041490077,0.0,0.0,Ligue_1,0
14201,Elias Legendre,6,27,0,0.4692566990852356,0,0.1309029906988144,1,2,0,0,S,Rennes,0,0.4692566990852356,0.7294263541698456,0.1292666643857956,Ligue_1,0
14228,Mamoudou Cissokho,1,1,0,0.0,0,0.0,0,0,0,0,S,Auxerre,0,0.0,0.0,0.0,Ligue_1,0
14242,Zoumana Diallo,1,7,0,0.0,0,0.0824455916881561,0,1,0,0,S,Nice,0,0.0,0.0824455916881561,0.0,Ligue_1,0
14296,Everton Pereira da Silva,1,71,0,0.0754055231809616,0,0.0,1,0,0,0,M,Nice,0,0.0754055231809616,0.0352478735148906,0.0352478735148906,Ligue_1,0
14318,Noah Nsoki,1,4,0,0.0,0,0.0,0,0,0,0,S,Paris Saint Germain,0,0.0,0.0,0.0,Ligue_1,1
14320,Mohamed Benoit-Dao,1,1,0,0.0,0,0.0,0,0,0,0,S,Paris FC,0,0.0,0.0,0.0,Ligue_1,0
14359,Gessime Yassine,5,74,0,0.0325465686619281,0,0.1032531484961509,1,1,0,0,M S,Strasbourg,0,0.0325465686619281,0.0325465686619281,0.0,Ligue_1,1
14376,Quinten Timber,7,556,0,0.9254515580832958,0,0.2839196771383285,5,3,1,0,M,Marseille,0,0.9254515580832958,1.8857961893081665,1.4287326261401176,Ligue_1,8
14378,Ali Youssef,1,90,0,0.0,0,0.0,0,0,1,0,D,Nantes,0,0.0,0.4589385688304901,0.4589385688304901,Ligue_1,0
14408,Bryan Okoh,5,364,0,0.1479659527540207,0,0.1727544739842414,2,2,0,0,D S,Auxerre,0,0.1479659527540207,0.5015331581234932,0.3959508687257767,Ligue_1,3
14431,Giorgi Kvilitaia,5,115,0,0.1565071735531091,0,0.4536676704883575,3,2,0,0,F S,Metz,0,0.1565071735531091,0.1094144899398088,0.0,Ligue_1,1
14432,Ali Youssif,5,442,0,0.052574373781681,0,0.0896306335926055,2,1,2,0,D,Nantes,0,0.052574373781681,0.0819304175674915,0.0714996419847011,Ligue_1,0
14435,Jacen Russell-Rowe,5,77,0,0.693029610440135,0,0.1038855388760566,4,2,0,0,S,Toulouse,0,0.693029610440135,0.5185920652002096,0.1861910223960876,Ligue_1,0
14459,Yassir Zabiri,1,7,0,0.0,0,0.0,0,0,0,0,S,Rennes,0,0.0,0.0282455701380968,0.0282455701380968,Ligue_1,1
14499,Tochukwu Nnadi,2,23,0,0.0,0,0.0,0,0,0,0,S,Marseille,0,0.0,0.0,0.0,Ligue_1,0
14514,Daniel Semedo,1,7,0,0.0,0,0.0,0,0,0,0,S,Lorient,0,0.0,0.0,0.0,Ligue_1,0
