name_league,goals_against,played,avg_goals_against
Bundesliga,597,376,1.5877659574468086
Premier League,722,520,1.3884615384615384
Serie A,579,478,1.211297071129707
LALIGA,601,456,1.3179824561403508
