name_league,goals_against,played,avg_goals_against
Premier League,722,520,1.3884615384615384
Bundesliga,619,388,1.5953608247422681
LALIGA,605,460,1.315217391304348
Serie A,585,482,1.2136929460580912
