name_league,goals_against,played,avg_goals_against
LALIGA,674,508,1.3267716535433072
Premier League,771,554,1.391696750902527
Bundesliga,674,424,1.5896226415094339
Serie A,639,528,1.2102272727272727
