name_league,goals_against,played,avg_goals_against
Bundesliga,628,394,1.5939086294416243
Premier League,722,520,1.3884615384615384
Serie A,605,496,1.219758064516129
LALIGA,626,474,1.3206751054852321
