player_name,age,team_name,name_league,avg_age
Marc Cucurella,27,Chelsea,Premier League,21.81081081081081
Tosin Adarabioyo,28,Chelsea,Premier League,21.81081081081081
Benoît Badiashile,24,Chelsea,Premier League,21.81081081081081
Levi Colwill,23,Chelsea,Premier League,21.81081081081081
Mamadou Sarr,20,Chelsea,Premier League,21.81081081081081
Jorrel Hato,19,Chelsea,Premier League,21.81081081081081
Trevoh Chalobah,26,Chelsea,Premier League,21.81081081081081
Reece James,26,Chelsea,Premier League,21.81081081081081
Malo Gusto,22,Chelsea,Premier League,21.81081081081081
Wesley Fofana,25,Chelsea,Premier League,21.81081081081081
Josh Acheampong,19,Chelsea,Premier League,21.81081081081081
Mykhailo Mudryk,25,Chelsea,Premier League,21.81081081081081
Enzo Fernández,25,Chelsea,Premier League,21.81081081081081
Cole Palmer,23,Chelsea,Premier League,21.81081081081081
Dário Essugo,20,Chelsea,Premier League,21.81081081081081
Andrey Santos,21,Chelsea,Premier League,21.81081081081081
Moisés Caicedo,24,Chelsea,Premier League,21.81081081081081
Romeo Lavia,22,Chelsea,Premier League,21.81081081081081
Reggie Walsh,17,Chelsea,Premier League,21.81081081081081
Landon Emenalo,18,Chelsea,Premier League,21.81081081081081
Ollie Harrison,18,Chelsea,Premier League,21.81081081081081
Charlie Holland,16,Chelsea,Premier League,21.81081081081081
Pedro Neto,25,Chelsea,Premier League,21.81081081081081
Liam Delap,23,Chelsea,Premier League,21.81081081081081
Jamie Gittens,21,Chelsea,Premier League,21.81081081081081
João Pedro,24,Chelsea,Premier League,21.81081081081081
Marc Guiu,20,Chelsea,Premier League,21.81081081081081
Estêvão,18,Chelsea,Premier League,21.81081081081081
Alejandro Garnacho,21,Chelsea,Premier League,21.81081081081081
Jesse Derry,18,Chelsea,Premier League,21.81081081081081
Shim Mheuka,18,Chelsea,Premier League,21.81081081081081
Ryan Kavuma-Mcqueen,17,Chelsea,Premier League,21.81081081081081
Robert Sánchez,28,Chelsea,Premier League,21.81081081081081
Filip Jørgensen,23,Chelsea,Premier League,21.81081081081081
Teddy Sharman-Lowe,22,Chelsea,Premier League,21.81081081081081
Gaga Slonina,21,Chelsea,Premier League,21.81081081081081
Max Merrick,20,Chelsea,Premier League,21.81081081081081
Abdoulaye Ndiaye,23,Parma,Serie A,22.2972972972973
Lautaro Valenti,27,Parma,Serie A,22.2972972972973
Emanuele Valeri,27,Parma,Serie A,22.2972972972973
Enrico Del Prato,26,Parma,Serie A,22.2972972972973
Sascha Britschgi,19,Parma,Serie A,22.2972972972973
Franco Carboni,22,Parma,Serie A,22.2972972972973
Mariano Troilo,22,Parma,Serie A,22.2972972972973
Alessandro Circati,22,Parma,Serie A,22.2972972972973
Dominik Drobnic,18,Parma,Serie A,22.2972972972973
Marlon Mena,19,Parma,Serie A,22.2972972972973
Bernardo Conde,19,Parma,Serie A,22.2972972972973
Roberto D'Intino,19,Parma,Serie A,22.2972972972973
Nahuel Estévez,30,Parma,Serie A,22.2972972972973
Adrián Bernabé,24,Parma,Serie A,22.2972972972973
Mandela Keita,23,Parma,Serie A,22.2972972972973
Gaetano Oristanio,23,Parma,Serie A,22.2972972972973
Oliver Sørensen,23,Parma,Serie A,22.2972972972973
Christian Ordoñez,21,Parma,Serie A,22.2972972972973
Benjamin Cremaschi,21,Parma,Serie A,22.2972972972973
Hans Nicolussi Caviglia,25,Parma,Serie A,22.2972972972973
Elia Plicco,19,Parma,Serie A,22.2972972972973
Edoardo Tigani,19,Parma,Serie A,22.2972972972973
Alessandro Ciardi,19,Parma,Serie A,22.2972972972973
Abdou-Salam Konate,19,Parma,Serie A,22.2972972972973
Gabriel Strefezza,28,Parma,Serie A,22.2972972972973
Mateo Pellegrino,24,Parma,Serie A,22.2972972972973
Pontus Almqvist,26,Parma,Serie A,22.2972972972973
Jacob Ondrejka,23,Parma,Serie A,22.2972972972973
Matija Frigan,23,Parma,Serie A,22.2972972972973
Nesta Elphege,25,Parma,Serie A,22.2972972972973
Alessandro Cardinali,20,Parma,Serie A,22.2972972972973
Daniel Mikolajewski,20,Parma,Serie A,22.2972972972973
Zion Suzuki,23,Parma,Serie A,22.2972972972973
Edoardo Corvi,24,Parma,Serie A,22.2972972972973
Gianluca Astaldi,19,Parma,Serie A,22.2972972972973
Filippo Rinaldi,23,Parma,Serie A,22.2972972972973
Gabriele Casentini,18,Parma,Serie A,22.2972972972973
Jonathan Norbye,18,RB Leipzig,Bundesliga,22.838709677419356
Willi Orbán,33,RB Leipzig,Bundesliga,22.838709677419356
El Chadaille Bitshiabu,20,RB Leipzig,Bundesliga,22.838709677419356
Lukas Klostermann,29,RB Leipzig,Bundesliga,22.838709677419356
Ridle Baku,27,RB Leipzig,Bundesliga,22.838709677419356
Kosta Nedeljkovic,20,RB Leipzig,Bundesliga,22.838709677419356
David Raum,27,RB Leipzig,Bundesliga,22.838709677419356
Castello Lukeba,23,RB Leipzig,Bundesliga,22.838709677419356
Max Finkgrafe,21,RB Leipzig,Bundesliga,22.838709677419356
Benjamin Henrichs,29,RB Leipzig,Bundesliga,22.838709677419356
Ezechiel Banzuzi,21,RB Leipzig,Bundesliga,22.838709677419356
Antonio Nusa,20,RB Leipzig,Bundesliga,22.838709677419356
Nicolas Seiwald,24,RB Leipzig,Bundesliga,22.838709677419356
Christoph Baumgartner,26,RB Leipzig,Bundesliga,22.838709677419356
Assan Ouédraogo,19,RB Leipzig,Bundesliga,22.838709677419356
Xaver Schlager,28,RB Leipzig,Bundesliga,22.838709677419356
Andrija Maksimovic,18,RB Leipzig,Bundesliga,22.838709677419356
Benno Kaltefleiter,18,RB Leipzig,Bundesliga,22.838709677419356
Viggo Gebel,18,RB Leipzig,Bundesliga,22.838709677419356
Johan Bakayoko,22,RB Leipzig,Bundesliga,22.838709677419356
Brajan Gruda,21,RB Leipzig,Bundesliga,22.838709677419356
Conrad Harder,20,RB Leipzig,Bundesliga,22.838709677419356
Sani Suleiman,19,RB Leipzig,Bundesliga,22.838709677419356
Ayodele Thomas,18,RB Leipzig,Bundesliga,22.838709677419356
Tidiam Gomis,19,RB Leipzig,Bundesliga,22.838709677419356
Rômulo,24,RB Leipzig,Bundesliga,22.838709677419356
Samba Konate,17,RB Leipzig,Bundesliga,22.838709677419356
Yan Diomande,19,RB Leipzig,Bundesliga,22.838709677419356
Péter Gulácsi,35,RB Leipzig,Bundesliga,22.838709677419356
Leopold Zingerle,31,RB Leipzig,Bundesliga,22.838709677419356
Maarten Vandevoordt,24,RB Leipzig,Bundesliga,22.838709677419356
João Cancelo,31,Barcelona,LALIGA,23.3125
Alejandro Balde,22,Barcelona,LALIGA,23.3125
Ronald Araújo,26,Barcelona,LALIGA,23.3125
Pau Cubarsí,19,Barcelona,LALIGA,23.3125
Andreas Christensen,29,Barcelona,LALIGA,23.3125
Gerard Martín,24,Barcelona,LALIGA,23.3125
Jules Koundé,27,Barcelona,LALIGA,23.3125
Eric García,25,Barcelona,LALIGA,23.3125
Jofre Torrents,19,Barcelona,LALIGA,23.3125
Xavi Espart,18,Barcelona,LALIGA,23.3125
Gavi,21,Barcelona,LALIGA,23.3125
Pedri,23,Barcelona,LALIGA,23.3125
Fermín López,22,Barcelona,LALIGA,23.3125
Marc Casadó,22,Barcelona,LALIGA,23.3125
Dani Olmo,27,Barcelona,LALIGA,23.3125
Frenkie de Jong,28,Barcelona,LALIGA,23.3125
Marc Bernal,18,Barcelona,LALIGA,23.3125
Guille Fernández,17,Barcelona,LALIGA,23.3125
Juan Hernández,18,Barcelona,LALIGA,23.3125
Tomás Marqués,19,Barcelona,LALIGA,23.3125
Ferran Torres,26,Barcelona,LALIGA,23.3125
Robert Lewandowski,37,Barcelona,LALIGA,23.3125
Lamine Yamal,18,Barcelona,LALIGA,23.3125
Raphinha,29,Barcelona,LALIGA,23.3125
Marcus Rashford,28,Barcelona,LALIGA,23.3125
Roony Bardghji,20,Barcelona,LALIGA,23.3125
Toni Fernández,17,Barcelona,LALIGA,23.3125
Daniel Rodríguez,20,Barcelona,LALIGA,23.3125
Joan García,24,Barcelona,LALIGA,23.3125
Wojciech Szczesny,35,Barcelona,LALIGA,23.3125
Diego Kochen,19,Barcelona,LALIGA,23.3125
Eder Aller,18,Barcelona,LALIGA,23.3125
Radu Dragusin,24,Tottenham Hotspur,Premier League,23.31578947368421
Kevin Danso,27,Tottenham Hotspur,Premier League,23.31578947368421
Destiny Udogie,23,Tottenham Hotspur,Premier League,23.31578947368421
Cristian Romero,27,Tottenham Hotspur,Premier League,23.31578947368421
Pedro Porro,26,Tottenham Hotspur,Premier League,23.31578947368421
Djed Spence,25,Tottenham Hotspur,Premier League,23.31578947368421
Ben Davies,32,Tottenham Hotspur,Premier League,23.31578947368421
Micky van de Ven,24,Tottenham Hotspur,Premier League,23.31578947368421
Souza,19,Tottenham Hotspur,Premier League,23.31578947368421
Malachi Hardy,17,Tottenham Hotspur,Premier League,23.31578947368421
Jun'Ai Byfield,17,Tottenham Hotspur,Premier League,23.31578947368421
James Rowswell,19,Tottenham Hotspur,Premier League,23.31578947368421
João Palhinha,30,Tottenham Hotspur,Premier League,23.31578947368421
Xavi Simons,22,Tottenham Hotspur,Premier League,23.31578947368421
Yves Bissouma,29,Tottenham Hotspur,Premier League,23.31578947368421
James Maddison,29,Tottenham Hotspur,Premier League,23.31578947368421
Archie Gray,19,Tottenham Hotspur,Premier League,23.31578947368421
Lucas Bergvall,20,Tottenham Hotspur,Premier League,23.31578947368421
Mohammed Kudus,25,Tottenham Hotspur,Premier League,23.31578947368421
Dejan Kulusevski,25,Tottenham Hotspur,Premier League,23.31578947368421
Conor Gallagher,26,Tottenham Hotspur,Premier League,23.31578947368421
Pape Matar Sarr,23,Tottenham Hotspur,Premier League,23.31578947368421
Rodrigo Bentancur,28,Tottenham Hotspur,Premier League,23.31578947368421
Callum Olusesi,18,Tottenham Hotspur,Premier League,23.31578947368421
Rio Kyerematen,20,Tottenham Hotspur,Premier League,23.31578947368421
Luca Williams-Barnett,17,Tottenham Hotspur,Premier League,23.31578947368421
Tye Hall,18,Tottenham Hotspur,Premier League,23.31578947368421
Richarlison,28,Tottenham Hotspur,Premier League,23.31578947368421
Mathys Tel,20,Tottenham Hotspur,Premier League,23.31578947368421
Dominic Solanke,28,Tottenham Hotspur,Premier League,23.31578947368421
Wilson Odobert,21,Tottenham Hotspur,Premier League,23.31578947368421
Randal Kolo Muani,27,Tottenham Hotspur,Premier League,23.31578947368421
Tynan Thompson,17,Tottenham Hotspur,Premier League,23.31578947368421
James Wilson,18,Tottenham Hotspur,Premier League,23.31578947368421
Guglielmo Vicario,29,Tottenham Hotspur,Premier League,23.31578947368421
Antonín Kinsky,22,Tottenham Hotspur,Premier League,23.31578947368421
Brandon Austin,27,Tottenham Hotspur,Premier League,23.31578947368421
Luca Gunter,20,Tottenham Hotspur,Premier League,23.31578947368421
Marco Palestra,21,Cagliari,Serie A,23.558823529411764
Riyad Idrissi,20,Cagliari,Serie A,23.558823529411764
Juan Rodríguez,20,Cagliari,Serie A,23.558823529411764
Othniël Raterink,19,Cagliari,Serie A,23.558823529411764
Alberto Dossena,27,Cagliari,Serie A,23.558823529411764
Yerry Mina,31,Cagliari,Serie A,23.558823529411764
Gabriele Zappa,26,Cagliari,Serie A,23.558823529411764
Zé Pedro,28,Cagliari,Serie A,23.558823529411764
Adam Obert,23,Cagliari,Serie A,23.558823529411764
Antoni Franke,19,Cagliari,Serie A,23.558823529411764
Andrea Cogoni,19,Cagliari,Serie A,23.558823529411764
Luca Mazzitelli,30,Cagliari,Serie A,23.558823529411764
Michel Adopo,25,Cagliari,Serie A,23.558823529411764
Gianluca Gaetano,25,Cagliari,Serie A,23.558823529411764
Alessandro Deiola,30,Cagliari,Serie A,23.558823529411764
Sulemana,22,Cagliari,Serie A,23.558823529411764
Joseph Liteta,20,Cagliari,Serie A,23.558823529411764
Ivan Sulev,19,Cagliari,Serie A,23.558823529411764
Roberto Malfitano,18,Cagliari,Serie A,23.558823529411764
Michael Folorunsho,28,Cagliari,Serie A,23.558823529411764
Semih Kiliçsoy,20,Cagliari,Serie A,23.558823529411764
Mattia Felici,24,Cagliari,Serie A,23.558823529411764
Andrea Belotti,32,Cagliari,Serie A,23.558823529411764
Agustín Albarracín,20,Cagliari,Serie A,23.558823529411764
Gennaro Borrelli,25,Cagliari,Serie A,23.558823529411764
Leonardo Pavoletti,37,Cagliari,Serie A,23.558823529411764
Paul Mendy,19,Cagliari,Serie A,23.558823529411764
Nicola Grandu,19,Cagliari,Serie A,23.558823529411764
Yael Trepy,19,Cagliari,Serie A,23.558823529411764
Sebastiano Esposito,23,Cagliari,Serie A,23.558823529411764
Elia Caprile,24,Cagliari,Serie A,23.558823529411764
Alen Sherri,28,Cagliari,Serie A,23.558823529411764
Giuseppe Ciocci,24,Cagliari,Serie A,23.558823529411764
Vincenzo Sarno,17,Cagliari,Serie A,23.558823529411764
Ameen Al Dakhil,23,VfB Stuttgart,Bundesliga,23.606060606060606
Ramon Hendriks,24,VfB Stuttgart,Bundesliga,23.606060606060606
Josha Vagnoman,25,VfB Stuttgart,Bundesliga,23.606060606060606
Maximilian Mittelstädt,28,VfB Stuttgart,Bundesliga,23.606060606060606
Luca Jaquez,22,VfB Stuttgart,Bundesliga,23.606060606060606
Pascal Stenzel,29,VfB Stuttgart,Bundesliga,23.606060606060606
Lorenz Assignon,25,VfB Stuttgart,Bundesliga,23.606060606060606
Dan-Axel Zagadou,26,VfB Stuttgart,Bundesliga,23.606060606060606
Jeff Chabot,28,VfB Stuttgart,Bundesliga,23.606060606060606
Finn Jeltsch,19,VfB Stuttgart,Bundesliga,23.606060606060606
Maximilian Herwerth,20,VfB Stuttgart,Bundesliga,23.606060606060606
Yanik Spalt,18,VfB Stuttgart,Bundesliga,23.606060606060606
Angelo Stiller,24,VfB Stuttgart,Bundesliga,23.606060606060606
Chris Führich,28,VfB Stuttgart,Bundesliga,23.606060606060606
Bilal El Khannouss,21,VfB Stuttgart,Bundesliga,23.606060606060606
Atakan Karazor,29,VfB Stuttgart,Bundesliga,23.606060606060606
Noah Darvich,19,VfB Stuttgart,Bundesliga,23.606060606060606
Nikolas Nartey,26,VfB Stuttgart,Bundesliga,23.606060606060606
Chema Andrés,20,VfB Stuttgart,Bundesliga,23.606060606060606
Christopher Olivier,20,VfB Stuttgart,Bundesliga,23.606060606060606
Mirza Catovic,18,VfB Stuttgart,Bundesliga,23.606060606060606
Lauri Penna,19,VfB Stuttgart,Bundesliga,23.606060606060606
Tiago Tomás,23,VfB Stuttgart,Bundesliga,23.606060606060606
Ermedin Demirovic,27,VfB Stuttgart,Bundesliga,23.606060606060606
Jamie Leweling,25,VfB Stuttgart,Bundesliga,23.606060606060606
Jeremy Arévalo,20,VfB Stuttgart,Bundesliga,23.606060606060606
Deniz Undav,29,VfB Stuttgart,Bundesliga,23.606060606060606
Badredine Bouanani,21,VfB Stuttgart,Bundesliga,23.606060606060606
Lazar Jovanovic,19,VfB Stuttgart,Bundesliga,23.606060606060606
Fabian Bredlow,31,VfB Stuttgart,Bundesliga,23.606060606060606
Stefan Drljaca,26,VfB Stuttgart,Bundesliga,23.606060606060606
Alexander Nübel,29,VfB Stuttgart,Bundesliga,23.606060606060606
Florian Hellstern,18,VfB Stuttgart,Bundesliga,23.606060606060606
Dani Carvajal,34,Real Madrid,LALIGA,23.615384615384617
Éder Militão,28,Real Madrid,LALIGA,23.615384615384617
David Alaba,33,Real Madrid,LALIGA,23.615384615384617
Trent Alexander-Arnold,27,Real Madrid,LALIGA,23.615384615384617
Raúl Asencio,23,Real Madrid,LALIGA,23.615384615384617
Álvaro Carreras,22,Real Madrid,LALIGA,23.615384615384617
Fran García,26,Real Madrid,LALIGA,23.615384615384617
Antonio Rüdiger,33,Real Madrid,LALIGA,23.615384615384617
Ferland Mendy,30,Real Madrid,LALIGA,23.615384615384617
Dean Huijsen,20,Real Madrid,LALIGA,23.615384615384617
Diego Aguado,19,Real Madrid,LALIGA,23.615384615384617
Jesús Fortea,18,Real Madrid,LALIGA,23.615384615384617
David Jiménez,21,Real Madrid,LALIGA,23.615384615384617
Joan Martínez,18,Real Madrid,LALIGA,23.615384615384617
Víctor Valdepeñas,19,Real Madrid,LALIGA,23.615384615384617
Jude Bellingham,22,Real Madrid,LALIGA,23.615384615384617
Eduardo Camavinga,23,Real Madrid,LALIGA,23.615384615384617
Federico Valverde,27,Real Madrid,LALIGA,23.615384615384617
Aurélien Tchouaméni,26,Real Madrid,LALIGA,23.615384615384617
Arda Güler,21,Real Madrid,LALIGA,23.615384615384617
Dani Ceballos,29,Real Madrid,LALIGA,23.615384615384617
Brahim Díaz,26,Real Madrid,LALIGA,23.615384615384617
Jorge Cestero,19,Real Madrid,LALIGA,23.615384615384617
Pol Fortuny,20,Real Madrid,LALIGA,23.615384615384617
Manuel Ángel,21,Real Madrid,LALIGA,23.615384615384617
César Palacios,21,Real Madrid,LALIGA,23.615384615384617
Thiago Pitarch,18,Real Madrid,LALIGA,23.615384615384617
Dani Meso,20,Real Madrid,LALIGA,23.615384615384617
Vinícius Júnior,25,Real Madrid,LALIGA,23.615384615384617
Kylian Mbappé,27,Real Madrid,LALIGA,23.615384615384617
Rodrygo,25,Real Madrid,LALIGA,23.615384615384617
Gonzalo García,21,Real Madrid,LALIGA,23.615384615384617
Franco Mastantuono,18,Real Madrid,LALIGA,23.615384615384617
Álvaro Leiva,21,Real Madrid,LALIGA,23.615384615384617
Thibaut Courtois,33,Real Madrid,LALIGA,23.615384615384617
Andriy Lunin,27,Real Madrid,LALIGA,23.615384615384617
Fran González,20,Real Madrid,LALIGA,23.615384615384617
Javier Navarro,19,Real Madrid,LALIGA,23.615384615384617
Sergio Mestre,21,Real Madrid,LALIGA,23.615384615384617
William Saliba,24,Arsenal,Premier League,23.636363636363637
Cristhian Mosquera,21,Arsenal,Premier League,23.636363636363637
Ben White,28,Arsenal,Premier League,23.636363636363637
Piero Hincapié,24,Arsenal,Premier League,23.636363636363637
Gabriel Magalhães,28,Arsenal,Premier League,23.636363636363637
Jurriën Timber,24,Arsenal,Premier League,23.636363636363637
Riccardo Calafiori,23,Arsenal,Premier League,23.636363636363637
Josh Nichols,19,Arsenal,Premier League,23.636363636363637
Myles Lewis-Skelly,19,Arsenal,Premier League,23.636363636363637
Marli Salmon,16,Arsenal,Premier League,23.636363636363637
Martin Ødegaard,27,Arsenal,Premier League,23.636363636363637
Eberechi Eze,27,Arsenal,Premier League,23.636363636363637
Christian Nørgaard,31,Arsenal,Premier League,23.636363636363637
Mikel Merino,29,Arsenal,Premier League,23.636363636363637
Martín Zubimendi,27,Arsenal,Premier League,23.636363636363637
Declan Rice,27,Arsenal,Premier League,23.636363636363637
Max Dowman,16,Arsenal,Premier League,23.636363636363637
Ife Ibrahim,18,Arsenal,Premier League,23.636363636363637
Bukayo Saka,24,Arsenal,Premier League,23.636363636363637
Gabriel Jesus,28,Arsenal,Premier League,23.636363636363637
Gabriel Martinelli,24,Arsenal,Premier League,23.636363636363637
Viktor Gyökeres,27,Arsenal,Premier League,23.636363636363637
Leandro Trossard,31,Arsenal,Premier League,23.636363636363637
Noni Madueke,23,Arsenal,Premier League,23.636363636363637
Kai Havertz,26,Arsenal,Premier League,23.636363636363637
Andre Annous,18,Arsenal,Premier League,23.636363636363637
Ceadach O’Neill,17,Arsenal,Premier League,23.636363636363637
Brando Bailey-Joseph,17,Arsenal,Premier League,23.636363636363637
David Raya,30,Arsenal,Premier League,23.636363636363637
Kepa Arrizabalaga,31,Arsenal,Premier League,23.636363636363637
Tommy Setford,19,Arsenal,Premier League,23.636363636363637
Alexei Rojas,20,Arsenal,Premier League,23.636363636363637
Jack Porter,17,Arsenal,Premier League,23.636363636363637
Jon Aramburu,23,Real Sociedad,LALIGA,23.692307692307693
Aihen Muñoz,28,Real Sociedad,LALIGA,23.692307692307693
Igor Zubeldia,28,Real Sociedad,LALIGA,23.692307692307693
Aritz Elustondo,31,Real Sociedad,LALIGA,23.692307692307693
Duje Caleta-Car,29,Real Sociedad,LALIGA,23.692307692307693
Álvaro Odriozola,30,Real Sociedad,LALIGA,23.692307692307693
Jon Martín,19,Real Sociedad,LALIGA,23.692307692307693
Iñaki Rupérez,23,Real Sociedad,LALIGA,23.692307692307693
Luken Beitia,21,Real Sociedad,LALIGA,23.692307692307693
Kazunari Kita,20,Real Sociedad,LALIGA,23.692307692307693
Jon Gorrotxategi,23,Real Sociedad,LALIGA,23.692307692307693
Beñat Turrientes,24,Real Sociedad,LALIGA,23.692307692307693
Yangel Herrera,28,Real Sociedad,LALIGA,23.692307692307693
Pablo Marín,22,Real Sociedad,LALIGA,23.692307692307693
Carlos Soler,29,Real Sociedad,LALIGA,23.692307692307693
Arsen Zakharyan,22,Real Sociedad,LALIGA,23.692307692307693
Brais Méndez,29,Real Sociedad,LALIGA,23.692307692307693
Luka Sucic,23,Real Sociedad,LALIGA,23.692307692307693
Alex Lebarbier,21,Real Sociedad,LALIGA,23.692307692307693
Tomás Carbonell,21,Real Sociedad,LALIGA,23.692307692307693
Lander Astiazarán,19,Real Sociedad,LALIGA,23.692307692307693
Ibai Aguirre,19,Real Sociedad,LALIGA,23.692307692307693
Ander Barrenetxea,24,Real Sociedad,LALIGA,23.692307692307693
Orri Óskarsson,21,Real Sociedad,LALIGA,23.692307692307693
Mikel Oyarzabal,28,Real Sociedad,LALIGA,23.692307692307693
Gonçalo Guedes,29,Real Sociedad,LALIGA,23.692307692307693
Takefusa Kubo,24,Real Sociedad,LALIGA,23.692307692307693
Sergio Gómez,25,Real Sociedad,LALIGA,23.692307692307693
Jon Karrikaburu,23,Real Sociedad,LALIGA,23.692307692307693
Wesley Ribeiro,21,Real Sociedad,LALIGA,23.692307692307693
Daniel Díaz,19,Real Sociedad,LALIGA,23.692307692307693
Arkaitz Mariezkurrena,20,Real Sociedad,LALIGA,23.692307692307693
Alex Marchal,18,Real Sociedad,LALIGA,23.692307692307693
Gorka Carrera,20,Real Sociedad,LALIGA,23.692307692307693
Job Ochieng,23,Real Sociedad,LALIGA,23.692307692307693
Álex Remiro,30,Real Sociedad,LALIGA,23.692307692307693
Unai Marrero,24,Real Sociedad,LALIGA,23.692307692307693
Aitor Fraga,22,Real Sociedad,LALIGA,23.692307692307693
Theo Folgado,21,Real Sociedad,LALIGA,23.692307692307693
Corrie Ndaba,26,Lecce,Serie A,23.741935483870968
Kialonda Gaspar,28,Lecce,Serie A,23.741935483870968
Jamil Siebert,23,Lecce,Serie A,23.741935483870968
Matías Pérez,20,Lecce,Serie A,23.741935483870968
Danilo Veiga,23,Lecce,Serie A,23.741935483870968
Gaby Jean,26,Lecce,Serie A,23.741935483870968
Antonino Gallo,26,Lecce,Serie A,23.741935483870968
Tiago Gabriel,21,Lecce,Serie A,23.741935483870968
Álex Sala,24,Lecce,Serie A,23.741935483870968
Sadik Fofana,22,Lecce,Serie A,23.741935483870968
Medon Berisha,22,Lecce,Serie A,23.741935483870968
Thorir Johann Helgason,25,Lecce,Serie A,23.741935483870968
Omri Gandelman,25,Lecce,Serie A,23.741935483870968
Lameck Banda,25,Lecce,Serie A,23.741935483870968
Ylber Ramadani,29,Lecce,Serie A,23.741935483870968
Olaf Gorter,21,Lecce,Serie A,23.741935483870968
Lassana Coulibaly,29,Lecce,Serie A,23.741935483870968
Filip Marchwinski,24,Lecce,Serie A,23.741935483870968
Oumar Ngom,21,Lecce,Serie A,23.741935483870968
Niko Kovac,20,Lecce,Serie A,23.741935483870968
Nikola Stulic,24,Lecce,Serie A,23.741935483870968
Konan N’Dri,25,Lecce,Serie A,23.741935483870968
Francesco Camarda,17,Lecce,Serie A,23.741935483870968
Riccardo Sottil,26,Lecce,Serie A,23.741935483870968
Santiago Pierotti,24,Lecce,Serie A,23.741935483870968
Walid Cheddira,28,Lecce,Serie A,23.741935483870968
Christian Früchtl,26,Lecce,Serie A,23.741935483870968
Wladimiro Falcone,30,Lecce,Serie A,23.741935483870968
Jasper Samooja,22,Lecce,Serie A,23.741935483870968
Plamen Penev,17,Lecce,Serie A,23.741935483870968
Daniele Bleve,17,Lecce,Serie A,23.741935483870968
Joe Gomez,28,Liverpool,Premier League,23.76923076923077
Virgil van Dijk,34,Liverpool,Premier League,23.76923076923077
Ibrahima Konaté,26,Liverpool,Premier League,23.76923076923077
Milos Kerkez,22,Liverpool,Premier League,23.76923076923077
Conor Bradley,22,Liverpool,Premier League,23.76923076923077
Giovanni Leoni,19,Liverpool,Premier League,23.76923076923077
Andrew Robertson,31,Liverpool,Premier League,23.76923076923077
Jeremie Frimpong,25,Liverpool,Premier League,23.76923076923077
Rhys Williams,25,Liverpool,Premier League,23.76923076923077
Calvin Ramsay,22,Liverpool,Premier League,23.76923076923077
Carter Pinnington,19,Liverpool,Premier League,23.76923076923077
Amara Nallo,19,Liverpool,Premier League,23.76923076923077
Wellity Lucky,20,Liverpool,Premier League,23.76923076923077
Wataru Endo,33,Liverpool,Premier League,23.76923076923077
Florian Wirtz,22,Liverpool,Premier League,23.76923076923077
Dominik Szoboszlai,25,Liverpool,Premier League,23.76923076923077
Alexis Mac Allister,27,Liverpool,Premier League,23.76923076923077
Curtis Jones,25,Liverpool,Premier League,23.76923076923077
Ryan Gravenberch,23,Liverpool,Premier League,23.76923076923077
Trey Nyoni,18,Liverpool,Premier League,23.76923076923077
Stefan Bajcetic,21,Liverpool,Premier League,23.76923076923077
Kieran Morrison,19,Liverpool,Premier League,23.76923076923077
Tommy Pilling,21,Liverpool,Premier League,23.76923076923077
Michael Laffey,20,Liverpool,Premier League,23.76923076923077
Alexander Isak,26,Liverpool,Premier League,23.76923076923077
Mohamed Salah,33,Liverpool,Premier League,23.76923076923077
Federico Chiesa,28,Liverpool,Premier League,23.76923076923077
Cody Gakpo,26,Liverpool,Premier League,23.76923076923077
Hugo Ekitike,23,Liverpool,Premier League,23.76923076923077
Kaide Gordon,21,Liverpool,Premier League,23.76923076923077
Keyrol Figueroa,19,Liverpool,Premier League,23.76923076923077
Rio Ngumoha,17,Liverpool,Premier League,23.76923076923077
Jayden Danns,20,Liverpool,Premier League,23.76923076923077
Alisson Becker,33,Liverpool,Premier League,23.76923076923077
Giorgi Mamardashvili,25,Liverpool,Premier League,23.76923076923077
Freddie Woodman,29,Liverpool,Premier League,23.76923076923077
Ármin Pécsi,21,Liverpool,Premier League,23.76923076923077
Kornel Misciur,18,Liverpool,Premier League,23.76923076923077
Harvey Davies,22,Liverpool,Premier League,23.76923076923077
Daniel Oyegoke,23,Hellas Verona,Serie A,23.82051282051282
Martin Frese,28,Hellas Verona,Serie A,23.82051282051282
Andrias Edmundsson,25,Hellas Verona,Serie A,23.82051282051282
Nicolás Valentini,24,Hellas Verona,Serie A,23.82051282051282
Rafik Belghali,23,Hellas Verona,Serie A,23.82051282051282
Domagoj Bradaric,26,Hellas Verona,Serie A,23.82051282051282
Pol Lirola,28,Hellas Verona,Serie A,23.82051282051282
Victor Nelsson,27,Hellas Verona,Serie A,23.82051282051282
Tobias Slotsager,20,Hellas Verona,Serie A,23.82051282051282
Andrej Popovic,19,Hellas Verona,Serie A,23.82051282051282
Armel Bella-Kotchap,24,Hellas Verona,Serie A,23.82051282051282
Fallou Cham,20,Hellas Verona,Serie A,23.82051282051282
Davide De Battisti,19,Hellas Verona,Serie A,23.82051282051282
William Feola,20,Hellas Verona,Serie A,23.82051282051282
Sandi Lovric,27,Hellas Verona,Serie A,23.82051282051282
Suat Serdar,28,Hellas Verona,Serie A,23.82051282051282
Tomás Suslov,23,Hellas Verona,Serie A,23.82051282051282
Jean-Daniel Akpa Akpro,33,Hellas Verona,Serie A,23.82051282051282
Abdou Harroui,28,Hellas Verona,Serie A,23.82051282051282
Antoine Bernede,26,Hellas Verona,Serie A,23.82051282051282
Ruben Akalé,18,Hellas Verona,Serie A,23.82051282051282
Luca Szimionas,19,Hellas Verona,Serie A,23.82051282051282
Cheikh Niasse,26,Hellas Verona,Serie A,23.82051282051282
Roberto Gagliardini,31,Hellas Verona,Serie A,23.82051282051282
Moatasem Al-Musrati,29,Hellas Verona,Serie A,23.82051282051282
Jurgen Peci,19,Hellas Verona,Serie A,23.82051282051282
Luca Monticelli,21,Hellas Verona,Serie A,23.82051282051282
Amin Sarr,24,Hellas Verona,Serie A,23.82051282051282
Gift Orban,23,Hellas Verona,Serie A,23.82051282051282
Kieron Bowie,23,Hellas Verona,Serie A,23.82051282051282
Daniel Mosquera,26,Hellas Verona,Serie A,23.82051282051282
Isaac,21,Hellas Verona,Serie A,23.82051282051282
Junior Ajayi,21,Hellas Verona,Serie A,23.82051282051282
Ioan Vermesan,19,Hellas Verona,Serie A,23.82051282051282
Lorenzo Montipò,30,Hellas Verona,Serie A,23.82051282051282
Simone Perilli,31,Hellas Verona,Serie A,23.82051282051282
Arthur Borghi,18,Hellas Verona,Serie A,23.82051282051282
Mirko Castagnini,18,Hellas Verona,Serie A,23.82051282051282
Giacomo Toniolo,21,Hellas Verona,Serie A,23.82051282051282
Devyne Rensch,23,AS Roma,Serie A,23.885714285714286
Angeliño,29,AS Roma,Serie A,23.885714285714286
Evan Ndicka,26,AS Roma,Serie A,23.885714285714286
Kostas Tsimikas,29,AS Roma,Serie A,23.885714285714286
Zeki Çelik,29,AS Roma,Serie A,23.885714285714286
Mario Hermoso,30,AS Roma,Serie A,23.885714285714286
Gianluca Mancini,29,AS Roma,Serie A,23.885714285714286
Jan Ziólkowski,20,AS Roma,Serie A,23.885714285714286
Wesley França,22,AS Roma,Serie A,23.885714285714286
Jacopo Mirra,19,AS Roma,Serie A,23.885714285714286
Emanuele Lulli,18,AS Roma,Serie A,23.885714285714286
Daniele Ghilardi,23,AS Roma,Serie A,23.885714285714286
Bryan Cristante,31,AS Roma,Serie A,23.885714285714286
Lorenzo Pellegrini,29,AS Roma,Serie A,23.885714285714286
Neil El Aynaoui,24,AS Roma,Serie A,23.885714285714286
Manu Koné,24,AS Roma,Serie A,23.885714285714286
Niccolò Pisilli,21,AS Roma,Serie A,23.885714285714286
Muhammed Bah,19,AS Roma,Serie A,23.885714285714286
Mattia Della Rocca,20,AS Roma,Serie A,23.885714285714286
Artem Dovbyk,28,AS Roma,Serie A,23.885714285714286
Evan Ferguson,21,AS Roma,Serie A,23.885714285714286
Donyell Malen,27,AS Roma,Serie A,23.885714285714286
Matìas Soulè,22,AS Roma,Serie A,23.885714285714286
Lorenzo Venturino,19,AS Roma,Serie A,23.885714285714286
Paulo Dybala,32,AS Roma,Serie A,23.885714285714286
Antonio Arena,17,AS Roma,Serie A,23.885714285714286
Robinio Vaz,19,AS Roma,Serie A,23.885714285714286
Edoardo Morucci,19,AS Roma,Serie A,23.885714285714286
Stephan El Shaarawy,33,AS Roma,Serie A,23.885714285714286
Bryan Zaragoza,24,AS Roma,Serie A,23.885714285714286
Giorgio De Marzi,18,AS Roma,Serie A,23.885714285714286
Alessio Marcaccini,17,AS Roma,Serie A,23.885714285714286
Radoslaw Zelezny,19,AS Roma,Serie A,23.885714285714286
Pierluigi Gollini,30,AS Roma,Serie A,23.885714285714286
Mile Svilar,26,AS Roma,Serie A,23.885714285714286
Rúben Dias,28,Manchester City,Premier League,23.91176470588235
John Stones,31,Manchester City,Premier League,23.91176470588235
Nathan Aké,31,Manchester City,Premier League,23.91176470588235
Marc Guéhi,25,Manchester City,Premier League,23.91176470588235
Rayan Aït-Nouri,24,Manchester City,Premier League,23.91176470588235
Josko Gvardiol,24,Manchester City,Premier League,23.91176470588235
Abdukodir Khusanov,22,Manchester City,Premier League,23.91176470588235
Kaden Braithwaite,18,Manchester City,Premier League,23.91176470588235
Max Alleyne,20,Manchester City,Premier League,23.91176470588235
Rico Lewis,21,Manchester City,Premier League,23.91176470588235
Kian Noble,19,Manchester City,Premier League,23.91176470588235
Tijjani Reijnders,27,Manchester City,Premier League,23.91176470588235
Mateo Kovacic,31,Manchester City,Premier League,23.91176470588235
Rayan Cherki,22,Manchester City,Premier League,23.91176470588235
Nico González,24,Manchester City,Premier League,23.91176470588235
Rodri,29,Manchester City,Premier League,23.91176470588235
Bernardo Silva,31,Manchester City,Premier League,23.91176470588235
Matheus Nunes,27,Manchester City,Premier League,23.91176470588235
Nico O'Reilly,20,Manchester City,Premier League,23.91176470588235
Sverre Nypan,19,Manchester City,Premier League,23.91176470588235
Phil Foden,25,Manchester City,Premier League,23.91176470588235
Charlie Gray,20,Manchester City,Premier League,23.91176470588235
Floyd Samba,17,Manchester City,Premier League,23.91176470588235
Omar Marmoush,27,Manchester City,Premier League,23.91176470588235
Erling Haaland,25,Manchester City,Premier League,23.91176470588235
Jérémy Doku,23,Manchester City,Premier League,23.91176470588235
Savinho,21,Manchester City,Premier League,23.91176470588235
Antoine Semenyo,26,Manchester City,Premier League,23.91176470588235
Ryan McAidoo,17,Manchester City,Premier League,23.91176470588235
Reigan Heskey,18,Manchester City,Premier League,23.91176470588235
Tyrone Samba,18,Manchester City,Premier League,23.91176470588235
James Trafford,23,Manchester City,Premier League,23.91176470588235
Marcus Bettinelli,33,Manchester City,Premier League,23.91176470588235
Gianluigi Donnarumma,27,Manchester City,Premier League,23.91176470588235
Dennis Cirkin,23,Sunderland,Premier League,23.93548387096774
Danny Ballard,26,Sunderland,Premier League,23.93548387096774
Lutsharel Geertruida,25,Sunderland,Premier League,23.93548387096774
Omar Alderete,29,Sunderland,Premier League,23.93548387096774
Reinildo Mandava,32,Sunderland,Premier League,23.93548387096774
Nordi Mukiele,28,Sunderland,Premier League,23.93548387096774
Trai Hume,23,Sunderland,Premier League,23.93548387096774
Jenson Arron Jones,19,Sunderland,Premier League,23.93548387096774
Chris Rigg,18,Sunderland,Premier League,23.93548387096774
Luke O'Nien,31,Sunderland,Premier League,23.93548387096774
Habib Diarra,22,Sunderland,Premier League,23.93548387096774
Noah Sadiki,21,Sunderland,Premier League,23.93548387096774
Enzo Le Fée,26,Sunderland,Premier League,23.93548387096774
Milan Aleksic,20,Sunderland,Premier League,23.93548387096774
Granit Xhaka,33,Sunderland,Premier League,23.93548387096774
Abdoullah Ba,22,Sunderland,Premier League,23.93548387096774
Harrison Jones,21,Sunderland,Premier League,23.93548387096774
Jayden Jones,19,Sunderland,Premier League,23.93548387096774
Jack Whittaker,19,Sunderland,Premier League,23.93548387096774
Chemsdine Talbi,20,Sunderland,Premier League,23.93548387096774
Brian Brobbey,24,Sunderland,Premier League,23.93548387096774
Nilson Angulo,22,Sunderland,Premier League,23.93548387096774
Eliezer Mayenda,20,Sunderland,Premier League,23.93548387096774
Romaine Mundle,22,Sunderland,Premier League,23.93548387096774
Wilson Isidor,25,Sunderland,Premier League,23.93548387096774
Bertrand Traoré,30,Sunderland,Premier League,23.93548387096774
Ahmed Abdullahi,21,Sunderland,Premier League,23.93548387096774
Djiamgone Jocelin Ta Bi,21,Sunderland,Premier League,23.93548387096774
Simon Moore,35,Sunderland,Premier League,23.93548387096774
Robin Roefs,23,Sunderland,Premier League,23.93548387096774
Melker Ellborg,22,Sunderland,Premier League,23.93548387096774
Diogo Dalot,26,Manchester United,Premier League,24.0625
Noussair Mazraoui,28,Manchester United,Premier League,24.0625
Matthijs de Ligt,26,Manchester United,Premier League,24.0625
Harry Maguire,33,Manchester United,Premier League,24.0625
Lisandro Martínez,28,Manchester United,Premier League,24.0625
Tyrell Malacia,26,Manchester United,Premier League,24.0625
Patrick Dorgu,21,Manchester United,Premier League,24.0625
Leny Yoro,20,Manchester United,Premier League,24.0625
Luke Shaw,30,Manchester United,Premier League,24.0625
Ayden Heaven,19,Manchester United,Premier League,24.0625
Tyler Fredricson,21,Manchester United,Premier League,24.0625
Diego León,18,Manchester United,Premier League,24.0625
Godwill Kukonki,18,Manchester United,Premier League,24.0625
Mason Mount,27,Manchester United,Premier League,24.0625
Bruno Fernandes,31,Manchester United,Premier League,24.0625
Casemiro,34,Manchester United,Premier League,24.0625
Manuel Ugarte,24,Manchester United,Premier League,24.0625
Kobbie Mainoo,20,Manchester United,Premier League,24.0625
Jack Fletcher,18,Manchester United,Premier League,24.0625
Tyler Fletcher,18,Manchester United,Premier League,24.0625
Jack Moorhouse,20,Manchester United,Premier League,24.0625
Matheus Cunha,26,Manchester United,Premier League,24.0625
Joshua Zirkzee,24,Manchester United,Premier League,24.0625
Amad,23,Manchester United,Premier League,24.0625
Bryan Mbeumo,26,Manchester United,Premier League,24.0625
Benjamin Sesko,22,Manchester United,Premier League,24.0625
Chido Obi,18,Manchester United,Premier League,24.0625
Shea Lacey,18,Manchester United,Premier League,24.0625
Bendito Mantato,18,Manchester United,Premier League,24.0625
Altay Bayindir,27,Manchester United,Premier League,24.0625
Tom Heaton,39,Manchester United,Premier League,24.0625
Senne Lammens,23,Manchester United,Premier League,24.0625
Adrien Truffert,24,AFC Bournemouth,Premier League,24.066666666666666
Marcos Senesi,28,AFC Bournemouth,Premier League,24.066666666666666
Julio Soler,21,AFC Bournemouth,Premier League,24.066666666666666
Adam Smith,34,AFC Bournemouth,Premier League,24.066666666666666
Bafodé Diakité,25,AFC Bournemouth,Premier League,24.066666666666666
Álex Jiménez,20,AFC Bournemouth,Premier League,24.066666666666666
James Hill,24,AFC Bournemouth,Premier League,24.066666666666666
Owen Bevan,22,AFC Bournemouth,Premier League,24.066666666666666
Veljko Milosavljevic,18,AFC Bournemouth,Premier League,24.066666666666666
Matai Akinmboni,19,AFC Bournemouth,Premier League,24.066666666666666
Lewis Cook,29,AFC Bournemouth,Premier League,24.066666666666666
David Brooks,28,AFC Bournemouth,Premier League,24.066666666666666
Alex Scott,22,AFC Bournemouth,Premier League,24.066666666666666
Ryan Christie,31,AFC Bournemouth,Premier League,24.066666666666666
Tyler Adams,27,AFC Bournemouth,Premier League,24.066666666666666
Marcus Tavernier,26,AFC Bournemouth,Premier League,24.066666666666666
Alex Tóth,20,AFC Bournemouth,Premier League,24.066666666666666
Malcom Dacosta,17,AFC Bournemouth,Premier League,24.066666666666666
Charlie Stevens,18,AFC Bournemouth,Premier League,24.066666666666666
Evanilson,26,AFC Bournemouth,Premier League,24.066666666666666
Ben Gannon Doak,20,AFC Bournemouth,Premier League,24.066666666666666
Justin Kluivert,26,AFC Bournemouth,Premier League,24.066666666666666
Amine Adli,25,AFC Bournemouth,Premier League,24.066666666666666
Junior Kroupi,19,AFC Bournemouth,Premier League,24.066666666666666
Enes Ünal,28,AFC Bournemouth,Premier League,24.066666666666666
Rayan,19,AFC Bournemouth,Premier League,24.066666666666666
Remy Rees-Dottin,19,AFC Bournemouth,Premier League,24.066666666666666
Djordje Petrovic,26,AFC Bournemouth,Premier League,24.066666666666666
Fraser Forster,37,AFC Bournemouth,Premier League,24.066666666666666
Christos Mandas,24,AFC Bournemouth,Premier League,24.066666666666666
Dodô,27,Fiorentina,Serie A,24.11764705882353
Daniele Rugani,31,Fiorentina,Serie A,24.11764705882353
Marin Pongracic,28,Fiorentina,Serie A,24.11764705882353
Luca Ranieri,26,Fiorentina,Serie A,24.11764705882353
Pietro Comuzzo,21,Fiorentina,Serie A,24.11764705882353
Robin Gosens,31,Fiorentina,Serie A,24.11764705882353
Eman Kospo,18,Fiorentina,Serie A,24.11764705882353
Niccolò Fortini,20,Fiorentina,Serie A,24.11764705882353
Tariq Lamptey,25,Fiorentina,Serie A,24.11764705882353
Eddy Kouadio,19,Fiorentina,Serie A,24.11764705882353
Luís Balbo,19,Fiorentina,Serie A,24.11764705882353
Fabiano Parisi,25,Fiorentina,Serie A,24.11764705882353
Edoardo Sadotti,20,Fiorentina,Serie A,24.11764705882353
Marco Brescianini,26,Fiorentina,Serie A,24.11764705882353
Rolando Mandragora,28,Fiorentina,Serie A,24.11764705882353
Abdelhamid Sabiri,29,Fiorentina,Serie A,24.11764705882353
Jacopo Fazzini,22,Fiorentina,Serie A,24.11764705882353
Cher Ndour,21,Fiorentina,Serie A,24.11764705882353
Nicolò Fagioli,25,Fiorentina,Serie A,24.11764705882353
Piergiorgio Bonanno,18,Fiorentina,Serie A,24.11764705882353
Lapo Deli,19,Fiorentina,Serie A,24.11764705882353
Giovanni Fabbian,23,Fiorentina,Serie A,24.11764705882353
Albert Gudmundsson,28,Fiorentina,Serie A,24.11764705882353
Jack Harrison,29,Fiorentina,Serie A,24.11764705882353
Manor Solomon,26,Fiorentina,Serie A,24.11764705882353
Moise Kean,26,Fiorentina,Serie A,24.11764705882353
Riccardo Braschi,19,Fiorentina,Serie A,24.11764705882353
Gabriele Bertolini,19,Fiorentina,Serie A,24.11764705882353
Roberto Piccoli,25,Fiorentina,Serie A,24.11764705882353
Luca Lezzerini,30,Fiorentina,Serie A,24.11764705882353
David de Gea,35,Fiorentina,Serie A,24.11764705882353
Pietro Leonardelli,19,Fiorentina,Serie A,24.11764705882353
Mattia Magalotti,17,Fiorentina,Serie A,24.11764705882353
Oliver Christensen,26,Fiorentina,Serie A,24.11764705882353
William Mikelbrencis,22,Hamburg SV,Bundesliga,24.129032258064516
Noah Katterbach,24,Hamburg SV,Bundesliga,24.129032258064516
Giorgi Gocholeishvili,25,Hamburg SV,Bundesliga,24.129032258064516
Warmed Omari,25,Hamburg SV,Bundesliga,24.129032258064516
Jordan Torunarigha,28,Hamburg SV,Bundesliga,24.129032258064516
Miro Muheim,27,Hamburg SV,Bundesliga,24.129032258064516
Louis Lemke,16,Hamburg SV,Bundesliga,24.129032258064516
Shafiq Nandja,19,Hamburg SV,Bundesliga,24.129032258064516
Luka Vuskovic,19,Hamburg SV,Bundesliga,24.129032258064516
Albert Sambi Lokonga,26,Hamburg SV,Bundesliga,24.129032258064516
Daniel Elfadli,28,Hamburg SV,Bundesliga,24.129032258064516
Bakery Jatta,27,Hamburg SV,Bundesliga,24.129032258064516
Fabio Vieira,25,Hamburg SV,Bundesliga,24.129032258064516
Nicolai Remberg,25,Hamburg SV,Bundesliga,24.129032258064516
Albert Grønbaek,24,Hamburg SV,Bundesliga,24.129032258064516
Nicolás Capaldo,27,Hamburg SV,Bundesliga,24.129032258064516
Omar Megeed,20,Hamburg SV,Bundesliga,24.129032258064516
Jean-Luc Dompé,30,Hamburg SV,Bundesliga,24.129032258064516
Robert Glatzel,32,Hamburg SV,Bundesliga,24.129032258064516
Ransford-Yeboah Königsdörffer,24,Hamburg SV,Bundesliga,24.129032258064516
Rayan Philippe,25,Hamburg SV,Bundesliga,24.129032258064516
Yussuf Poulsen,31,Hamburg SV,Bundesliga,24.129032258064516
Damion Downs,21,Hamburg SV,Bundesliga,24.129032258064516
Philip Otele,26,Hamburg SV,Bundesliga,24.129032258064516
Alexander Røssing-Lelesiit,19,Hamburg SV,Bundesliga,24.129032258064516
Fabio Baldé,20,Hamburg SV,Bundesliga,24.129032258064516
Otto Stange,19,Hamburg SV,Bundesliga,24.129032258064516
Daniel Heuer Fernandes,33,Hamburg SV,Bundesliga,24.129032258064516
Sander Tangvik,23,Hamburg SV,Bundesliga,24.129032258064516
Hannes Hermann,20,Hamburg SV,Bundesliga,24.129032258064516
Fernando Dickes,18,Hamburg SV,Bundesliga,24.129032258064516
Aaron Hickey,23,Brentford,Premier League,24.137931034482758
Rico Henry,28,Brentford,Premier League,24.137931034482758
Sepp van den Berg,24,Brentford,Premier League,24.137931034482758
Ethan Pinnock,32,Brentford,Premier League,24.137931034482758
Kristoffer Ajer,27,Brentford,Premier League,24.137931034482758
Nathan Collins,24,Brentford,Premier League,24.137931034482758
Michael Kayode,21,Brentford,Premier League,24.137931034482758
Ollie Shield,19,Brentford,Premier League,24.137931034482758
Joshua Stephenson,18,Brentford,Premier League,24.137931034482758
Jordan Henderson,35,Brentford,Premier League,24.137931034482758
Kevin Schade,24,Brentford,Premier League,24.137931034482758
Mathias Jensen,30,Brentford,Premier League,24.137931034482758
Josh Dasilva,27,Brentford,Premier League,24.137931034482758
Fábio Carvalho,23,Brentford,Premier League,24.137931034482758
Antoni Milambo,20,Brentford,Premier League,24.137931034482758
Yehor Yarmoliuk,22,Brentford,Premier League,24.137931034482758
Mikkel Damsgaard,25,Brentford,Premier League,24.137931034482758
Vitaly Janelt,27,Brentford,Premier League,24.137931034482758
Romelle Donovan,19,Brentford,Premier League,24.137931034482758
Luka Bentt,18,Brentford,Premier League,24.137931034482758
Igor Thiago,24,Brentford,Premier League,24.137931034482758
Reiss Nelson,26,Brentford,Premier League,24.137931034482758
Dango Ouattara,24,Brentford,Premier League,24.137931034482758
Keane Lewis-Potter,25,Brentford,Premier League,24.137931034482758
Kaye Furo,19,Brentford,Premier League,24.137931034482758
Caoimhín Kelleher,27,Brentford,Premier League,24.137931034482758
Hákon Valdimarsson,24,Brentford,Premier League,24.137931034482758
Ellery Balcombe,26,Brentford,Premier League,24.137931034482758
Julian Eyestone,19,Brentford,Premier League,24.137931034482758
Matías Moreno,22,Levante,LALIGA,24.205882352941178
Alan Matturro,21,Levante,LALIGA,24.205882352941178
Adrián de la Fuente,27,Levante,LALIGA,24.205882352941178
Unai Elgezabel,32,Levante,LALIGA,24.205882352941178
Diego Pampín,25,Levante,LALIGA,24.205882352941178
Víctor García,28,Levante,LALIGA,24.205882352941178
Jeremy Toljan,31,Levante,LALIGA,24.205882352941178
Manu Sánchez,25,Levante,LALIGA,24.205882352941178
Martín Krug,19,Levante,LALIGA,24.205882352941178
Nacho Pérez,17,Levante,LALIGA,24.205882352941178
Huseini Nakoha,19,Levante,LALIGA,24.205882352941178
Roger Brugué,29,Levante,LALIGA,24.205882352941178
Jon Ander Olasagasti,25,Levante,LALIGA,24.205882352941178
Pablo Martínez,28,Levante,LALIGA,24.205882352941178
Unai Vencedor,25,Levante,LALIGA,24.205882352941178
Ugo Raghouber,22,Levante,LALIGA,24.205882352941178
Kervin Arriaga,28,Levante,LALIGA,24.205882352941178
Orio Rey,28,Levante,LALIGA,24.205882352941178
Carlos Álvarez,22,Levante,LALIGA,24.205882352941178
Pablo Rosón,20,Levante,LALIGA,24.205882352941178
Joan Ruiz Agustina,23,Levante,LALIGA,24.205882352941178
Dani Cervera,22,Levante,LALIGA,24.205882352941178
Iván Romero,24,Levante,LALIGA,24.205882352941178
José Luis Morales,38,Levante,LALIGA,24.205882352941178
Iker Losada,24,Levante,LALIGA,24.205882352941178
Carlos Espí,20,Levante,LALIGA,24.205882352941178
Etta Eyong,22,Levante,LALIGA,24.205882352941178
Kareem Tunde,20,Levante,LALIGA,24.205882352941178
Paco Cortés,18,Levante,LALIGA,24.205882352941178
Tai Abed,21,Levante,LALIGA,24.205882352941178
Pablo Cuñat,23,Levante,LALIGA,24.205882352941178
Mathew Ryan,33,Levante,LALIGA,24.205882352941178
Alejandro Primo,21,Levante,LALIGA,24.205882352941178
Cayetano,21,Levante,LALIGA,24.205882352941178
Kilian Fischer,25,VfL Wolfsburg,Bundesliga,24.22222222222222
Denis Vavro,29,VfL Wolfsburg,Bundesliga,24.22222222222222
Konstantinos Koulierakis,22,VfL Wolfsburg,Bundesliga,24.22222222222222
Jeanuël Belocian,21,VfL Wolfsburg,Bundesliga,24.22222222222222
Rogério,28,VfL Wolfsburg,Bundesliga,24.22222222222222
Jenson Seelt,22,VfL Wolfsburg,Bundesliga,24.22222222222222
Moritz Jenz,26,VfL Wolfsburg,Bundesliga,24.22222222222222
Jonas Adjei,22,VfL Wolfsburg,Bundesliga,24.22222222222222
Joakim Maehle,28,VfL Wolfsburg,Bundesliga,24.22222222222222
Aaron Zehnter,21,VfL Wolfsburg,Bundesliga,24.22222222222222
Saël Kumbedi,20,VfL Wolfsburg,Bundesliga,24.22222222222222
Cleiton,22,VfL Wolfsburg,Bundesliga,24.22222222222222
Till Neininger,18,VfL Wolfsburg,Bundesliga,24.22222222222222
Jan Bürger,18,VfL Wolfsburg,Bundesliga,24.22222222222222
Vinicius Souza,26,VfL Wolfsburg,Bundesliga,24.22222222222222
Bence Dárdai,20,VfL Wolfsburg,Bundesliga,24.22222222222222
Lovro Majer,28,VfL Wolfsburg,Bundesliga,24.22222222222222
Jesper Lindstrom,26,VfL Wolfsburg,Bundesliga,24.22222222222222
Christian Eriksen,34,VfL Wolfsburg,Bundesliga,24.22222222222222
Maximilian Arnold,31,VfL Wolfsburg,Bundesliga,24.22222222222222
Yannick Gerhardt,31,VfL Wolfsburg,Bundesliga,24.22222222222222
Mattias Svanberg,27,VfL Wolfsburg,Bundesliga,24.22222222222222
Pharell Hensel,18,VfL Wolfsburg,Bundesliga,24.22222222222222
Patrick Wimmer,24,VfL Wolfsburg,Bundesliga,24.22222222222222
Kevin Paredes,22,VfL Wolfsburg,Bundesliga,24.22222222222222
Kento Shiogai,20,VfL Wolfsburg,Bundesliga,24.22222222222222
Mohamed Amoura,25,VfL Wolfsburg,Bundesliga,24.22222222222222
Adam Daghim,20,VfL Wolfsburg,Bundesliga,24.22222222222222
Dzenan Pejcinovic,21,VfL Wolfsburg,Bundesliga,24.22222222222222
Jonas Wind,27,VfL Wolfsburg,Bundesliga,24.22222222222222
Bruno Katz,17,VfL Wolfsburg,Bundesliga,24.22222222222222
Trevor Benedict,18,VfL Wolfsburg,Bundesliga,24.22222222222222
Kamil Grabara,27,VfL Wolfsburg,Bundesliga,24.22222222222222
Pavao Pervan,38,VfL Wolfsburg,Bundesliga,24.22222222222222
Marius Müller,32,VfL Wolfsburg,Bundesliga,24.22222222222222
Jakub Zielinski,18,VfL Wolfsburg,Bundesliga,24.22222222222222
Elias Baum,20,Eintracht Frankfurt,Bundesliga,24.25
Arthur Theate,25,Eintracht Frankfurt,Bundesliga,24.25
Robin Koch,29,Eintracht Frankfurt,Bundesliga,24.25
Aurèle Amenda,22,Eintracht Frankfurt,Bundesliga,24.25
Rasmus Kristensen,28,Eintracht Frankfurt,Bundesliga,24.25
Nathaniel Brown,22,Eintracht Frankfurt,Bundesliga,24.25
Keita Kosugi,19,Eintracht Frankfurt,Bundesliga,24.25
Nnamdi Collins,22,Eintracht Frankfurt,Bundesliga,24.25
Fousseny Doumbia,21,Eintracht Frankfurt,Bundesliga,24.25
Oscar Højlund,21,Eintracht Frankfurt,Bundesliga,24.25
Farès Chaïbi,23,Eintracht Frankfurt,Bundesliga,24.25
Ellyes Skhiri,30,Eintracht Frankfurt,Bundesliga,24.25
Hugo Larsson,21,Eintracht Frankfurt,Bundesliga,24.25
Mahmoud Dahoud,30,Eintracht Frankfurt,Bundesliga,24.25
Ritsu Doan,27,Eintracht Frankfurt,Bundesliga,24.25
Timothy Chandler,35,Eintracht Frankfurt,Bundesliga,24.25
Mario Götze,33,Eintracht Frankfurt,Bundesliga,24.25
Love Arrhov,17,Eintracht Frankfurt,Bundesliga,24.25
Can Uzun,20,Eintracht Frankfurt,Bundesliga,24.25
Marvin Dills,18,Eintracht Frankfurt,Bundesliga,24.25
Ansgar Knauff,24,Eintracht Frankfurt,Bundesliga,24.25
Jonathan Burkardt,25,Eintracht Frankfurt,Bundesliga,24.25
Younes Ebnoutalib,22,Eintracht Frankfurt,Bundesliga,24.25
Jean-Mattéo Bahoya,20,Eintracht Frankfurt,Bundesliga,24.25
Arnaud Kalimuendo,24,Eintracht Frankfurt,Bundesliga,24.25
Ayoube Amaimouni-Echghouyab,21,Eintracht Frankfurt,Bundesliga,24.25
Michy Batshuayi,32,Eintracht Frankfurt,Bundesliga,24.25
Alexander Staff,17,Eintracht Frankfurt,Bundesliga,24.25
Michael Zetterer,30,Eintracht Frankfurt,Bundesliga,24.25
Jens Grahl,37,Eintracht Frankfurt,Bundesliga,24.25
Amil Siljevic,19,Eintracht Frankfurt,Bundesliga,24.25
Kauã Santos,22,Eintracht Frankfurt,Bundesliga,24.25
Dayot Upamecano,27,Bayern Munich,Bundesliga,24.272727272727273
Kim Min-Jae,29,Bayern Munich,Bundesliga,24.272727272727273
Jonathan Tah,30,Bayern Munich,Bundesliga,24.272727272727273
Alphonso Davies,25,Bayern Munich,Bundesliga,24.272727272727273
Hiroki Ito,26,Bayern Munich,Bundesliga,24.272727272727273
Raphaël Guerreiro,32,Bayern Munich,Bundesliga,24.272727272727273
Cassiano Kiala,17,Bayern Munich,Bundesliga,24.272727272727273
Deniz Ofli,18,Bayern Munich,Bundesliga,24.272727272727273
Vincent Manuba,20,Bayern Munich,Bundesliga,24.272727272727273
Josip Stanisic,25,Bayern Munich,Bundesliga,24.272727272727273
Joshua Kimmich,31,Bayern Munich,Bundesliga,24.272727272727273
Leon Goretzka,31,Bayern Munich,Bundesliga,24.272727272727273
Jamal Musiala,23,Bayern Munich,Bundesliga,24.272727272727273
Michael Olise,24,Bayern Munich,Bundesliga,24.272727272727273
Tom Bischof,20,Bayern Munich,Bundesliga,24.272727272727273
Konrad Laimer,28,Bayern Munich,Bundesliga,24.272727272727273
Guido Rovere,18,Bayern Munich,Bundesliga,24.272727272727273
Lennart Karl,18,Bayern Munich,Bundesliga,24.272727272727273
Aleksandar Pavlovic,21,Bayern Munich,Bundesliga,24.272727272727273
David Daiber,19,Bayern Munich,Bundesliga,24.272727272727273
Maycon Cardozo,17,Bayern Munich,Bundesliga,24.272727272727273
Serge Gnabry,30,Bayern Munich,Bundesliga,24.272727272727273
Harry Kane,32,Bayern Munich,Bundesliga,24.272727272727273
Nicolas Jackson,24,Bayern Munich,Bundesliga,24.272727272727273
Luis Díaz,29,Bayern Munich,Bundesliga,24.272727272727273
Wisdom Mike,17,Bayern Munich,Bundesliga,24.272727272727273
Ndiaye,18,Bayern Munich,Bundesliga,24.272727272727273
Manuel Neuer,39,Bayern Munich,Bundesliga,24.272727272727273
Sven Ulreich,37,Bayern Munich,Bundesliga,24.272727272727273
Jannis Bärtl,19,Bayern Munich,Bundesliga,24.272727272727273
Jonas Urbig,22,Bayern Munich,Bundesliga,24.272727272727273
Leon Klanac,19,Bayern Munich,Bundesliga,24.272727272727273
Leonard Prescott,16,Bayern Munich,Bundesliga,24.272727272727273
Daniel Muñoz,29,Crystal Palace,Premier League,24.41176470588235
Tyrick Mitchell,26,Crystal Palace,Premier League,24.41176470588235
Maxence Lacroix,25,Crystal Palace,Premier League,24.41176470588235
Nathaniel Clyne,34,Crystal Palace,Premier League,24.41176470588235
Jaydee Canvot,19,Crystal Palace,Premier League,24.41176470588235
Borna Sosa,28,Crystal Palace,Premier League,24.41176470588235
Chris Richards,25,Crystal Palace,Premier League,24.41176470588235
Chadi Riad,22,Crystal Palace,Premier League,24.41176470588235
Caleb Kporha,19,Crystal Palace,Premier League,24.41176470588235
George King,18,Crystal Palace,Premier League,24.41176470588235
Dean Benamar,17,Crystal Palace,Premier League,24.41176470588235
Jefferson Lerma,31,Crystal Palace,Premier League,24.41176470588235
Yéremy Pino,23,Crystal Palace,Premier League,24.41176470588235
Christantus Uche,22,Crystal Palace,Premier League,24.41176470588235
Daichi Kamada,29,Crystal Palace,Premier League,24.41176470588235
Will Hughes,30,Crystal Palace,Premier League,24.41176470588235
Adam Wharton,22,Crystal Palace,Premier League,24.41176470588235
Cheick Doucouré,26,Crystal Palace,Premier League,24.41176470588235
Kaden Rodney,21,Crystal Palace,Premier League,24.41176470588235
Justin Devenny,22,Crystal Palace,Premier League,24.41176470588235
Rio Cardines,19,Crystal Palace,Premier League,24.41176470588235
Asher Agbinone,20,Crystal Palace,Premier League,24.41176470588235
Ismaïla Sarr,28,Crystal Palace,Premier League,24.41176470588235
Eddie Nketiah,26,Crystal Palace,Premier League,24.41176470588235
Brennan Johnson,24,Crystal Palace,Premier League,24.41176470588235
Jean-Philippe Mateta,28,Crystal Palace,Premier League,24.41176470588235
Jørgen Strand Larsen,26,Crystal Palace,Premier League,24.41176470588235
Evann Guessand,24,Crystal Palace,Premier League,24.41176470588235
Zach Marsh,20,Crystal Palace,Premier League,24.41176470588235
Ben Casey,18,Crystal Palace,Premier League,24.41176470588235
Joél Drakes-Thomas,16,Crystal Palace,Premier League,24.41176470588235
Dean Henderson,28,Crystal Palace,Premier League,24.41176470588235
Remi Matthews,32,Crystal Palace,Premier League,24.41176470588235
Walter Benítez,33,Crystal Palace,Premier League,24.41176470588235
Matt Doherty,34,Wolverhampton Wanderers,Premier League,24.444444444444443
Hugo Bueno,23,Wolverhampton Wanderers,Premier League,24.444444444444443
Santiago Bueno,27,Wolverhampton Wanderers,Premier League,24.444444444444443
David Møller Wolfe,23,Wolverhampton Wanderers,Premier League,24.444444444444443
Yerson Mosquera,24,Wolverhampton Wanderers,Premier League,24.444444444444443
Pedro Lima,19,Wolverhampton Wanderers,Premier League,24.444444444444443
Rodrigo Gomes,22,Wolverhampton Wanderers,Premier League,24.444444444444443
Toti Gomes,27,Wolverhampton Wanderers,Premier League,24.444444444444443
Ladislav Krejcí,26,Wolverhampton Wanderers,Premier League,24.444444444444443
Jackson Tchatchoua,24,Wolverhampton Wanderers,Premier League,24.444444444444443
Saheed Olagunju,19,Wolverhampton Wanderers,Premier League,24.444444444444443
Ethan Sutherland,19,Wolverhampton Wanderers,Premier League,24.444444444444443
André,24,Wolverhampton Wanderers,Premier League,24.444444444444443
João Gomes,25,Wolverhampton Wanderers,Premier League,24.444444444444443
Jean-Ricner Bellegarde,27,Wolverhampton Wanderers,Premier League,24.444444444444443
Angel Gomes,25,Wolverhampton Wanderers,Premier League,24.444444444444443
Jerome Abbey,16,Wolverhampton Wanderers,Premier League,24.444444444444443
Luke Rawlings,17,Wolverhampton Wanderers,Premier League,24.444444444444443
Adam Armstrong,29,Wolverhampton Wanderers,Premier League,24.444444444444443
Hwang Hee-Chan,30,Wolverhampton Wanderers,Premier League,24.444444444444443
Tolu Arokodare,25,Wolverhampton Wanderers,Premier League,24.444444444444443
Enso González,21,Wolverhampton Wanderers,Premier League,24.444444444444443
Mateus Mané,18,Wolverhampton Wanderers,Premier League,24.444444444444443
Tom Edozie,19,Wolverhampton Wanderers,Premier League,24.444444444444443
José Sá,33,Wolverhampton Wanderers,Premier League,24.444444444444443
Daniel Bentley,32,Wolverhampton Wanderers,Premier League,24.444444444444443
Sam Johnstone,32,Wolverhampton Wanderers,Premier League,24.444444444444443
Adrià Pedrosa,27,Elche,LALIGA,24.470588235294116
Pedro Bigas,35,Elche,LALIGA,24.470588235294116
John Donald,25,Elche,LALIGA,24.470588235294116
Léo Pétrot,28,Elche,LALIGA,24.470588235294116
David Affengruber,24,Elche,LALIGA,24.470588235294116
Víctor Chust,26,Elche,LALIGA,24.470588235294116
Bema Sina,22,Elche,LALIGA,24.470588235294116
Albert Niculaesei,17,Elche,LALIGA,24.470588235294116
David Delgado,18,Elche,LALIGA,24.470588235294116
Nico Salvador,20,Elche,LALIGA,24.470588235294116
Héctor Fort,19,Elche,LALIGA,24.470588235294116
Buba Sangaré,18,Elche,LALIGA,24.470588235294116
Federico Redondo,23,Elche,LALIGA,24.470588235294116
Marc Aguado,26,Elche,LALIGA,24.470588235294116
Gonzalo Villar,27,Elche,LALIGA,24.470588235294116
Aleix Febas,30,Elche,LALIGA,24.470588235294116
Martim Neto,23,Elche,LALIGA,24.470588235294116
Josan,36,Elche,LALIGA,24.470588235294116
Antonio Martínez,19,Elche,LALIGA,24.470588235294116
Alex Herraiz,17,Elche,LALIGA,24.470588235294116
Yago Alonso,22,Elche,LALIGA,24.470588235294116
André Silva,30,Elche,LALIGA,24.470588235294116
Rafa Mir,28,Elche,LALIGA,24.470588235294116
Germán Valera,23,Elche,LALIGA,24.470588235294116
José Antonio Morente,29,Elche,LALIGA,24.470588235294116
Grady Diangana,27,Elche,LALIGA,24.470588235294116
Álvaro Rodríguez,21,Elche,LALIGA,24.470588235294116
Lucas Cepeda,23,Elche,LALIGA,24.470588235294116
Daniel Ballesteros Fernández,22,Elche,LALIGA,24.470588235294116
Adam Boayar,20,Elche,LALIGA,24.470588235294116
Álex Sánchez,20,Elche,LALIGA,24.470588235294116
Matías Dituro,38,Elche,LALIGA,24.470588235294116
Iñaki Peña,27,Elche,LALIGA,24.470588235294116
Alejandro Iturbe,22,Elche,LALIGA,24.470588235294116
Josh Doig,23,Sassuolo,Serie A,24.484848484848484
Fali Candé,28,Sassuolo,Serie A,24.484848484848484
Sebastian Walukiewicz,25,Sassuolo,Serie A,24.484848484848484
Edoardo Pieragnolo,23,Sassuolo,Serie A,24.484848484848484
Filippo Romagna,28,Sassuolo,Serie A,24.484848484848484
Jay Idzes,25,Sassuolo,Serie A,24.484848484848484
Ulisses Garcia,30,Sassuolo,Serie A,24.484848484848484
Woyo Coulibaly,26,Sassuolo,Serie A,24.484848484848484
Tommaso Macchioni,19,Sassuolo,Serie A,24.484848484848484
Luca Barani,19,Sassuolo,Serie A,24.484848484848484
Pedro Felipe,21,Sassuolo,Serie A,24.484848484848484
Tarik Muharemovic,23,Sassuolo,Serie A,24.484848484848484
Cristian Volpato,22,Sassuolo,Serie A,24.484848484848484
Daniel Boloca,27,Sassuolo,Serie A,24.484848484848484
Nemanja Matic,37,Sassuolo,Serie A,24.484848484848484
Christian Frangella,19,Sassuolo,Serie A,24.484848484848484
Luca Lipani,20,Sassuolo,Serie A,24.484848484848484
Aster Vranckx,23,Sassuolo,Serie A,24.484848484848484
Kristian Thorstvedt,26,Sassuolo,Serie A,24.484848484848484
Edoardo Iannoni,24,Sassuolo,Serie A,24.484848484848484
Darryl Bakola,18,Sassuolo,Serie A,24.484848484848484
Ismaël Koné,23,Sassuolo,Serie A,24.484848484848484
M'Bala Nzola,29,Sassuolo,Serie A,24.484848484848484
Domenico Berardi,31,Sassuolo,Serie A,24.484848484848484
Alieu Fadera,24,Sassuolo,Serie A,24.484848484848484
Luca Moro,25,Sassuolo,Serie A,24.484848484848484
Armand Laurienté,27,Sassuolo,Serie A,24.484848484848484
Andrea Pinamonti,26,Sassuolo,Serie A,24.484848484848484
Giacomo Satalino,26,Sassuolo,Serie A,24.484848484848484
Stefano Turati,24,Sassuolo,Serie A,24.484848484848484
Gioele Zacchi,22,Sassuolo,Serie A,24.484848484848484
Lorenzo Nyarko,18,Sassuolo,Serie A,24.484848484848484
Arijanet Muric,27,Sassuolo,Serie A,24.484848484848484
Logan Costa,24,Villarreal,LALIGA,24.514285714285716
Alex Freeman,21,Villarreal,LALIGA,24.514285714285716
Rafa Marín,23,Villarreal,LALIGA,24.514285714285716
Willy Kambwala,21,Villarreal,LALIGA,24.514285714285716
Pau Navarro,20,Villarreal,LALIGA,24.514285714285716
Juan Foyth,28,Villarreal,LALIGA,24.514285714285716
Santiago Mouriño,24,Villarreal,LALIGA,24.514285714285716
Sergi Cardona,26,Villarreal,LALIGA,24.514285714285716
Alfonso Pedraza,29,Villarreal,LALIGA,24.514285714285716
Jean Valou,20,Villarreal,LALIGA,24.514285714285716
Isma Sierra,22,Villarreal,LALIGA,24.514285714285716
Daniel Budesca,19,Villarreal,LALIGA,24.514285714285716
Dani Parejo,36,Villarreal,LALIGA,24.514285714285716
Renato Veiga,22,Villarreal,LALIGA,24.514285714285716
Santi Comesaña,29,Villarreal,LALIGA,24.514285714285716
Thomas Partey,32,Villarreal,LALIGA,24.514285714285716
Pape Gueye,27,Villarreal,LALIGA,24.514285714285716
Alberto Moleiro,22,Villarreal,LALIGA,24.514285714285716
Carlos Macià,17,Villarreal,LALIGA,24.514285714285716
Alassane Diatta,20,Villarreal,LALIGA,24.514285714285716
Gerard Moreno,33,Villarreal,LALIGA,24.514285714285716
Georges Mikautadze,25,Villarreal,LALIGA,24.514285714285716
Alfonso González,26,Villarreal,LALIGA,24.514285714285716
Tajon Buchanan,27,Villarreal,LALIGA,24.514285714285716
Nicolas Pépé,30,Villarreal,LALIGA,24.514285714285716
Tani Oluwaseyi,25,Villarreal,LALIGA,24.514285714285716
Ayoze Pérez,32,Villarreal,LALIGA,24.514285714285716
Mahamoud Barry,19,Villarreal,LALIGA,24.514285714285716
Hugo López,19,Villarreal,LALIGA,24.514285714285716
Pau Cabanes,21,Villarreal,LALIGA,24.514285714285716
Joselillo,19,Villarreal,LALIGA,24.514285714285716
Luiz Júnior,25,Villarreal,LALIGA,24.514285714285716
Diego Conde,27,Villarreal,LALIGA,24.514285714285716
Arnau Tenas,24,Villarreal,LALIGA,24.514285714285716
Rubén Gómez,24,Villarreal,LALIGA,24.514285714285716
Robin Hranác,26,TSG Hoffenheim,Bundesliga,24.548387096774192
Ozan Kabak,25,TSG Hoffenheim,Bundesliga,24.548387096774192
Bernardo,30,TSG Hoffenheim,Bundesliga,24.548387096774192
Valentin Gendrey,25,TSG Hoffenheim,Bundesliga,24.548387096774192
Albian Hajdari,22,TSG Hoffenheim,Bundesliga,24.548387096774192
Alexander Prass,24,TSG Hoffenheim,Bundesliga,24.548387096774192
Kevin Akpoguma,30,TSG Hoffenheim,Bundesliga,24.548387096774192
Koki Machida,28,TSG Hoffenheim,Bundesliga,24.548387096774192
Vladimír Coufal,33,TSG Hoffenheim,Bundesliga,24.548387096774192
Kelven Frees,21,TSG Hoffenheim,Bundesliga,24.548387096774192
Valentin Lässig,23,TSG Hoffenheim,Bundesliga,24.548387096774192
Luca Erlein,18,TSG Hoffenheim,Bundesliga,24.548387096774192
Grischa Prömel,31,TSG Hoffenheim,Bundesliga,24.548387096774192
Leon Avdullahu,22,TSG Hoffenheim,Bundesliga,24.548387096774192
Muhammed Damar,21,TSG Hoffenheim,Bundesliga,24.548387096774192
Luis Engelns,18,TSG Hoffenheim,Bundesliga,24.548387096774192
Wouter Burger,25,TSG Hoffenheim,Bundesliga,24.548387096774192
Luka Djuric,22,TSG Hoffenheim,Bundesliga,24.548387096774192
Florian Micheler,20,TSG Hoffenheim,Bundesliga,24.548387096774192
Ihlas Bebou,31,TSG Hoffenheim,Bundesliga,24.548387096774192
Fisnik Asllani,23,TSG Hoffenheim,Bundesliga,24.548387096774192
Tim Lemperle,24,TSG Hoffenheim,Bundesliga,24.548387096774192
Cole Campbell,20,TSG Hoffenheim,Bundesliga,24.548387096774192
Adam Hlozek,23,TSG Hoffenheim,Bundesliga,24.548387096774192
Andrej Kramaric,34,TSG Hoffenheim,Bundesliga,24.548387096774192
Bazoumana Touré,20,TSG Hoffenheim,Bundesliga,24.548387096774192
Yannick Eduardo,20,TSG Hoffenheim,Bundesliga,24.548387096774192
Max Moerstedt,20,TSG Hoffenheim,Bundesliga,24.548387096774192
Oliver Baumann,35,TSG Hoffenheim,Bundesliga,24.548387096774192
Lúkas Petersson,22,TSG Hoffenheim,Bundesliga,24.548387096774192
Luca Philipp,25,TSG Hoffenheim,Bundesliga,24.548387096774192
Yan Couto,23,Borussia Dortmund,Bundesliga,24.6
Waldemar Anton,29,Borussia Dortmund,Bundesliga,24.6
Nico Schlotterbeck,26,Borussia Dortmund,Bundesliga,24.6
Ramy Bensebaini,30,Borussia Dortmund,Bundesliga,24.6
Daniel Svensson,24,Borussia Dortmund,Bundesliga,24.6
Niklas Süle,30,Borussia Dortmund,Bundesliga,24.6
Julian Ryerson,28,Borussia Dortmund,Bundesliga,24.6
Filippo Mané,20,Borussia Dortmund,Bundesliga,24.6
Almugera Kabar,19,Borussia Dortmund,Bundesliga,24.6
Elias Benkara,18,Borussia Dortmund,Bundesliga,24.6
Luca Reggiani,18,Borussia Dortmund,Bundesliga,24.6
Salih Özcan,28,Borussia Dortmund,Bundesliga,24.6
Jobe Bellingham,20,Borussia Dortmund,Bundesliga,24.6
Felix Nmecha,25,Borussia Dortmund,Bundesliga,24.6
Julian Brandt,29,Borussia Dortmund,Bundesliga,24.6
Carney Chukwuemeka,22,Borussia Dortmund,Bundesliga,24.6
Marcel Sabitzer,31,Borussia Dortmund,Bundesliga,24.6
Emre Can,32,Borussia Dortmund,Bundesliga,24.6
Danylo Krevsun,20,Borussia Dortmund,Bundesliga,24.6
Mussa Kaba,17,Borussia Dortmund,Bundesliga,24.6
Serhou Guirassy,29,Borussia Dortmund,Bundesliga,24.6
Maximilian Beier,23,Borussia Dortmund,Bundesliga,24.6
Fábio Silva,23,Borussia Dortmund,Bundesliga,24.6
Karim Adeyemi,24,Borussia Dortmund,Bundesliga,24.6
Samuele Inácio,17,Borussia Dortmund,Bundesliga,24.6
Mathis Albert,16,Borussia Dortmund,Bundesliga,24.6
Gregor Kobel,28,Borussia Dortmund,Bundesliga,24.6
Patrick Drewes,33,Borussia Dortmund,Bundesliga,24.6
Silas Ostrzinski,22,Borussia Dortmund,Bundesliga,24.6
Alexander Meyer,34,Borussia Dortmund,Bundesliga,24.6
Eivind Helland,20,Bologna,Serie A,24.61764705882353
Torbjorn Heggem,27,Bologna,Serie A,24.61764705882353
Bodin Tomasevic,19,Bologna,Serie A,24.61764705882353
Nicolo Casale,28,Bologna,Serie A,24.61764705882353
João Mário,26,Bologna,Serie A,24.61764705882353
Nadir Zortea,26,Bologna,Serie A,24.61764705882353
Charalampos Lykogiannis,32,Bologna,Serie A,24.61764705882353
Jhon Lucumí,27,Bologna,Serie A,24.61764705882353
Lorenzo De Silvestri,37,Bologna,Serie A,24.61764705882353
Juan Miranda,26,Bologna,Serie A,24.61764705882353
Martin Vitík,23,Bologna,Serie A,24.61764705882353
Davide Baroncioni,20,Bologna,Serie A,24.61764705882353
Petar Markovic,20,Bologna,Serie A,24.61764705882353
Tommaso Pobega,26,Bologna,Serie A,24.61764705882353
Nikola Moro,27,Bologna,Serie A,24.61764705882353
Remo Freuler,33,Bologna,Serie A,24.61764705882353
Lewis Ferguson,26,Bologna,Serie A,24.61764705882353
Simon Sohm,24,Bologna,Serie A,24.61764705882353
Luca Lai,19,Bologna,Serie A,24.61764705882353
Riccardo Orsolini,29,Bologna,Serie A,24.61764705882353
Santiago Castro,21,Bologna,Serie A,24.61764705882353
Federico Bernardeschi,32,Bologna,Serie A,24.61764705882353
Jon Rowe,22,Bologna,Serie A,24.61764705882353
Jens Odgaard,26,Bologna,Serie A,24.61764705882353
Thijs Dallinga,25,Bologna,Serie A,24.61764705882353
Nicolò Cambiaghi,25,Bologna,Serie A,24.61764705882353
Benjamín Domínguez,22,Bologna,Serie A,24.61764705882353
Francesco Castaldo,18,Bologna,Serie A,24.61764705882353
Simone Negri,18,Bologna,Serie A,24.61764705882353
Lukasz Skorupski,34,Bologna,Serie A,24.61764705882353
Federico Ravaglia,26,Bologna,Serie A,24.61764705882353
Massimo Pessina,18,Bologna,Serie A,24.61764705882353
Ukko Happonen,18,Bologna,Serie A,24.61764705882353
Matteo Franceschelli,17,Bologna,Serie A,24.61764705882353
Mads Pedersen,29,FC Augsburg,Bundesliga,24.633333333333333
Chrislain Matsima,23,FC Augsburg,Bundesliga,24.633333333333333
Jeffrey Gouweleeuw,34,FC Augsburg,Bundesliga,24.633333333333333
Dimitris Giannoulis,30,FC Augsburg,Bundesliga,24.633333333333333
Cédric Zesiger,27,FC Augsburg,Bundesliga,24.633333333333333
Robin Fellhauer,28,FC Augsburg,Bundesliga,24.633333333333333
Keven Schlotterbeck,28,FC Augsburg,Bundesliga,24.633333333333333
Arthur Chaves,25,FC Augsburg,Bundesliga,24.633333333333333
Noahkai Banks,19,FC Augsburg,Bundesliga,24.633333333333333
Felix Meiser,19,FC Augsburg,Bundesliga,24.633333333333333
Oliver Sorg,18,FC Augsburg,Bundesliga,24.633333333333333
Han-Noah Massengo,24,FC Augsburg,Bundesliga,24.633333333333333
Elvis Rexhbecaj,28,FC Augsburg,Bundesliga,24.633333333333333
Yannik Keitel,26,FC Augsburg,Bundesliga,24.633333333333333
Kristijan Jakic,28,FC Augsburg,Bundesliga,24.633333333333333
Alexis Claude-Maurice,27,FC Augsburg,Bundesliga,24.633333333333333
Marius Wolf,30,FC Augsburg,Bundesliga,24.633333333333333
Anton Kade,22,FC Augsburg,Bundesliga,24.633333333333333
Fabian Rieder,24,FC Augsburg,Bundesliga,24.633333333333333
Mert Kömür,20,FC Augsburg,Bundesliga,24.633333333333333
Tim Schnitzer,18,FC Augsburg,Bundesliga,24.633333333333333
Mahmut Kücüksahin,21,FC Augsburg,Bundesliga,24.633333333333333
Ismaël Gharbi,21,FC Augsburg,Bundesliga,24.633333333333333
Rodrigo Ribeiro,20,FC Augsburg,Bundesliga,24.633333333333333
Thomas Kastanaras,23,FC Augsburg,Bundesliga,24.633333333333333
Michael Gregoritsch,31,FC Augsburg,Bundesliga,24.633333333333333
Uchenna Ogundu,19,FC Augsburg,Bundesliga,24.633333333333333
Finn Dahmen,27,FC Augsburg,Bundesliga,24.633333333333333
Nediljko Labrovic,26,FC Augsburg,Bundesliga,24.633333333333333
Daniel Klein,24,FC Augsburg,Bundesliga,24.633333333333333
Marc-Oliver Kempf,31,Como,Serie A,24.64516129032258
Álex Valle,21,Como,Serie A,24.64516129032258
Edoardo Goldaniga,32,Como,Serie A,24.64516129032258
Jacobo Ramón,21,Como,Serie A,24.64516129032258
Alberto Moreno,33,Como,Serie A,24.64516129032258
Ivan Smolcic,25,Como,Serie A,24.64516129032258
Mërgim Vojvoda,31,Como,Serie A,24.64516129032258
Diego Carlos,32,Como,Serie A,24.64516129032258
Cristiano De Paoli,18,Como,Serie A,24.64516129032258
Ignace van der Brempt,23,Como,Serie A,24.64516129032258
Maxence Caqueret,26,Como,Serie A,24.64516129032258
Sergi Roberto,34,Como,Serie A,24.64516129032258
Nico Paz,21,Como,Serie A,24.64516129032258
Adrian Lahdo,18,Como,Serie A,24.64516129032258
Martin Baturina,23,Como,Serie A,24.64516129032258
Máximo Perrone,23,Como,Serie A,24.64516129032258
Lucas Da Cunha,24,Como,Serie A,24.64516129032258
Matteo Papaccioli,17,Como,Serie A,24.64516129032258
Lorenzo Bonsignori Goggi,18,Como,Serie A,24.64516129032258
Samuele Pisati,17,Como,Serie A,24.64516129032258
Álvaro Morata,33,Como,Serie A,24.64516129032258
Anastasios Douvikas,26,Como,Serie A,24.64516129032258
Jesús Rodriguez,20,Como,Serie A,24.64516129032258
Nicolas Kühn,26,Como,Serie A,24.64516129032258
Assane Diao,20,Como,Serie A,24.64516129032258
Jayden Addai,20,Como,Serie A,24.64516129032258
Jean Butez,30,Como,Serie A,24.64516129032258
Henrique Menke,19,Como,Serie A,24.64516129032258
Noel Törnqvist,24,Como,Serie A,24.64516129032258
Mauro Vigorito,35,Como,Serie A,24.64516129032258
Nikola Cavlina,23,Como,Serie A,24.64516129032258
Joel Schmied,27,FC Cologne,Bundesliga,24.65625
Dominique Heintz,32,FC Cologne,Bundesliga,24.65625
Timo Hübers,29,FC Cologne,Bundesliga,24.65625
Luca Kilian,26,FC Cologne,Bundesliga,24.65625
Jahmai Simpson-Pusey,20,FC Cologne,Bundesliga,24.65625
Sebastian Sebulonsen,26,FC Cologne,Bundesliga,24.65625
Kristoffer Lund,23,FC Cologne,Bundesliga,24.65625
Rav van den Berg,21,FC Cologne,Bundesliga,24.65625
Cenny Neumann,19,FC Cologne,Bundesliga,24.65625
Cenk Özkacar,25,FC Cologne,Bundesliga,24.65625
David Fürst,18,FC Cologne,Bundesliga,24.65625
Tom Krauss,24,FC Cologne,Bundesliga,24.65625
Eric Martel,23,FC Cologne,Bundesliga,24.65625
Denis Huseinbasic,24,FC Cologne,Bundesliga,24.65625
Florian Kainz,33,FC Cologne,Bundesliga,24.65625
Said El Mala,19,FC Cologne,Bundesliga,24.65625
Jakub Kaminski,23,FC Cologne,Bundesliga,24.65625
Alessio Castro-Montes,28,FC Cologne,Bundesliga,24.65625
Ísak Jóhannesson,22,FC Cologne,Bundesliga,24.65625
Felipe Chávez,18,FC Cologne,Bundesliga,24.65625
Jan Thielmann,23,FC Cologne,Bundesliga,24.65625
Fayssal Harchaoui,20,FC Cologne,Bundesliga,24.65625
Linton Maina,26,FC Cologne,Bundesliga,24.65625
Luca Waldschmidt,29,FC Cologne,Bundesliga,24.65625
Ragnar Ache,27,FC Cologne,Bundesliga,24.65625
Malek El Mala,20,FC Cologne,Bundesliga,24.65625
Marius Bulter,32,FC Cologne,Bundesliga,24.65625
Youssoupha Niang,19,FC Cologne,Bundesliga,24.65625
Fynn Schenten,18,FC Cologne,Bundesliga,24.65625
Marvin Schwäbe,30,FC Cologne,Bundesliga,24.65625
Ron-Robert Zieler,37,FC Cologne,Bundesliga,24.65625
Matthias Köbbing,28,FC Cologne,Bundesliga,24.65625
Issa Traoré,18,Bayer Leverkusen,Bundesliga,24.6875
Jarell Quansah,23,Bayer Leverkusen,Bundesliga,24.6875
Loïc Badé,25,Bayer Leverkusen,Bundesliga,24.6875
Edmond Tapsoba,27,Bayer Leverkusen,Bundesliga,24.6875
Arthur,22,Bayer Leverkusen,Bundesliga,24.6875
Tim Oermann,22,Bayer Leverkusen,Bundesliga,24.6875
Axel Tape,18,Bayer Leverkusen,Bundesliga,24.6875
Alejandro Grimaldo,30,Bayer Leverkusen,Bundesliga,24.6875
Lucas Vázquez,34,Bayer Leverkusen,Bundesliga,24.6875
Ben Hawighorst,18,Bayer Leverkusen,Bundesliga,24.6875
Ferdinand Pohl,19,Bayer Leverkusen,Bundesliga,24.6875
Ezequiel Fernández,23,Bayer Leverkusen,Bundesliga,24.6875
Jonas Hofmann,33,Bayer Leverkusen,Bundesliga,24.6875
Robert Andrich,31,Bayer Leverkusen,Bundesliga,24.6875
Malik Tillman,23,Bayer Leverkusen,Bundesliga,24.6875
Aleix García,28,Bayer Leverkusen,Bundesliga,24.6875
Exequiel Palacios,27,Bayer Leverkusen,Bundesliga,24.6875
Jeremiah Mensah,18,Bayer Leverkusen,Bundesliga,24.6875
Montrell Culbreath,18,Bayer Leverkusen,Bundesliga,24.6875
Naba Mensah,18,Bayer Leverkusen,Bundesliga,24.6875
Martin Terrier,29,Bayer Leverkusen,Bundesliga,24.6875
Patrik Schick,30,Bayer Leverkusen,Bundesliga,24.6875
Eliesse Ben Seghir,21,Bayer Leverkusen,Bundesliga,24.6875
Ernest Poku,22,Bayer Leverkusen,Bundesliga,24.6875
Nathan Tella,26,Bayer Leverkusen,Bundesliga,24.6875
Ibrahim Maza,20,Bayer Leverkusen,Bundesliga,24.6875
Christian Kofane,19,Bayer Leverkusen,Bundesliga,24.6875
Mark Flekken,32,Bayer Leverkusen,Bundesliga,24.6875
Jonas Omlin,32,Bayer Leverkusen,Bundesliga,24.6875
Janis Blaswich,34,Bayer Leverkusen,Bundesliga,24.6875
Niklas Lomb,32,Bayer Leverkusen,Bundesliga,24.6875
Jesper Schlich,18,Bayer Leverkusen,Bundesliga,24.6875
Olivier Deman,25,Werder Bremen,Bundesliga,24.7
Yukinari Sugawara,25,Werder Bremen,Bundesliga,24.7
Niklas Stark,30,Werder Bremen,Bundesliga,24.7
Amos Pieper,28,Werder Bremen,Bundesliga,24.7
Mitchell Weiser,31,Werder Bremen,Bundesliga,24.7
Julian Malatini,24,Werder Bremen,Bundesliga,24.7
Isaac Schmidt,26,Werder Bremen,Bundesliga,24.7
Felix Agu,26,Werder Bremen,Bundesliga,24.7
Karim Coulibaly,18,Werder Bremen,Bundesliga,24.7
Marco Friedl,27,Werder Bremen,Bundesliga,24.7
Mick Schmetgens,18,Werder Bremen,Bundesliga,24.7
Maximilian Wöber,28,Werder Bremen,Bundesliga,24.7
Jens Stage,29,Werder Bremen,Bundesliga,24.7
Leonardo Bittencourt,32,Werder Bremen,Bundesliga,24.7
Senne Lynen,27,Werder Bremen,Bundesliga,24.7
Cameron Puertas,27,Werder Bremen,Bundesliga,24.7
Romano Schmid,26,Werder Bremen,Bundesliga,24.7
Patrice Covic,18,Werder Bremen,Bundesliga,24.7
Wesley Adeh,19,Werder Bremen,Bundesliga,24.7
Samuel Mbangula,22,Werder Bremen,Bundesliga,24.7
Keke Topp,21,Werder Bremen,Bundesliga,24.7
Justin Njinmah,25,Werder Bremen,Bundesliga,24.7
Marco Grüll,27,Werder Bremen,Bundesliga,24.7
Jovan Milosevic,20,Werder Bremen,Bundesliga,24.7
Salim Musah,20,Werder Bremen,Bundesliga,24.7
Victor Boniface,25,Werder Bremen,Bundesliga,24.7
Karl Hein,23,Werder Bremen,Bundesliga,24.7
Markus Kolke,35,Werder Bremen,Bundesliga,24.7
Mio Backhaus,21,Werder Bremen,Bundesliga,24.7
Stefan Smarkalev,18,Werder Bremen,Bundesliga,24.7
José María Giménez,31,Atlético Madrid,LALIGA,24.75
Matteo Ruggeri,23,Atlético Madrid,LALIGA,24.75
Clément Lenglet,30,Atlético Madrid,LALIGA,24.75
Nahuel Molina,27,Atlético Madrid,LALIGA,24.75
Dávid Hancko,28,Atlético Madrid,LALIGA,24.75
Marc Pubill,22,Atlético Madrid,LALIGA,24.75
Robin Le Normand,29,Atlético Madrid,LALIGA,24.75
Ilias Kostis,23,Atlético Madrid,LALIGA,24.75
Daniel Martinez,21,Atlético Madrid,LALIGA,24.75
Javier Boñar,20,Atlético Madrid,LALIGA,24.75
Aleksa Puric,22,Atlético Madrid,LALIGA,24.75
Rodrigo Mendoza,20,Atlético Madrid,LALIGA,24.75
Johnny Cardoso,24,Atlético Madrid,LALIGA,24.75
Koke,34,Atlético Madrid,LALIGA,24.75
Pablo Barrios,22,Atlético Madrid,LALIGA,24.75
Álex Baena,24,Atlético Madrid,LALIGA,24.75
Thiago Almada,24,Atlético Madrid,LALIGA,24.75
Marcos Llorente,31,Atlético Madrid,LALIGA,24.75
Obed Vargas,20,Atlético Madrid,LALIGA,24.75
Jano Monserrate,20,Atlético Madrid,LALIGA,24.75
Taufik Seidu,18,Atlético Madrid,LALIGA,24.75
Julio Díaz,21,Atlético Madrid,LALIGA,24.75
Javier Serrano,23,Atlético Madrid,LALIGA,24.75
Antoine Griezmann,34,Atlético Madrid,LALIGA,24.75
Alexander Sørloth,30,Atlético Madrid,LALIGA,24.75
Julián Álvarez,26,Atlético Madrid,LALIGA,24.75
Giuliano Simeone,23,Atlético Madrid,LALIGA,24.75
Ademola Lookman,28,Atlético Madrid,LALIGA,24.75
Nicolás González,27,Atlético Madrid,LALIGA,24.75
Rayane Belaid,21,Atlético Madrid,LALIGA,24.75
Iker Luque,20,Atlético Madrid,LALIGA,24.75
Sergio Esteban,18,Atlético Madrid,LALIGA,24.75
Juan Musso,31,Atlético Madrid,LALIGA,24.75
Jan Oblak,33,Atlético Madrid,LALIGA,24.75
Salvi Esquivel,20,Atlético Madrid,LALIGA,24.75
Mario de Luis,23,Atlético Madrid,LALIGA,24.75
Guillermo Maripán,31,Torino,Serie A,24.794117647058822
Saba Sazonov,24,Torino,Serie A,24.794117647058822
Marcus Pedersen,25,Torino,Serie A,24.794117647058822
Valentino Lazaro,29,Torino,Serie A,24.794117647058822
Saúl Coco,27,Torino,Serie A,24.794117647058822
Niels Nkounkou,25,Torino,Serie A,24.794117647058822
Rafael Obrador,22,Torino,Serie A,24.794117647058822
Cristiano Biraghi,33,Torino,Serie A,24.794117647058822
Luca Marianucci,21,Torino,Serie A,24.794117647058822
Adrian Ismajli,29,Torino,Serie A,24.794117647058822
Enzo Ebosse,26,Torino,Serie A,24.794117647058822
Mattia Pellini,19,Torino,Serie A,24.794117647058822
Matteo Prati,22,Torino,Serie A,24.794117647058822
Emirhan Ilkhan,21,Torino,Serie A,24.794117647058822
Ivan Ilic,24,Torino,Serie A,24.794117647058822
Nikola Vlasic,28,Torino,Serie A,24.794117647058822
Faustino Anjorin,24,Torino,Serie A,24.794117647058822
Cesare Casadei,23,Torino,Serie A,24.794117647058822
Adrien Tamèze,32,Torino,Serie A,24.794117647058822
Gvidas Gineitis,21,Torino,Serie A,24.794117647058822
Sergiu Perciun,19,Torino,Serie A,24.794117647058822
Wisdom Acquah,19,Torino,Serie A,24.794117647058822
Zalán Kugyela,18,Torino,Serie A,24.794117647058822
Zakaria Aboukhlal,26,Torino,Serie A,24.794117647058822
Sandro Kulenovic,26,Torino,Serie A,24.794117647058822
Giovanni Simeone,30,Torino,Serie A,24.794117647058822
Ché Adams,29,Torino,Serie A,24.794117647058822
Zanos Savva,20,Torino,Serie A,24.794117647058822
Tommaso Gabellini,19,Torino,Serie A,24.794117647058822
Duván Zapata,34,Torino,Serie A,24.794117647058822
Alieu Njie,20,Torino,Serie A,24.794117647058822
Alberto Paleari,33,Torino,Serie A,24.794117647058822
Franco Israel,25,Torino,Serie A,24.794117647058822
Lapo Siviero,19,Torino,Serie A,24.794117647058822
Matty Cash,28,Aston Villa,Premier League,24.805555555555557
Victor Lindelöf,31,Aston Villa,Premier League,24.805555555555557
Ezri Konsa,28,Aston Villa,Premier League,24.805555555555557
Tyrone Mings,32,Aston Villa,Premier League,24.805555555555557
Lucas Digne,32,Aston Villa,Premier League,24.805555555555557
Pau Torres,29,Aston Villa,Premier League,24.805555555555557
Andrés García,23,Aston Villa,Premier League,24.805555555555557
Ian Maatsen,23,Aston Villa,Premier League,24.805555555555557
Travis Patterson,20,Aston Villa,Premier League,24.805555555555557
Leon Routh,18,Aston Villa,Premier League,24.805555555555557
TJ Carroll,18,Aston Villa,Premier League,24.805555555555557
Ross Barkley,32,Aston Villa,Premier League,24.805555555555557
John McGinn,31,Aston Villa,Premier League,24.805555555555557
Youri Tielemans,28,Aston Villa,Premier League,24.805555555555557
Harvey Elliott,22,Aston Villa,Premier League,24.805555555555557
Emiliano Buendía,29,Aston Villa,Premier League,24.805555555555557
Douglas Luiz,27,Aston Villa,Premier League,24.805555555555557
Amadou Onana,24,Aston Villa,Premier League,24.805555555555557
Lamare Bogarde,22,Aston Villa,Premier League,24.805555555555557
Boubacar Kamara,26,Aston Villa,Premier League,24.805555555555557
George Hemmings,19,Aston Villa,Premier League,24.805555555555557
Mohamed Koné,18,Aston Villa,Premier League,24.805555555555557
Bradley Burrowes,18,Aston Villa,Premier League,24.805555555555557
Ollie Watkins,30,Aston Villa,Premier League,24.805555555555557
Tammy Abraham,28,Aston Villa,Premier League,24.805555555555557
Jadon Sancho,25,Aston Villa,Premier League,24.805555555555557
Morgan Rogers,23,Aston Villa,Premier League,24.805555555555557
Brian Madjo,17,Aston Villa,Premier League,24.805555555555557
Leon Bailey,28,Aston Villa,Premier League,24.805555555555557
Alysson,19,Aston Villa,Premier League,24.805555555555557
Emiliano Martínez,33,Aston Villa,Premier League,24.805555555555557
Marco Bizot,34,Aston Villa,Premier League,24.805555555555557
Sam Proctor,19,Aston Villa,Premier League,24.805555555555557
Ronnie Hollingshead,21,Aston Villa,Premier League,24.805555555555557
James Wright,21,Aston Villa,Premier League,24.805555555555557
Rhys Oakley,17,Aston Villa,Premier League,24.805555555555557
Aarón Martín,28,Genoa,Serie A,24.9
Leo Østigard,26,Genoa,Serie A,24.9
Nils Zätterström,20,Genoa,Serie A,24.9
Brooke Norton-Cuffy,22,Genoa,Serie A,24.9
Stefano Sabelli,33,Genoa,Serie A,24.9
Johan Vásquez,27,Genoa,Serie A,24.9
Alessandro Marcandalli,23,Genoa,Serie A,24.9
Sebastian Otoa,21,Genoa,Serie A,24.9
Alin Kumer,19,Genoa,Serie A,24.9
Mamedi Doucouré,19,Genoa,Serie A,24.9
Alexsandro Amorim,20,Genoa,Serie A,24.9
Tommaso Baldanzi,22,Genoa,Serie A,24.9
Jean Onana,26,Genoa,Serie A,24.9
Ruslan Malinovskyi,32,Genoa,Serie A,24.9
Morten Frendrup,24,Genoa,Serie A,24.9
Patrizio Masini,25,Genoa,Serie A,24.9
Mikael Ellertsson,23,Genoa,Serie A,24.9
Vitinha,25,Genoa,Serie A,24.9
Junior Messias,34,Genoa,Serie A,24.9
Caleb Ekuban,31,Genoa,Serie A,24.9
Jeff Ekhator,19,Genoa,Serie A,24.9
Lorenzo Colombo,23,Genoa,Serie A,24.9
Maxwel Cornet,29,Genoa,Serie A,24.9
Joi Nuredini,18,Genoa,Serie A,24.9
Fabio Chiarodia,20,Borussia Mönchengladbach,Bundesliga,24.9
Kevin Diks,29,Borussia Mönchengladbach,Bundesliga,24.9
Marvin Friedrich,30,Borussia Mönchengladbach,Bundesliga,24.9
Kota Takai,21,Borussia Mönchengladbach,Bundesliga,24.9
Lukas Ullrich,21,Borussia Mönchengladbach,Bundesliga,24.9
Joe Scally,23,Borussia Mönchengladbach,Bundesliga,24.9
Nico Elvedi,29,Borussia Mönchengladbach,Bundesliga,24.9
Yannick Engelhardt,25,Borussia Mönchengladbach,Bundesliga,24.9
Kevin Stöger,32,Borussia Mönchengladbach,Bundesliga,24.9
Franck Honorat,29,Borussia Mönchengladbach,Bundesliga,24.9
Florian Neuhaus,28,Borussia Mönchengladbach,Bundesliga,24.9
Giovanni Reyna,23,Borussia Mönchengladbach,Bundesliga,24.9
Philipp Sander,28,Borussia Mönchengladbach,Bundesliga,24.9
Jens Castrop,22,Borussia Mönchengladbach,Bundesliga,24.9
Nathan N'Goumou,25,Borussia Mönchengladbach,Bundesliga,24.9
Fritz Fleck,18,Borussia Mönchengladbach,Bundesliga,24.9
Robin Hack,27,Borussia Mönchengladbach,Bundesliga,24.9
Rocco Reitz,23,Borussia Mönchengladbach,Bundesliga,24.9
Wael Mohya,17,Borussia Mönchengladbach,Bundesliga,24.9
Hugo Bolin,22,Borussia Mönchengladbach,Bundesliga,24.9
Niklas Swider,19,Borussia Mönchengladbach,Bundesliga,24.9
Alejo Sarco,20,Borussia Mönchengladbach,Bundesliga,24.9
Tim Kleindienst,30,Borussia Mönchengladbach,Bundesliga,24.9
Haris Tabakovic,31,Borussia Mönchengladbach,Bundesliga,24.9
Shuto Machino,26,Borussia Mönchengladbach,Bundesliga,24.9
Jan Urbich,21,Borussia Mönchengladbach,Bundesliga,24.9
Nicola Leali,33,Genoa,Serie A,24.9
Justin Bijlow,28,Genoa,Serie A,24.9
Benjamin Siegrist,34,Genoa,Serie A,24.9
Ernestas Lysionok,18,Genoa,Serie A,24.9
Daniele Sommariva,28,Genoa,Serie A,24.9
Rendijs Mihelsons,17,Genoa,Serie A,24.9
Tobias Sippel,37,Borussia Mönchengladbach,Bundesliga,24.9
Jan Olschowsky,24,Borussia Mönchengladbach,Bundesliga,24.9
Moritz Nicolas,28,Borussia Mönchengladbach,Bundesliga,24.9
Tiago Pereira,19,Borussia Mönchengladbach,Bundesliga,24.9
Andoni Gorosabel,29,Athletic Club,LALIGA,24.94871794871795
Dani Vivian,26,Athletic Club,LALIGA,24.94871794871795
Aitor Paredes,25,Athletic Club,LALIGA,24.94871794871795
Yeray,31,Athletic Club,LALIGA,24.94871794871795
Jesús Areso,26,Athletic Club,LALIGA,24.94871794871795
Aymeric Laporte,31,Athletic Club,LALIGA,24.94871794871795
Iñigo Lekue,32,Athletic Club,LALIGA,24.94871794871795
Yuri Berchiche,36,Athletic Club,LALIGA,24.94871794871795
Adama Boiro,23,Athletic Club,LALIGA,24.94871794871795
Aimar Duñabeitia,23,Athletic Club,LALIGA,24.94871794871795
Unai Egiluz,23,Athletic Club,LALIGA,24.94871794871795
Jon De Luis,22,Athletic Club,LALIGA,24.94871794871795
Ander Izagirre,22,Athletic Club,LALIGA,24.94871794871795
Iker Monreal,20,Athletic Club,LALIGA,24.94871794871795
Mikel Vesga,32,Athletic Club,LALIGA,24.94871794871795
Oihan Sancet,25,Athletic Club,LALIGA,24.94871794871795
Iñigo Ruiz de Galarreta,32,Athletic Club,LALIGA,24.94871794871795
Mikel Jauregizar,22,Athletic Club,LALIGA,24.94871794871795
Unai Gómez,22,Athletic Club,LALIGA,24.94871794871795
Robert Navarro,23,Athletic Club,LALIGA,24.94871794871795
Beñat Prados,25,Athletic Club,LALIGA,24.94871794871795
Alejandro Rego,22,Athletic Club,LALIGA,24.94871794871795
Ibon Sánchez,21,Athletic Club,LALIGA,24.94871794871795
Selton Sánchez,19,Athletic Club,LALIGA,24.94871794871795
Eder García,22,Athletic Club,LALIGA,24.94871794871795
Álex Berenguer,30,Athletic Club,LALIGA,24.94871794871795
Iñaki Williams,31,Athletic Club,LALIGA,24.94871794871795
Nico Williams,23,Athletic Club,LALIGA,24.94871794871795
Gorka Guruzeta,29,Athletic Club,LALIGA,24.94871794871795
Maroan Sannadi,25,Athletic Club,LALIGA,24.94871794871795
Nico Serrano,23,Athletic Club,LALIGA,24.94871794871795
Urko Izeta,26,Athletic Club,LALIGA,24.94871794871795
Asier Hierro,20,Athletic Club,LALIGA,24.94871794871795
Adrián Pérez,19,Athletic Club,LALIGA,24.94871794871795
Elijah Gift,19,Athletic Club,LALIGA,24.94871794871795
Endika Bujan,23,Athletic Club,LALIGA,24.94871794871795
Unai Simón,28,Athletic Club,LALIGA,24.94871794871795
Mikel Santos,21,Athletic Club,LALIGA,24.94871794871795
Álex Padilla,22,Athletic Club,LALIGA,24.94871794871795
Neco Williams,24,Nottingham Forest,Premier League,25.029411764705884
Morato,24,Nottingham Forest,Premier League,25.029411764705884
Murillo,23,Nottingham Forest,Premier League,25.029411764705884
Jair Paula,20,Nottingham Forest,Premier League,25.029411764705884
Luca Netz,22,Nottingham Forest,Premier League,25.029411764705884
Willy Boly,35,Nottingham Forest,Premier League,25.029411764705884
Nikola Milenkovic,28,Nottingham Forest,Premier League,25.029411764705884
Ola Aina,29,Nottingham Forest,Premier League,25.029411764705884
Nicolò Savona,22,Nottingham Forest,Premier League,25.029411764705884
Zach Abbott,19,Nottingham Forest,Premier League,25.029411764705884
Ibrahim Sangaré,28,Nottingham Forest,Premier League,25.029411764705884
Elliot Anderson,23,Nottingham Forest,Premier League,25.029411764705884
Morgan Gibbs-White,26,Nottingham Forest,Premier League,25.029411764705884
Nicolás Domínguez,27,Nottingham Forest,Premier League,25.029411764705884
Ryan Yates,28,Nottingham Forest,Premier League,25.029411764705884
James McAtee,23,Nottingham Forest,Premier League,25.029411764705884
Archie Whitehall,19,Nottingham Forest,Premier League,25.029411764705884
Jimmy Sinclair,19,Nottingham Forest,Premier League,25.029411764705884
Callum Hudson-Odoi,25,Nottingham Forest,Premier League,25.029411764705884
Taiwo Awoniyi,28,Nottingham Forest,Premier League,25.029411764705884
Chris Wood,34,Nottingham Forest,Premier League,25.029411764705884
Dan Ndoye,25,Nottingham Forest,Premier League,25.029411764705884
Eric Da Silva Moreira,19,Nottingham Forest,Premier League,25.029411764705884
Igor Jesus,25,Nottingham Forest,Premier League,25.029411764705884
Lorenzo Lucca,25,Nottingham Forest,Premier League,25.029411764705884
Omari Hutchinson,22,Nottingham Forest,Premier League,25.029411764705884
Dilane Bakwa,23,Nottingham Forest,Premier League,25.029411764705884
Zyan Blake,18,Nottingham Forest,Premier League,25.029411764705884
Rosen Bozhinov,21,Pisa,Serie A,25.029411764705884
Samuele Angori,22,Pisa,Serie A,25.029411764705884
Antonio Caracciolo,35,Pisa,Serie A,25.029411764705884
Simone Canestrelli,25,Pisa,Serie A,25.029411764705884
Francesco Coppola,20,Pisa,Serie A,25.029411764705884
Arturo Calabresi,29,Pisa,Serie A,25.029411764705884
Felipe Loyola,25,Pisa,Serie A,25.029411764705884
Raúl Albiol,40,Pisa,Serie A,25.029411764705884
Daniel Denoon,22,Pisa,Serie A,25.029411764705884
Marius Marin,27,Pisa,Serie A,25.029411764705884
Mehdi Léris,27,Pisa,Serie A,25.029411764705884
Malthe Hojholt,24,Pisa,Serie A,25.029411764705884
Juan Cuadrado,37,Pisa,Serie A,25.029411764705884
Ebenezer Akinsanmiro,21,Pisa,Serie A,25.029411764705884
Idrissa Touré,27,Pisa,Serie A,25.029411764705884
Michel Aebischer,29,Pisa,Serie A,25.029411764705884
Isak Vural,19,Pisa,Serie A,25.029411764705884
Calvin Stengs,27,Pisa,Serie A,25.029411764705884
Gabriele Piccinini,24,Pisa,Serie A,25.029411764705884
Daniel Battistella,18,Pisa,Serie A,25.029411764705884
Brando Bettazzi,18,Pisa,Serie A,25.029411764705884
Lorran,19,Pisa,Serie A,25.029411764705884
Henrik Meister,22,Pisa,Serie A,25.029411764705884
Matteo Tramoni,26,Pisa,Serie A,25.029411764705884
Rafiu Durosinmi,23,Pisa,Serie A,25.029411764705884
Samuel Iling-Junior,22,Pisa,Serie A,25.029411764705884
Stefano Moreo,32,Pisa,Serie A,25.029411764705884
Lorenzo Tosi,17,Pisa,Serie A,25.029411764705884
Filip Stojilkovic,26,Pisa,Serie A,25.029411764705884
John Victor,30,Nottingham Forest,Premier League,25.029411764705884
Angus Gunn,30,Nottingham Forest,Premier League,25.029411764705884
Matz Sels,34,Nottingham Forest,Premier League,25.029411764705884
Stefan Ortega,33,Nottingham Forest,Premier League,25.029411764705884
Aaron Bott,21,Nottingham Forest,Premier League,25.029411764705884
Keehan Willows,20,Nottingham Forest,Premier League,25.029411764705884
Adrian Semper,28,Pisa,Serie A,25.029411764705884
Nícolas Andrade,37,Pisa,Serie A,25.029411764705884
Simone Scuffet,29,Pisa,Serie A,25.029411764705884
Matteo Luppichini,17,Pisa,Serie A,25.029411764705884
Tommaso Guizzo,16,Pisa,Serie A,25.029411764705884
Emil Holm,25,Juventus,Serie A,25.03030303030303
Bremer,28,Juventus,Serie A,25.03030303030303
Federico Gatti,27,Juventus,Serie A,25.03030303030303
Lloyd Kelly,27,Juventus,Serie A,25.03030303030303
Pierre Kalulu,25,Juventus,Serie A,25.03030303030303
Andrea Cambiaso,26,Juventus,Serie A,25.03030303030303
Juan Cabal,25,Juventus,Serie A,25.03030303030303
Javier Gil,19,Juventus,Serie A,25.03030303030303
Bruno Martinez,19,Juventus,Serie A,25.03030303030303
Niccolò Rizzo,18,Juventus,Serie A,25.03030303030303
Manuel Locatelli,28,Juventus,Serie A,25.03030303030303
Teun Koopmeiners,28,Juventus,Serie A,25.03030303030303
Vasilije Adzic,19,Juventus,Serie A,25.03030303030303
Filip Kostic,33,Juventus,Serie A,25.03030303030303
Khéphren Thuram,24,Juventus,Serie A,25.03030303030303
Fabio Miretti,22,Juventus,Serie A,25.03030303030303
Weston McKennie,27,Juventus,Serie A,25.03030303030303
Francisco Conceição,23,Juventus,Serie A,25.03030303030303
Dusan Vlahovic,26,Juventus,Serie A,25.03030303030303
Kenan Yildiz,20,Juventus,Serie A,25.03030303030303
Edon Zhegrova,26,Juventus,Serie A,25.03030303030303
Jérémie Boga,29,Juventus,Serie A,25.03030303030303
Arkadiusz Milik,32,Juventus,Serie A,25.03030303030303
Loïs Openda,26,Juventus,Serie A,25.03030303030303
Jonathan David,26,Juventus,Serie A,25.03030303030303
Lorenzo Anghelè,21,Juventus,Serie A,25.03030303030303
Mattia Perin,33,Juventus,Serie A,25.03030303030303
Michele Di Gregorio,28,Juventus,Serie A,25.03030303030303
Carlo Pinsoglio,35,Juventus,Serie A,25.03030303030303
Simone Scaglia,21,Juventus,Serie A,25.03030303030303
Matteo Fuscaldo,21,Juventus,Serie A,25.03030303030303
Stefano Mangiapoco,22,Juventus,Serie A,25.03030303030303
Raffaele Huli,17,Juventus,Serie A,25.03030303030303
Nathan Patterson,24,Everton,Premier League,25.137931034482758
Michael Keane,33,Everton,Premier League,25.137931034482758
James Tarkowski,33,Everton,Premier League,25.137931034482758
Jake O'Brien,24,Everton,Premier League,25.137931034482758
Vitaliy Mykolenko,26,Everton,Premier League,25.137931034482758
Seamus Coleman,37,Everton,Premier League,25.137931034482758
Jarrad Branthwaite,23,Everton,Premier League,25.137931034482758
Adam Aznou,19,Everton,Premier League,25.137931034482758
Reece Welch,22,Everton,Premier League,25.137931034482758
Malik Olayiwola,17,Everton,Premier League,25.137931034482758
Jack Grealish,30,Everton,Premier League,25.137931034482758
Tyler Dibling,20,Everton,Premier League,25.137931034482758
Kiernan Dewsbury-Hall,27,Everton,Premier League,25.137931034482758
Carlos Alcaraz,23,Everton,Premier League,25.137931034482758
Idrissa Gueye,36,Everton,Premier League,25.137931034482758
Merlin Röhl,23,Everton,Premier League,25.137931034482758
James Garner,24,Everton,Premier League,25.137931034482758
Tim Iroegbunam,22,Everton,Premier League,25.137931034482758
Harrison Armstrong,19,Everton,Premier League,25.137931034482758
Callum Bates,20,Everton,Premier League,25.137931034482758
Dwight McNeil,26,Everton,Premier League,25.137931034482758
Beto,28,Everton,Premier League,25.137931034482758
Iliman Ndiaye,25,Everton,Premier League,25.137931034482758
Thierno Barry,23,Everton,Premier League,25.137931034482758
Tyrique George,20,Everton,Premier League,25.137931034482758
Braiden Graham,18,Everton,Premier League,25.137931034482758
Jordan Pickford,31,Everton,Premier League,25.137931034482758
Mark Travers,26,Everton,Premier League,25.137931034482758
Tom King,30,Everton,Premier League,25.137931034482758
Carl Starfelt,30,Celta Vigo,LALIGA,25.142857142857142
Óscar Mingueza,26,Celta Vigo,LALIGA,25.142857142857142
Joseph Aidoo,30,Celta Vigo,LALIGA,25.142857142857142
Sergio Carreira,25,Celta Vigo,LALIGA,25.142857142857142
Manuel Fernández,24,Celta Vigo,LALIGA,25.142857142857142
Álvaro Núñez,25,Celta Vigo,LALIGA,25.142857142857142
Javi Rueda,23,Celta Vigo,LALIGA,25.142857142857142
Marcos Alonso,35,Celta Vigo,LALIGA,25.142857142857142
Mihailo Ristic,30,Celta Vigo,LALIGA,25.142857142857142
Carlos Domínguez,25,Celta Vigo,LALIGA,25.142857142857142
Yoel Lago,21,Celta Vigo,LALIGA,25.142857142857142
Pablo Meixús,22,Celta Vigo,LALIGA,25.142857142857142
Javi Rodríguez,22,Celta Vigo,LALIGA,25.142857142857142
Ilaix Moriba,23,Celta Vigo,LALIGA,25.142857142857142
Fernando López,21,Celta Vigo,LALIGA,25.142857142857142
Franco Cervi,31,Celta Vigo,LALIGA,25.142857142857142
Matías Vecino,34,Celta Vigo,LALIGA,25.142857142857142
Miguel Román,23,Celta Vigo,LALIGA,25.142857142857142
Williot Swedberg,22,Celta Vigo,LALIGA,25.142857142857142
Hugo Sotelo,22,Celta Vigo,LALIGA,25.142857142857142
Hugo Álvarez,22,Celta Vigo,LALIGA,25.142857142857142
Andrés Antañón,19,Celta Vigo,LALIGA,25.142857142857142
Hugo Burcio,19,Celta Vigo,LALIGA,25.142857142857142
Borja Iglesias,33,Celta Vigo,LALIGA,25.142857142857142
Ferran Jutglà,27,Celta Vigo,LALIGA,25.142857142857142
Iago Aspas,38,Celta Vigo,LALIGA,25.142857142857142
Pablo Durán,24,Celta Vigo,LALIGA,25.142857142857142
Ángel Arcos,19,Celta Vigo,LALIGA,25.142857142857142
Hugo Gonzalez,23,Celta Vigo,LALIGA,25.142857142857142
Óscar Marcos,20,Celta Vigo,LALIGA,25.142857142857142
Jones El-Abdellaoui,20,Celta Vigo,LALIGA,25.142857142857142
Kyle Walker-Peters,28,West Ham United,Premier League,25.142857142857142
Max Kilman,28,West Ham United,Premier League,25.142857142857142
Axel Disasi,27,West Ham United,Premier League,25.142857142857142
El Hadji Malick Diouf,21,West Ham United,Premier League,25.142857142857142
Konstantinos Mavropanos,28,West Ham United,Premier League,25.142857142857142
Jean-Clair Todibo,26,West Ham United,Premier League,25.142857142857142
Aaron Wan-Bissaka,28,West Ham United,Premier League,25.142857142857142
Oliver Scarles,20,West Ham United,Premier League,25.142857142857142
Airidas Golambeckis,18,West Ham United,Premier League,25.142857142857142
Ezra Mayers,19,West Ham United,Premier League,25.142857142857142
Mateus Fernandes,21,West Ham United,Premier League,25.142857142857142
Keiber Lamadrid,22,West Ham United,Premier League,25.142857142857142
Soungoutou Magassa,22,West Ham United,Premier League,25.142857142857142
Tomás Soucek,31,West Ham United,Premier League,25.142857142857142
Freddie Potts,22,West Ham United,Premier League,25.142857142857142
Mohamadou Kanté,20,West Ham United,Premier League,25.142857142857142
Lewis Orford,20,West Ham United,Premier League,25.142857142857142
Crysencio Summerville,24,West Ham United,Premier League,25.142857142857142
Callum Wilson,34,West Ham United,Premier League,25.142857142857142
Valentín Castellanos,27,West Ham United,Premier League,25.142857142857142
Adama Traoré,30,West Ham United,Premier League,25.142857142857142
Pablo,22,West Ham United,Premier League,25.142857142857142
Jarrod Bowen,29,West Ham United,Premier League,25.142857142857142
Joshua Ajala,19,West Ham United,Premier League,25.142857142857142
Pervis Estupiñán,28,AC Milan,Serie A,25.142857142857142
Koni De Winter,23,AC Milan,Serie A,25.142857142857142
Fikayo Tomori,28,AC Milan,Serie A,25.142857142857142
Zachary Athekame,21,AC Milan,Serie A,25.142857142857142
David Odogu,19,AC Milan,Serie A,25.142857142857142
Strahinja Pavlovic,24,AC Milan,Serie A,25.142857142857142
Davide Bartesaghi,20,AC Milan,Serie A,25.142857142857142
Matteo Gabbia,26,AC Milan,Serie A,25.142857142857142
Samuele Ricci,24,AC Milan,Serie A,25.142857142857142
Ruben Loftus-Cheek,30,AC Milan,Serie A,25.142857142857142
Christian Pulisic,27,AC Milan,Serie A,25.142857142857142
Adrien Rabiot,30,AC Milan,Serie A,25.142857142857142
Luka Modric,40,AC Milan,Serie A,25.142857142857142
Youssouf Fofana,27,AC Milan,Serie A,25.142857142857142
Ardon Jashari,23,AC Milan,Serie A,25.142857142857142
Emanuele Sala,18,AC Milan,Serie A,25.142857142857142
Santiago Gimenez,24,AC Milan,Serie A,25.142857142857142
Niclas Füllkrug,33,AC Milan,Serie A,25.142857142857142
Rafael Leão,26,AC Milan,Serie A,25.142857142857142
Christopher Nkunku,28,AC Milan,Serie A,25.142857142857142
Cheveyo Muy,19,AC Milan,Serie A,25.142857142857142
Alex Castiello,19,AC Milan,Serie A,25.142857142857142
Emanuele Borsani,18,AC Milan,Serie A,25.142857142857142
Alexis Saelemaekers,26,AC Milan,Serie A,25.142857142857142
Iván Villar,28,Celta Vigo,LALIGA,25.142857142857142
Andrei Radu,28,Celta Vigo,LALIGA,25.142857142857142
Marc Vidal,26,Celta Vigo,LALIGA,25.142857142857142
Marcos González,20,Celta Vigo,LALIGA,25.142857142857142
Mads Hermansen,25,West Ham United,Premier League,25.142857142857142
Lukasz Fabianski,40,West Ham United,Premier League,25.142857142857142
Alphonse Areola,33,West Ham United,Premier League,25.142857142857142
Finlay Herrick,20,West Ham United,Premier League,25.142857142857142
Pietro Terracciano,35,AC Milan,Serie A,25.142857142857142
Mike Maignan,30,AC Milan,Serie A,25.142857142857142
Matteo Pittarella,17,AC Milan,Serie A,25.142857142857142
Lorenzo Torriani,21,AC Milan,Serie A,25.142857142857142
Kyle Walker,35,Burnley,Premier League,25.216216216216218
Quilindschy Hartman,24,Burnley,Premier League,25.216216216216218
Joe Worrall,29,Burnley,Premier League,25.216216216216218
Maxime Estève,23,Burnley,Premier League,25.216216216216218
Axel Tuanzebe,28,Burnley,Premier League,25.216216216216218
Bashir Humphreys,22,Burnley,Premier League,25.216216216216218
Connor Roberts,30,Burnley,Premier League,25.216216216216218
Hjalmar Ekdal,27,Burnley,Premier League,25.216216216216218
Lucas Pires,24,Burnley,Premier League,25.216216216216218
Jordan Beyer,25,Burnley,Premier League,25.216216216216218
Murray Campbell,19,Burnley,Premier League,25.216216216216218
Lesley Ugochukwu,21,Burnley,Premier League,25.216216216216218
Florentino,26,Burnley,Premier League,25.216216216216218
James Ward-Prowse,31,Burnley,Premier League,25.216216216216218
Josh Cullen,29,Burnley,Premier League,25.216216216216218
Hannibal Mejbri,23,Burnley,Premier League,25.216216216216218
Josh Laurent,30,Burnley,Premier League,25.216216216216218
George Brierley,18,Burnley,Premier League,25.216216216216218
Ellis Clark,18,Burnley,Premier League,25.216216216216218
Marley Leuluai,19,Burnley,Premier League,25.216216216216218
Oliver Pimlott,18,Burnley,Premier League,25.216216216216218
Jacob Bruun Larsen,27,Burnley,Premier League,25.216216216216218
Lyle Foster,25,Burnley,Premier League,25.216216216216218
Marcus Edwards,27,Burnley,Premier League,25.216216216216218
Jaidon Anthony,26,Burnley,Premier League,25.216216216216218
Loum Tchaouna,22,Burnley,Premier League,25.216216216216218
Zian Flemming,27,Burnley,Premier League,25.216216216216218
Zeki Amdouni,25,Burnley,Premier League,25.216216216216218
Armando Broja,24,Burnley,Premier League,25.216216216216218
Mike Trésor,26,Burnley,Premier League,25.216216216216218
Ashley Barnes,36,Burnley,Premier League,25.216216216216218
Brandon Pouani,18,Burnley,Premier League,25.216216216216218
Enock Agyei,21,Burnley,Premier League,25.216216216216218
Kian Mcmahon-Brown,17,Burnley,Premier League,25.216216216216218
Martin Dúbravka,37,Burnley,Premier League,25.216216216216218
Max Weiß,21,Burnley,Premier League,25.216216216216218
Václav Hladky,35,Burnley,Premier League,25.216216216216218
Renzo Saravia,32,Valencia,LALIGA,25.28205128205128
Mouctar Diakhaby,29,Valencia,LALIGA,25.28205128205128
Copete,26,Valencia,LALIGA,25.28205128205128
Unai Núñez,29,Valencia,LALIGA,25.28205128205128
César Tárrega,24,Valencia,LALIGA,25.28205128205128
Javier Guerra,21,Valencia,LALIGA,25.28205128205128
Thierry Correia,26,Valencia,LALIGA,25.28205128205128
José Gayà,30,Valencia,LALIGA,25.28205128205128
Dimitri Foulquier,32,Valencia,LALIGA,25.28205128205128
Jesús Vázquez,23,Valencia,LALIGA,25.28205128205128
Eray Cömert,28,Valencia,LALIGA,25.28205128205128
Rubén Iranzo,22,Valencia,LALIGA,25.28205128205128
Lucas Núñez,24,Valencia,LALIGA,25.28205128205128
Alex Panach,20,Valencia,LALIGA,25.28205128205128
Marcos Navarro,21,Valencia,LALIGA,25.28205128205128
Marc Jurado,21,Valencia,LALIGA,25.28205128205128
Joel Fontanet,20,Valencia,LALIGA,25.28205128205128
Aaron Mayol,18,Valencia,LALIGA,25.28205128205128
Guido Rodríguez,31,Valencia,LALIGA,25.28205128205128
André Almeida,25,Valencia,LALIGA,25.28205128205128
Lucas Beltrán,24,Valencia,LALIGA,25.28205128205128
Pepelu,27,Valencia,LALIGA,25.28205128205128
Baptiste Santamaria,30,Valencia,LALIGA,25.28205128205128
Filip Ugrinic,27,Valencia,LALIGA,25.28205128205128
Umar Sadiq,29,Valencia,LALIGA,25.28205128205128
Arnaut Danjuma,29,Valencia,LALIGA,25.28205128205128
Hugo Duro,26,Valencia,LALIGA,25.28205128205128
Luis Rioja,32,Valencia,LALIGA,25.28205128205128
Diego López,23,Valencia,LALIGA,25.28205128205128
Largie Ramazani,25,Valencia,LALIGA,25.28205128205128
Dani Raba,30,Valencia,LALIGA,25.28205128205128
David Otorbi,18,Valencia,LALIGA,25.28205128205128
Aimar Blázquez,19,Valencia,LALIGA,25.28205128205128
Mario Dominguez,17,Valencia,LALIGA,25.28205128205128
Stole Dimitrievski,32,Valencia,LALIGA,25.28205128205128
Cristian Rivero,27,Valencia,LALIGA,25.28205128205128
Julen Agirrezabala,25,Valencia,LALIGA,25.28205128205128
Vicent Abril,21,Valencia,LALIGA,25.28205128205128
Pere García Bauzá,23,Valencia,LALIGA,25.28205128205128
Hassane Kamara,32,Udinese,Serie A,25.296296296296298
Nicolò Bertola,22,Udinese,Serie A,25.296296296296298
Kingsley Ehizibue,30,Udinese,Serie A,25.296296296296298
Branimir Mlacic,18,Udinese,Serie A,25.296296296296298
Christian Kabasele,35,Udinese,Serie A,25.296296296296298
Oumar Solet,26,Udinese,Serie A,25.296296296296298
Thomas Kristensen,24,Udinese,Serie A,25.296296296296298
Jordan Zemura,26,Udinese,Serie A,25.296296296296298
Alessandro Zanoli,25,Udinese,Serie A,25.296296296296298
Oier Zarraga,27,Udinese,Serie A,25.296296296296298
Jesper Karlström,30,Udinese,Serie A,25.296296296296298
Nicolò Zaniolo,26,Udinese,Serie A,25.296296296296298
Arthur Atta,23,Udinese,Serie A,25.296296296296298
Juan David Arizala,20,Udinese,Serie A,25.296296296296298
Jakub Piotrowski,28,Udinese,Serie A,25.296296296296298
Abdoulaye Camara,17,Udinese,Serie A,25.296296296296298
Jurgen Ekkelenkamp,25,Udinese,Serie A,25.296296296296298
Lennon Miller,19,Udinese,Serie A,25.296296296296298
Idrissa Gueye,19,Udinese,Serie A,25.296296296296298
Keinan Davis,28,Udinese,Serie A,25.296296296296298
Bayo Youssouf,29,Udinese,Serie A,25.296296296296298
Adam Buksa,29,Udinese,Serie A,25.296296296296298
Giulio Vinciati,18,Udinese,Serie A,25.296296296296298
Alessandro Nunziante,18,Udinese,Serie A,25.296296296296298
Maduka Okoye,26,Udinese,Serie A,25.296296296296298
Razvan Sava,23,Udinese,Serie A,25.296296296296298
Daniele Padelli,40,Udinese,Serie A,25.296296296296298
Djené,34,Getafe,LALIGA,25.31578947368421
Abdel Abqar,26,Getafe,LALIGA,25.31578947368421
Allan Nyom,37,Getafe,LALIGA,25.31578947368421
Sebastián Boselli,22,Getafe,LALIGA,25.31578947368421
Diego Rico,33,Getafe,LALIGA,25.31578947368421
Kiko Femenía,35,Getafe,LALIGA,25.31578947368421
Juan Iglesias,27,Getafe,LALIGA,25.31578947368421
Domingos Duarte,30,Getafe,LALIGA,25.31578947368421
Zaid Romero,26,Getafe,LALIGA,25.31578947368421
Davinchi,18,Getafe,LALIGA,25.31578947368421
Ismael Bekhoucha,21,Getafe,LALIGA,25.31578947368421
Lucas Laso,23,Getafe,LALIGA,25.31578947368421
Marc Vilaplana,23,Getafe,LALIGA,25.31578947368421
Jorge Montes,21,Getafe,LALIGA,25.31578947368421
Tito,21,Getafe,LALIGA,25.31578947368421
Luis Milla,31,Getafe,LALIGA,25.31578947368421
Mario Martín,22,Getafe,LALIGA,25.31578947368421
Mauro Arambarri,30,Getafe,LALIGA,25.31578947368421
Javi Muñoz,31,Getafe,LALIGA,25.31578947368421
Veljko Birmancevic,28,Getafe,LALIGA,25.31578947368421
Alberto Risco,20,Getafe,LALIGA,25.31578947368421
Hugo Solozabal,23,Getafe,LALIGA,25.31578947368421
Adrián Riquelme,20,Getafe,LALIGA,25.31578947368421
Alejandro Mestanza,21,Getafe,LALIGA,25.31578947368421
Juanmi,32,Getafe,LALIGA,25.31578947368421
Borja Mayoral,28,Getafe,LALIGA,25.31578947368421
Martín Satriano,25,Getafe,LALIGA,25.31578947368421
Abu Kamara,22,Getafe,LALIGA,25.31578947368421
Álex Sancris,29,Getafe,LALIGA,25.31578947368421
Luis Vázquez,24,Getafe,LALIGA,25.31578947368421
Adrián Liso,20,Getafe,LALIGA,25.31578947368421
Mykyta Aleksandrov,21,Getafe,LALIGA,25.31578947368421
Joselu Pérez,21,Getafe,LALIGA,25.31578947368421
Yassin Tallal,21,Getafe,LALIGA,25.31578947368421
Jirí Letácek,27,Getafe,LALIGA,25.31578947368421
David Soria,32,Getafe,LALIGA,25.31578947368421
Jorge Benito,19,Getafe,LALIGA,25.31578947368421
Diego Ferrer,18,Getafe,LALIGA,25.31578947368421
Facundo Garcés,26,Alavés,LALIGA,25.393939393939394
Youssef Lekhedim,20,Alavés,LALIGA,25.393939393939394
Jon Pacheco,25,Alavés,LALIGA,25.393939393939394
Ángel Pérez,23,Alavés,LALIGA,25.393939393939394
Nahuel Tenaglia,30,Alavés,LALIGA,25.393939393939394
Ville Koski,24,Alavés,LALIGA,25.393939393939394
Jonny,32,Alavés,LALIGA,25.393939393939394
Victor Parada,23,Alavés,LALIGA,25.393939393939394
Álvaro García,20,Alavés,LALIGA,25.393939393939394
Egoitz Muñoz,21,Alavés,LALIGA,25.393939393939394
Carlos Ballestero,21,Alavés,LALIGA,25.393939393939394
Xanet Oláiz,20,Alavés,LALIGA,25.393939393939394
Denis Suárez,32,Alavés,LALIGA,25.393939393939394
Ander Guevara,28,Alavés,LALIGA,25.393939393939394
Antonio Blanco,25,Alavés,LALIGA,25.393939393939394
Carles Aleñá,28,Alavés,LALIGA,25.393939393939394
Jon Guridi,31,Alavés,LALIGA,25.393939393939394
Pablo Ibáñez,27,Alavés,LALIGA,25.393939393939394
Calebe,25,Alavés,LALIGA,25.393939393939394
Ibrahim Diabaté,21,Alavés,LALIGA,25.393939393939394
Carlos Protesoni,27,Alavés,LALIGA,25.393939393939394
Lander Pinillos,22,Alavés,LALIGA,25.393939393939394
Mariano,32,Alavés,LALIGA,25.393939393939394
Toni Martínez,28,Alavés,LALIGA,25.393939393939394
Lucas Boyé,30,Alavés,LALIGA,25.393939393939394
Abde Rebbach,27,Alavés,LALIGA,25.393939393939394
Diego Morcillo,22,Alavés,LALIGA,25.393939393939394
Izei Hernandez,19,Alavés,LALIGA,25.393939393939394
Aitor Mañas,23,Alavés,LALIGA,25.393939393939394
Antonio Sivera,29,Alavés,LALIGA,25.393939393939394
Raúl Fernández,37,Alavés,LALIGA,25.393939393939394
Grégoire Swiderski,20,Alavés,LALIGA,25.393939393939394
Rúben Montero,20,Alavés,LALIGA,25.393939393939394
Denzel Dumfries,29,Internazionale,Serie A,25.394736842105264
Stefan de Vrij,34,Internazionale,Serie A,25.394736842105264
Francesco Acerbi,38,Internazionale,Serie A,25.394736842105264
Manuel Akanji,30,Internazionale,Serie A,25.394736842105264
Carlos Augusto,27,Internazionale,Serie A,25.394736842105264
Yann Bisseck,25,Internazionale,Serie A,25.394736842105264
Federico Dimarco,28,Internazionale,Serie A,25.394736842105264
Matteo Darmian,36,Internazionale,Serie A,25.394736842105264
Matteo Cocchi,19,Internazionale,Serie A,25.394736842105264
Yvan Maye,19,Internazionale,Serie A,25.394736842105264
Simone Cinquegrano,21,Internazionale,Serie A,25.394736842105264
Christos Alexiou,20,Internazionale,Serie A,25.394736842105264
Alessandro Bastoni,26,Internazionale,Serie A,25.394736842105264
Piotr Zielinski,31,Internazionale,Serie A,25.394736842105264
Petar Sucic,22,Internazionale,Serie A,25.394736842105264
Davide Frattesi,26,Internazionale,Serie A,25.394736842105264
Andy Diouf,22,Internazionale,Serie A,25.394736842105264
Hakan Çalhanoglu,32,Internazionale,Serie A,25.394736842105264
Henrikh Mkhitaryan,37,Internazionale,Serie A,25.394736842105264
Nicolò Barella,29,Internazionale,Serie A,25.394736842105264
Issiaka Kamate,21,Internazionale,Serie A,25.394736842105264
Thomas Berenbruch,20,Internazionale,Serie A,25.394736842105264
Leonardo Bovo,20,Internazionale,Serie A,25.394736842105264
Ivo Kaczmarski,21,Internazionale,Serie A,25.394736842105264
Luka Topalovic,20,Internazionale,Serie A,25.394736842105264
Marcus Thuram,28,Internazionale,Serie A,25.394736842105264
Lautaro Martínez,28,Internazionale,Serie A,25.394736842105264
Luis Henrique,24,Internazionale,Serie A,25.394736842105264
Ange-Yoan Bonny,22,Internazionale,Serie A,25.394736842105264
Matteo Spinaccè,19,Internazionale,Serie A,25.394736842105264
Mattia Mosconi,18,Internazionale,Serie A,25.394736842105264
Matteo Lavelli,19,Internazionale,Serie A,25.394736842105264
Pio Esposito,20,Internazionale,Serie A,25.394736842105264
Yann Sommer,37,Internazionale,Serie A,25.394736842105264
Raffaele Di Gennaro,32,Internazionale,Serie A,25.394736842105264
Josep Martínez,27,Internazionale,Serie A,25.394736842105264
Alessandro Calligaris,20,Internazionale,Serie A,25.394736842105264
Alain Taho,18,Internazionale,Serie A,25.394736842105264
Manolis Saliakas,29,St. Pauli,Bundesliga,25.451612903225808
Karol Mets,32,St. Pauli,Bundesliga,25.451612903225808
David Nemeth,24,St. Pauli,Bundesliga,25.451612903225808
Hauke Wahl,31,St. Pauli,Bundesliga,25.451612903225808
Arkadiusz Pyrka,23,St. Pauli,Bundesliga,25.451612903225808
Fin Stevens,22,St. Pauli,Bundesliga,25.451612903225808
Tomoya Ando,27,St. Pauli,Bundesliga,25.451612903225808
Lars Ritzka,27,St. Pauli,Bundesliga,25.451612903225808
Louis Oppie,23,St. Pauli,Bundesliga,25.451612903225808
Adam Dzwigala,30,St. Pauli,Bundesliga,25.451612903225808
Jannik Robatsch,21,St. Pauli,Bundesliga,25.451612903225808
James Sands,25,St. Pauli,Bundesliga,25.451612903225808
Jackson Irvine,32,St. Pauli,Bundesliga,25.451612903225808
Eric Anders Smith,29,St. Pauli,Bundesliga,25.451612903225808
Joel Chima Fujita,24,St. Pauli,Bundesliga,25.451612903225808
Mathias Rasmussen,28,St. Pauli,Bundesliga,25.451612903225808
Connor Metcalfe,26,St. Pauli,Bundesliga,25.451612903225808
Mathias Pereira Lage,29,St. Pauli,Bundesliga,25.451612903225808
Marwin Schmitz,19,St. Pauli,Bundesliga,25.451612903225808
Nick Schmidt,18,St. Pauli,Bundesliga,25.451612903225808
Abdoulie Ceesay,22,St. Pauli,Bundesliga,25.451612903225808
Danel Sinani,28,St. Pauli,Bundesliga,25.451612903225808
Taichi Hara,26,St. Pauli,Bundesliga,25.451612903225808
Martijn Kaars,27,St. Pauli,Bundesliga,25.451612903225808
Ricky-Jade Jones,23,St. Pauli,Bundesliga,25.451612903225808
Andreas Hountondji,23,St. Pauli,Bundesliga,25.451612903225808
Romeo Aigbekaen,21,St. Pauli,Bundesliga,25.451612903225808
Ben Voll,25,St. Pauli,Bundesliga,25.451612903225808
Nikola Vasiljev,30,St. Pauli,Bundesliga,25.451612903225808
Simon Spari,23,St. Pauli,Bundesliga,25.451612903225808
Emil Gazdov,22,St. Pauli,Bundesliga,25.451612903225808
Marnon Busch,31,1. FC Heidenheim 1846,Bundesliga,25.466666666666665
Tim Siersleben,25,1. FC Heidenheim 1846,Bundesliga,25.466666666666665
Benedikt Gimber,29,1. FC Heidenheim 1846,Bundesliga,25.466666666666665
Patrick Mainka,31,1. FC Heidenheim 1846,Bundesliga,25.466666666666665
Jonas Föhrenbach,30,1. FC Heidenheim 1846,Bundesliga,25.466666666666665
Omar-Haktab Traoré,28,1. FC Heidenheim 1846,Bundesliga,25.466666666666665
Leonidas Stergiou,24,1. FC Heidenheim 1846,Bundesliga,25.466666666666665
Adam Kölle,19,1. FC Heidenheim 1846,Bundesliga,25.466666666666665
Leart Paqarada,31,1. FC Heidenheim 1846,Bundesliga,25.466666666666665
Jan Schöppner,26,1. FC Heidenheim 1846,Bundesliga,25.466666666666665
Julian Niehues,24,1. FC Heidenheim 1846,Bundesliga,25.466666666666665
Luca Kerber,23,1. FC Heidenheim 1846,Bundesliga,25.466666666666665
Adrian Beck,28,1. FC Heidenheim 1846,Bundesliga,25.466666666666665
Arijon Ibrahimovic,20,1. FC Heidenheim 1846,Bundesliga,25.466666666666665
Hennes Behrens,21,1. FC Heidenheim 1846,Bundesliga,25.466666666666665
Niklas Dorsch,28,1. FC Heidenheim 1846,Bundesliga,25.466666666666665
Nick Rothweiler,19,1. FC Heidenheim 1846,Bundesliga,25.466666666666665
Eren Dinkci,24,1. FC Heidenheim 1846,Bundesliga,25.466666666666665
Stefan Schimmer,31,1. FC Heidenheim 1846,Bundesliga,25.466666666666665
Christian Conteh,26,1. FC Heidenheim 1846,Bundesliga,25.466666666666665
Budu Zivzivadze,31,1. FC Heidenheim 1846,Bundesliga,25.466666666666665
Mathias Honsak,29,1. FC Heidenheim 1846,Bundesliga,25.466666666666665
Marvin Pieringer,26,1. FC Heidenheim 1846,Bundesliga,25.466666666666665
Mikkel Kaufmann,25,1. FC Heidenheim 1846,Bundesliga,25.466666666666665
Sirlord Conteh,29,1. FC Heidenheim 1846,Bundesliga,25.466666666666665
Tobias Weigel,18,1. FC Heidenheim 1846,Bundesliga,25.466666666666665
Yannik Wagner,18,1. FC Heidenheim 1846,Bundesliga,25.466666666666665
Paul Tschernuth,24,1. FC Heidenheim 1846,Bundesliga,25.466666666666665
Frank Feller,22,1. FC Heidenheim 1846,Bundesliga,25.466666666666665
Diant Ramaj,24,1. FC Heidenheim 1846,Bundesliga,25.466666666666665
Igor Julio,28,Brighton & Hove Albion,Premier League,25.516129032258064
Adam Webster,31,Brighton & Hove Albion,Premier League,25.516129032258064
Lewis Dunk,34,Brighton & Hove Albion,Premier League,25.516129032258064
Jan Paul van Hecke,25,Brighton & Hove Albion,Premier League,25.516129032258064
Olivier Boscagli,28,Brighton & Hove Albion,Premier League,25.516129032258064
Ferdi Kadioglu,26,Brighton & Hove Albion,Premier League,25.516129032258064
Maxim De Cuyper,25,Brighton & Hove Albion,Premier League,25.516129032258064
Joël Veltman,34,Brighton & Hove Albion,Premier League,25.516129032258064
Charlie Tasker,20,Brighton & Hove Albion,Premier League,25.516129032258064
Freddie Simmonds,17,Brighton & Hove Albion,Premier League,25.516129032258064
Solly March,31,Brighton & Hove Albion,Premier League,25.516129032258064
Jack Hinshelwood,20,Brighton & Hove Albion,Premier League,25.516129032258064
Carlos Baleba,22,Brighton & Hove Albion,Premier League,25.516129032258064
James Milner,40,Brighton & Hove Albion,Premier League,25.516129032258064
Kaoru Mitoma,28,Brighton & Hove Albion,Premier League,25.516129032258064
Diego Gómez,22,Brighton & Hove Albion,Premier League,25.516129032258064
Yasin Ayari,22,Brighton & Hove Albion,Premier League,25.516129032258064
Mats Wieffer,26,Brighton & Hove Albion,Premier League,25.516129032258064
Pascal Groß,34,Brighton & Hove Albion,Premier League,25.516129032258064
Matt O'Riley,25,Brighton & Hove Albion,Premier League,25.516129032258064
Harry Howell,17,Brighton & Hove Albion,Premier League,25.516129032258064
Stefanos Tzimas,20,Brighton & Hove Albion,Premier League,25.516129032258064
Georginio Rutter,23,Brighton & Hove Albion,Premier League,25.516129032258064
Yankuba Minteh,21,Brighton & Hove Albion,Premier League,25.516129032258064
Danny Welbeck,35,Brighton & Hove Albion,Premier League,25.516129032258064
Charalambos Kostoulas,18,Brighton & Hove Albion,Premier League,25.516129032258064
Nehemiah Oriola,18,Brighton & Hove Albion,Premier League,25.516129032258064
Bart Verbruggen,23,Brighton & Hove Albion,Premier League,25.516129032258064
Jason Steele,35,Brighton & Hove Albion,Premier League,25.516129032258064
Tom McGill,25,Brighton & Hove Albion,Premier League,25.516129032258064
Nils Ramming,18,Brighton & Hove Albion,Premier League,25.516129032258064
Juan Cruz,33,Osasuna,LALIGA,25.625
Jorge Herrando,25,Osasuna,LALIGA,25.625
Valentin Rosier,29,Osasuna,LALIGA,25.625
Javi Galán,31,Osasuna,LALIGA,25.625
Enzo Boyomo,24,Osasuna,LALIGA,25.625
Abel Bretones,25,Osasuna,LALIGA,25.625
Alejandro Catena,31,Osasuna,LALIGA,25.625
Raúl Chasco,22,Osasuna,LALIGA,25.625
Unai Santos,20,Osasuna,LALIGA,25.625
Iñigo Arguibide,20,Osasuna,LALIGA,25.625
Mikel Serrano,22,Osasuna,LALIGA,25.625
Lucas Torró,31,Osasuna,LALIGA,25.625
Jon Moncayola,27,Osasuna,LALIGA,25.625
Iker Muñoz,23,Osasuna,LALIGA,25.625
Aimar Oroz,24,Osasuna,LALIGA,25.625
Rubén García,32,Osasuna,LALIGA,25.625
Mauro Echegoyen,21,Osasuna,LALIGA,25.625
Jon García,23,Osasuna,LALIGA,25.625
Asier Osambela,21,Osasuna,LALIGA,25.625
Iker Benito,23,Osasuna,LALIGA,25.625
Raúl García,25,Osasuna,LALIGA,25.625
Enrique Barja,28,Osasuna,LALIGA,25.625
Moi Gómez,31,Osasuna,LALIGA,25.625
Ante Budimir,34,Osasuna,LALIGA,25.625
Raúl Moro,23,Osasuna,LALIGA,25.625
Víctor Muñoz,22,Osasuna,LALIGA,25.625
Martín Pedroarena,22,Osasuna,LALIGA,25.625
Roberto Arroyo,22,Osasuna,LALIGA,25.625
Aly Doumbia,18,Osasuna,LALIGA,25.625
Sergio Herrera,32,Osasuna,LALIGA,25.625
Aitor Fernández,34,Osasuna,LALIGA,25.625
Dimitrios Stamatakis,22,Osasuna,LALIGA,25.625
Odilon Kossounou,25,Atalanta,Serie A,25.714285714285715
Isak Hien,27,Atalanta,Serie A,25.714285714285715
Mitchel Bakker,25,Atalanta,Serie A,25.714285714285715
Raoul Bellanova,25,Atalanta,Serie A,25.714285714285715
Berat Djimsiti,33,Atalanta,Serie A,25.714285714285715
Sead Kolasinac,32,Atalanta,Serie A,25.714285714285715
Relja Obric,19,Atalanta,Serie A,25.714285714285715
Giorgio Scalvini,22,Atalanta,Serie A,25.714285714285715
Pietro Comi,20,Atalanta,Serie A,25.714285714285715
Lorenzo Bernasconi,22,Atalanta,Serie A,25.714285714285715
Honest Ahanor,18,Atalanta,Serie A,25.714285714285715
Davide Zappacosta,33,Atalanta,Serie A,25.714285714285715
Yunus Musah,23,Atalanta,Serie A,25.714285714285715
Mario Pasalic,31,Atalanta,Serie A,25.714285714285715
Lazar Samardzic,24,Atalanta,Serie A,25.714285714285715
Éderson,26,Atalanta,Serie A,25.714285714285715
Marten de Roon,34,Atalanta,Serie A,25.714285714285715
Nicola Zalewski,24,Atalanta,Serie A,25.714285714285715
Kamaldeen Sulemana,24,Atalanta,Serie A,25.714285714285715
Gianluca Scamacca,27,Atalanta,Serie A,25.714285714285715
Charles De Ketelaere,24,Atalanta,Serie A,25.714285714285715
Giacomo Raspadori,26,Atalanta,Serie A,25.714285714285715
Henry Camara,19,Atalanta,Serie A,25.714285714285715
Dominic Vavassori,20,Atalanta,Serie A,25.714285714285715
Nikola Krstovic,25,Atalanta,Serie A,25.714285714285715
Marco Carnesecchi,25,Atalanta,Serie A,25.714285714285715
Francesco Rossi,34,Atalanta,Serie A,25.714285714285715
Marco Sportiello,33,Atalanta,Serie A,25.714285714285715
Rubén Sánchez,25,Espanyol,LALIGA,25.77777777777778
Fernando Calero,30,Espanyol,LALIGA,25.77777777777778
Leandro Cabrera,34,Espanyol,LALIGA,25.77777777777778
José Salinas,25,Espanyol,LALIGA,25.77777777777778
Miguel Rubio,27,Espanyol,LALIGA,25.77777777777778
Carlos Romero,24,Espanyol,LALIGA,25.77777777777778
Omar El Hilali,22,Espanyol,LALIGA,25.77777777777778
José Ángel López,20,Espanyol,LALIGA,25.77777777777778
Clemens Riedel,22,Espanyol,LALIGA,25.77777777777778
Urko Gonzalez,24,Espanyol,LALIGA,25.77777777777778
Edu Expósito,29,Espanyol,LALIGA,25.77777777777778
Pol Lozano,26,Espanyol,LALIGA,25.77777777777778
Pere Milla,33,Espanyol,LALIGA,25.77777777777778
Ramón Terrats,25,Espanyol,LALIGA,25.77777777777778
Charles Pickel,28,Espanyol,LALIGA,25.77777777777778
Ferran Gomez,19,Espanyol,LALIGA,25.77777777777778
Javier Puado,27,Espanyol,LALIGA,25.77777777777778
Roberto Fernández,23,Espanyol,LALIGA,25.77777777777778
Cyril Ngonge,25,Espanyol,LALIGA,25.77777777777778
Jofre Carreras,24,Espanyol,LALIGA,25.77777777777778
Enrique García,36,Espanyol,LALIGA,25.77777777777778
Antoniu Roca,23,Espanyol,LALIGA,25.77777777777778
Tyrhys Dolan,24,Espanyol,LALIGA,25.77777777777778
Ángel Fortuño,24,Espanyol,LALIGA,25.77777777777778
Marko Dmitrovic,34,Espanyol,LALIGA,25.77777777777778
Pol Tristan,23,Espanyol,LALIGA,25.77777777777778
Llorenç Serred,20,Espanyol,LALIGA,25.77777777777778
Kieran Trippier,35,Newcastle United,Premier League,25.8125
Sven Botman,26,Newcastle United,Premier League,25.8125
Fabian Schär,34,Newcastle United,Premier League,25.8125
Malick Thiaw,24,Newcastle United,Premier League,25.8125
Emil Krafth,31,Newcastle United,Premier League,25.8125
Tino Livramento,23,Newcastle United,Premier League,25.8125
Dan Burn,33,Newcastle United,Premier League,25.8125
Alex Murphy,21,Newcastle United,Premier League,25.8125
Leo Shahar,18,Newcastle United,Premier League,25.8125
Lewis Hall,26,Newcastle United,Premier League,25.8125
Joelinton,29,Newcastle United,Premier League,25.8125
Sandro Tonali,25,Newcastle United,Premier League,25.8125
Harvey Barnes,28,Newcastle United,Premier League,25.8125
Jacob Murphy,31,Newcastle United,Premier League,25.8125
Joe Willock,26,Newcastle United,Premier League,25.8125
Bruno Guimarães,28,Newcastle United,Premier League,25.8125
Jacob Ramsey,24,Newcastle United,Premier League,25.8125
Lewis Miley,19,Newcastle United,Premier League,25.8125
Adedamola Alabi,16,Newcastle United,Premier League,25.8125
Yoane Wissa,29,Newcastle United,Premier League,25.8125
Anthony Gordon,25,Newcastle United,Premier League,25.8125
William Osula,22,Newcastle United,Premier League,25.8125
Anthony Elanga,23,Newcastle United,Premier League,25.8125
Nick Woltemade,24,Newcastle United,Premier League,25.8125
Sean Neave,18,Newcastle United,Premier League,25.8125
Park Seung-Soo,18,Newcastle United,Premier League,25.8125
Nick Pope,33,Newcastle United,Premier League,25.8125
John Ruddy,39,Newcastle United,Premier League,25.8125
Mark Gillespie,33,Newcastle United,Premier League,25.8125
Aaron Ramsdale,27,Newcastle United,Premier League,25.8125
Aidan Harris,19,Newcastle United,Premier League,25.8125
Adam Harrison,19,Newcastle United,Premier League,25.8125
Mateu Morey,26,Mallorca,LALIGA,25.967741935483872
Toni Lato,28,Mallorca,LALIGA,25.967741935483872
Marash Kumbulla,26,Mallorca,LALIGA,25.967741935483872
Antonio Raíllo,34,Mallorca,LALIGA,25.967741935483872
Johan Mojica,33,Mallorca,LALIGA,25.967741935483872
Pablo Maffeo,28,Mallorca,LALIGA,25.967741935483872
Martin Valjent,30,Mallorca,LALIGA,25.967741935483872
Iliesse Salhi,18,Mallorca,LALIGA,25.967741935483872
David López,23,Mallorca,LALIGA,25.967741935483872
Luis Orejuela,18,Mallorca,LALIGA,25.967741935483872
Javier Olaizola,18,Mallorca,LALIGA,25.967741935483872
Omar Mascarell,33,Mallorca,LALIGA,25.967741935483872
Antonio Sánchez,28,Mallorca,LALIGA,25.967741935483872
Manu Morlanes,27,Mallorca,LALIGA,25.967741935483872
Sergi Darder,32,Mallorca,LALIGA,25.967741935483872
Samú Costa,25,Mallorca,LALIGA,25.967741935483872
Pablo Torre,22,Mallorca,LALIGA,25.967741935483872
Jandro García,20,Mallorca,LALIGA,25.967741935483872
Jan Salas,20,Mallorca,LALIGA,25.967741935483872
Vedat Muriqi,31,Mallorca,LALIGA,25.967741935483872
Abdón Prats,33,Mallorca,LALIGA,25.967741935483872
Takuma Asano,31,Mallorca,LALIGA,25.967741935483872
Zito Luvumbo,23,Mallorca,LALIGA,25.967741935483872
Jan Virgili,19,Mallorca,LALIGA,25.967741935483872
Mateo Joseph,22,Mallorca,LALIGA,25.967741935483872
Javi Llabrés,23,Mallorca,LALIGA,25.967741935483872
Iván Cuéllar,41,Mallorca,LALIGA,25.967741935483872
Justin-Noel Kalumba,21,Mallorca,LALIGA,25.967741935483872
Leo Román,25,Mallorca,LALIGA,25.967741935483872
Lucas Bergstrom,23,Mallorca,LALIGA,25.967741935483872
Nil Torreguitart,24,Mallorca,LALIGA,25.967741935483872
Eric Bailly,31,Real Oviedo,LALIGA,26.0625
Rahim Alhassane,24,Real Oviedo,LALIGA,26.0625
David Costas,30,Real Oviedo,LALIGA,26.0625
Dani Calvo,31,Real Oviedo,LALIGA,26.0625
David Carmo,26,Real Oviedo,LALIGA,26.0625
Nacho Vidal,31,Real Oviedo,LALIGA,26.0625
Lucas,31,Real Oviedo,LALIGA,26.0625
Javi López,23,Real Oviedo,LALIGA,26.0625
Omar Falah,22,Real Oviedo,LALIGA,26.0625
Marco Esteban,20,Real Oviedo,LALIGA,26.0625
Alberto Reina,28,Real Oviedo,LALIGA,26.0625
Kwasi Sibo,27,Real Oviedo,LALIGA,26.0625
Santi Cazorla,41,Real Oviedo,LALIGA,26.0625
Santiago Colombatto,29,Real Oviedo,LALIGA,26.0625
Leander Dendoncker,30,Real Oviedo,LALIGA,26.0625
Luka Ilic,26,Real Oviedo,LALIGA,26.0625
Nicolás Fonseca,27,Real Oviedo,LALIGA,26.0625
Pablo Agudín,18,Real Oviedo,LALIGA,26.0625
Cheli,18,Real Oviedo,LALIGA,26.0625
Diego Menéndez,20,Real Oviedo,LALIGA,26.0625
Ilyas Chaira,25,Real Oviedo,LALIGA,26.0625
Federico Viñas,27,Real Oviedo,LALIGA,26.0625
Haissem Hassan,24,Real Oviedo,LALIGA,26.0625
Ovie Ejaria,28,Real Oviedo,LALIGA,26.0625
Thiago Fernández,19,Real Oviedo,LALIGA,26.0625
Thiago Borbas,23,Real Oviedo,LALIGA,26.0625
Alex Fores,24,Real Oviedo,LALIGA,26.0625
Lamine Gueye,27,Real Oviedo,LALIGA,26.0625
Diego Espinosa,23,Real Oviedo,LALIGA,26.0625
Horatiu Moldovan,28,Real Oviedo,LALIGA,26.0625
Aarón Escandell,30,Real Oviedo,LALIGA,26.0625
Miguel Narváez,23,Real Oviedo,LALIGA,26.0625
José Ángel Carmona,24,Sevilla,LALIGA,26.235294117647058
César Azpilicueta,36,Sevilla,LALIGA,26.235294117647058
Enrique Salas,23,Sevilla,LALIGA,26.235294117647058
Tanguy Nianzou,23,Sevilla,LALIGA,26.235294117647058
Gabriel Suazo,28,Sevilla,LALIGA,26.235294117647058
Fábio Cardoso,31,Sevilla,LALIGA,26.235294117647058
Federico Gattoni,27,Sevilla,LALIGA,26.235294117647058
Marcão,29,Sevilla,LALIGA,26.235294117647058
Andrés Castrín,22,Sevilla,LALIGA,26.235294117647058
Oso,22,Sevilla,LALIGA,26.235294117647058
Iker Ortín,22,Sevilla,LALIGA,26.235294117647058
Nemanja Gudelj,34,Sevilla,LALIGA,26.235294117647058
Joan Jordán,31,Sevilla,LALIGA,26.235294117647058
Rubén Vargas,27,Sevilla,LALIGA,26.235294117647058
Juanlu Sanchez,22,Sevilla,LALIGA,26.235294117647058
Lucien Agoumé,24,Sevilla,LALIGA,26.235294117647058
Batista Mendy,26,Sevilla,LALIGA,26.235294117647058
Djibril Sow,29,Sevilla,LALIGA,26.235294117647058
Adnan Januzaj,31,Sevilla,LALIGA,26.235294117647058
Manu Bueno,21,Sevilla,LALIGA,26.235294117647058
Edu Altozano,19,Sevilla,LALIGA,26.235294117647058
Isaac Romero,25,Sevilla,LALIGA,26.235294117647058
Akor Adams,26,Sevilla,LALIGA,26.235294117647058
Alexis Sánchez,37,Sevilla,LALIGA,26.235294117647058
Peque,23,Sevilla,LALIGA,26.235294117647058
Neal Maupay,29,Sevilla,LALIGA,26.235294117647058
Chidera Ejuke,28,Sevilla,LALIGA,26.235294117647058
Álex Costa,23,Sevilla,LALIGA,26.235294117647058
Miguel Sierra,21,Sevilla,LALIGA,26.235294117647058
Odisseas Vlachodimos,31,Sevilla,LALIGA,26.235294117647058
Ørjan Nyland,35,Sevilla,LALIGA,26.235294117647058
Alberto Flores,22,Sevilla,LALIGA,26.235294117647058
Rafael Romero,22,Sevilla,LALIGA,26.235294117647058
Lorenzo Luchino,19,Sevilla,LALIGA,26.235294117647058
Samuel Gigot,32,Lazio,Serie A,26.29032258064516
Luca Pellegrini,26,Lazio,Serie A,26.29032258064516
Patric,32,Lazio,Serie A,26.29032258064516
Alessio Romagnoli,31,Lazio,Serie A,26.29032258064516
Nuno Tavares,26,Lazio,Serie A,26.29032258064516
Elseid Hysaj,32,Lazio,Serie A,26.29032258064516
Oliver Provstgaard,22,Lazio,Serie A,26.29032258064516
Mario Gila,25,Lazio,Serie A,26.29032258064516
Adam Marusic,33,Lazio,Serie A,26.29032258064516
Nicolò Rovella,24,Lazio,Serie A,26.29032258064516
Fisayo Dele-Bashiru,25,Lazio,Serie A,26.29032258064516
Mattia Zaccagni,30,Lazio,Serie A,26.29032258064516
Reda Belahyane,21,Lazio,Serie A,26.29032258064516
Kenneth Taylor,23,Lazio,Serie A,26.29032258064516
Toma Basic,29,Lazio,Serie A,26.29032258064516
Adrian Przyborek,19,Lazio,Serie A,26.29032258064516
Manuel Lazzari,32,Lazio,Serie A,26.29032258064516
Danilo Cataldi,31,Lazio,Serie A,26.29032258064516
Valerio Farcomeni,20,Lazio,Serie A,26.29032258064516
Pedro,38,Lazio,Serie A,26.29032258064516
Tijjani Noslin,26,Lazio,Serie A,26.29032258064516
Gustav Isaksen,24,Lazio,Serie A,26.29032258064516
Boulaye Dia,29,Lazio,Serie A,26.29032258064516
Petar Ratkov,22,Lazio,Serie A,26.29032258064516
Matteo Cancellieri,24,Lazio,Serie A,26.29032258064516
Daniel Maldini,24,Lazio,Serie A,26.29032258064516
Saná Fernandes,19,Lazio,Serie A,26.29032258064516
Federico Serra,20,Lazio,Serie A,26.29032258064516
Edoardo Motta,21,Lazio,Serie A,26.29032258064516
Alessio Furlanetto,24,Lazio,Serie A,26.29032258064516
Ivan Provedel,31,Lazio,Serie A,26.29032258064516
Héctor Bellerín,30,Real Betis,LALIGA,26.314285714285713
Diego Llorente,32,Real Betis,LALIGA,26.314285714285713
Natan,25,Real Betis,LALIGA,26.314285714285713
Marc Bartra,35,Real Betis,LALIGA,26.314285714285713
Ricardo Rodríguez,33,Real Betis,LALIGA,26.314285714285713
Valentín Gómez,22,Real Betis,LALIGA,26.314285714285713
Junior Firpo,29,Real Betis,LALIGA,26.314285714285713
Carlos De Roa,18,Real Betis,LALIGA,26.314285714285713
Darling Bladi,21,Real Betis,LALIGA,26.314285714285713
Ángel Ortiz,21,Real Betis,LALIGA,26.314285714285713
Sergi Altimira,24,Real Betis,LALIGA,26.314285714285713
Pablo Fornals,30,Real Betis,LALIGA,26.314285714285713
Sofyan Amrabat,29,Real Betis,LALIGA,26.314285714285713
Álvaro Fidalgo,28,Real Betis,LALIGA,26.314285714285713
Rodrigo Riquelme,25,Real Betis,LALIGA,26.314285714285713
Nelson Deossa,26,Real Betis,LALIGA,26.314285714285713
Giovani Lo Celso,29,Real Betis,LALIGA,26.314285714285713
Marc Roca,29,Real Betis,LALIGA,26.314285714285713
Isco,33,Real Betis,LALIGA,26.314285714285713
Germán García,21,Real Betis,LALIGA,26.314285714285713
Daniel Pérez,20,Real Betis,LALIGA,26.314285714285713
Iván Corralejo,18,Real Betis,LALIGA,26.314285714285713
Antony,26,Real Betis,LALIGA,26.314285714285713
Chimy Ávila,32,Real Betis,LALIGA,26.314285714285713
Abde Ezzalzouli,24,Real Betis,LALIGA,26.314285714285713
Cédric Bakambu,34,Real Betis,LALIGA,26.314285714285713
Cucho Hernández,26,Real Betis,LALIGA,26.314285714285713
Aitor Ruibal,29,Real Betis,LALIGA,26.314285714285713
José Morante,18,Real Betis,LALIGA,26.314285714285713
Rodrigo Marina,19,Real Betis,LALIGA,26.314285714285713
Pablo García,19,Real Betis,LALIGA,26.314285714285713
Álvaro Valles,28,Real Betis,LALIGA,26.314285714285713
Adrián,39,Real Betis,LALIGA,26.314285714285713
Pau López,31,Real Betis,LALIGA,26.314285714285713
Manu González,18,Real Betis,LALIGA,26.314285714285713
Hugo Rincón,23,Girona,LALIGA,26.323529411764707
Arnau Martínez,22,Girona,LALIGA,26.323529411764707
David López,36,Girona,LALIGA,26.323529411764707
Vitor Reis,20,Girona,LALIGA,26.323529411764707
Alejandro Francés,23,Girona,LALIGA,26.323529411764707
Daley Blind,35,Girona,LALIGA,26.323529411764707
Axel Witsel,37,Girona,LALIGA,26.323529411764707
Álex Moreno,32,Girona,LALIGA,26.323529411764707
Pol Arnau,21,Girona,LALIGA,26.323529411764707
Gibert Jordana,19,Girona,LALIGA,26.323529411764707
Antonio Salguero,20,Girona,LALIGA,26.323529411764707
Joel Roca,20,Girona,LALIGA,26.323529411764707
Donny van de Beek,28,Girona,LALIGA,26.323529411764707
Fran Beltrán,27,Girona,LALIGA,26.323529411764707
Thomas Lemar,30,Girona,LALIGA,26.323529411764707
Claudio Echeverri,20,Girona,LALIGA,26.323529411764707
Azzedine Ounahi,25,Girona,LALIGA,26.323529411764707
Iván Martín,27,Girona,LALIGA,26.323529411764707
Lancinet Kourouma,21,Girona,LALIGA,26.323529411764707
Portu,33,Girona,LALIGA,26.323529411764707
Cristhian Stuani,39,Girona,LALIGA,26.323529411764707
Abel Ruiz,26,Girona,LALIGA,26.323529411764707
Viktor Tsygankov,28,Girona,LALIGA,26.323529411764707
Vladyslav Vanat,24,Girona,LALIGA,26.323529411764707
Bryan Gil,25,Girona,LALIGA,26.323529411764707
Javier Sarasa,20,Girona,LALIGA,26.323529411764707
Juan Arango,19,Girona,LALIGA,26.323529411764707
Papa Dame Ba,21,Girona,LALIGA,26.323529411764707
Juan Carlos,38,Girona,LALIGA,26.323529411764707
Rubén Blanco,30,Girona,LALIGA,26.323529411764707
Paulo Gazzaniga,34,Girona,LALIGA,26.323529411764707
Marc-André ter Stegen,33,Girona,LALIGA,26.323529411764707
Vladyslav Krapyvtsov,20,Girona,LALIGA,26.323529411764707
Aleksandar Andreev,19,Girona,LALIGA,26.323529411764707
Jayden Bogle,25,Leeds United,Premier League,26.333333333333332
Gabriel Gudmundsson,26,Leeds United,Premier League,26.333333333333332
Ethan Ampadu,25,Leeds United,Premier League,26.333333333333332
Pascal Struijk,26,Leeds United,Premier League,26.333333333333332
Joe Rodon,28,Leeds United,Premier League,26.333333333333332
Jaka Bijol,27,Leeds United,Premier League,26.333333333333332
Sebastiaan Bornauw,26,Leeds United,Premier League,26.333333333333332
James Justin,28,Leeds United,Premier League,26.333333333333332
Sam Byram,32,Leeds United,Premier League,26.333333333333332
Daniel James,28,Leeds United,Premier League,26.333333333333332
Sean Longstaff,28,Leeds United,Premier League,26.333333333333332
Brenden Aaronson,25,Leeds United,Premier League,26.333333333333332
Anton Stach,27,Leeds United,Premier League,26.333333333333332
Ao Tanaka,27,Leeds United,Premier League,26.333333333333332
Facundo Buonanotte,21,Leeds United,Premier League,26.333333333333332
Sam Chambers,18,Leeds United,Premier League,26.333333333333332
Ilia Gruev,25,Leeds United,Premier League,26.333333333333332
Charlie Crew,19,Leeds United,Premier League,26.333333333333332
Dominic Calvert-Lewin,28,Leeds United,Premier League,26.333333333333332
Joël Piroe,26,Leeds United,Premier League,26.333333333333332
Lukas Nmecha,27,Leeds United,Premier League,26.333333333333332
Noah Okafor,25,Leeds United,Premier League,26.333333333333332
Wilfried Gnonto,22,Leeds United,Premier League,26.333333333333332
Lucas Perri,28,Leeds United,Premier League,26.333333333333332
Illan Meslier,26,Leeds United,Premier League,26.333333333333332
Alex Cairns,33,Leeds United,Premier League,26.333333333333332
Karl Darlow,35,Leeds United,Premier League,26.333333333333332
Andrik Markgraf,19,1. FC Union Berlin,Bundesliga,26.346153846153847
Diogo Leite,27,1. FC Union Berlin,Bundesliga,26.346153846153847
Danilho Doekhi,27,1. FC Union Berlin,Bundesliga,26.346153846153847
Leopold Querfeld,22,1. FC Union Berlin,Bundesliga,26.346153846153847
Tom Rothe,21,1. FC Union Berlin,Bundesliga,26.346153846153847
Josip Juranovic,30,1. FC Union Berlin,Bundesliga,26.346153846153847
Christopher Trimmel,39,1. FC Union Berlin,Bundesliga,26.346153846153847
Stanley N'Soki,26,1. FC Union Berlin,Bundesliga,26.346153846153847
Derrick Köhn,27,1. FC Union Berlin,Bundesliga,26.346153846153847
Aljoscha Kemlein,21,1. FC Union Berlin,Bundesliga,26.346153846153847
Rani Khedira,32,1. FC Union Berlin,Bundesliga,26.346153846153847
Jeong Woo-Yeong,26,1. FC Union Berlin,Bundesliga,26.346153846153847
András Schäfer,26,1. FC Union Berlin,Bundesliga,26.346153846153847
Janik Haberer,31,1. FC Union Berlin,Bundesliga,26.346153846153847
Tim Skarke,29,1. FC Union Berlin,Bundesliga,26.346153846153847
Robert Skov,29,1. FC Union Berlin,Bundesliga,26.346153846153847
Alex Král,27,1. FC Union Berlin,Bundesliga,26.346153846153847
Oliver Burke,28,1. FC Union Berlin,Bundesliga,26.346153846153847
Livan Burcu,21,1. FC Union Berlin,Bundesliga,26.346153846153847
Ilyas Ansah,21,1. FC Union Berlin,Bundesliga,26.346153846153847
David Preu,21,1. FC Union Berlin,Bundesliga,26.346153846153847
Andrej Ilic,25,1. FC Union Berlin,Bundesliga,26.346153846153847
Dmytro Bohdanov,18,1. FC Union Berlin,Bundesliga,26.346153846153847
Frederik Ronnow,33,1. FC Union Berlin,Bundesliga,26.346153846153847
Carl Klaus,32,1. FC Union Berlin,Bundesliga,26.346153846153847
Matheo Raab,27,1. FC Union Berlin,Bundesliga,26.346153846153847
Miguel Gutiérrez,24,Napoli,Serie A,26.419354838709676
Alessandro Buongiorno,26,Napoli,Serie A,26.419354838709676
Juan Jesus,34,Napoli,Serie A,26.419354838709676
Amir Rrahmani,32,Napoli,Serie A,26.419354838709676
Mathías Olivera,28,Napoli,Serie A,26.419354838709676
Giovanni Di Lorenzo,32,Napoli,Serie A,26.419354838709676
Pasquale Mazzocchi,30,Napoli,Serie A,26.419354838709676
Sam Beukema,27,Napoli,Serie A,26.419354838709676
Leonardo Spinazzola,32,Napoli,Serie A,26.419354838709676
Christian Garofalo,19,Napoli,Serie A,26.419354838709676
Billy Gilmour,24,Napoli,Serie A,26.419354838709676
Scott McTominay,29,Napoli,Serie A,26.419354838709676
Kevin De Bruyne,34,Napoli,Serie A,26.419354838709676
Eljif Elmas,26,Napoli,Serie A,26.419354838709676
Antonio Vergara,23,Napoli,Serie A,26.419354838709676
Stanislav Lobotka,31,Napoli,Serie A,26.419354838709676
Vincenzo Prisco,17,Napoli,Serie A,26.419354838709676
Francisco Baridó,18,Napoli,Serie A,26.419354838709676
Emmanuele De Chiara,20,Napoli,Serie A,26.419354838709676
Frank Anguissa,30,Napoli,Serie A,26.419354838709676
David Neres,29,Napoli,Serie A,26.419354838709676
Romelu Lukaku,32,Napoli,Serie A,26.419354838709676
Rasmus Højlund,23,Napoli,Serie A,26.419354838709676
Matteo Politano,32,Napoli,Serie A,26.419354838709676
Giovane,22,Napoli,Serie A,26.419354838709676
Alisson Santos,23,Napoli,Serie A,26.419354838709676
Alex Meret,28,Napoli,Serie A,26.419354838709676
Nikita Contini,29,Napoli,Serie A,26.419354838709676
Mathias Ferrante,19,Napoli,Serie A,26.419354838709676
Vanja Milinkovic-Savic,29,Napoli,Serie A,26.419354838709676
David Spinelli,17,Napoli,Serie A,26.419354838709676
Phillipp Mwene,32,Mainz,Bundesliga,26.4375
Stefan Posch,28,Mainz,Bundesliga,26.4375
Maxim Leitsch,27,Mainz,Bundesliga,26.4375
Stefan Bell,34,Mainz,Bundesliga,26.4375
Anthony Caci,28,Mainz,Bundesliga,26.4375
Danny da Costa,32,Mainz,Bundesliga,26.4375
Nikolas Veratschnig,23,Mainz,Bundesliga,26.4375
Andreas Hanche-Olsen,29,Mainz,Bundesliga,26.4375
Silvan Widmer,33,Mainz,Bundesliga,26.4375
Kacper Potulski,18,Mainz,Bundesliga,26.4375
Kaishu Sano,25,Mainz,Bundesliga,26.4375
Lee Jae-Sung,33,Mainz,Bundesliga,26.4375
Paul Nebel,23,Mainz,Bundesliga,26.4375
Nadiem Amiri,29,Mainz,Bundesliga,26.4375
Lennard Maloney,26,Mainz,Bundesliga,26.4375
Sota Kawasaki,24,Mainz,Bundesliga,26.4375
Dominik Kohr,32,Mainz,Bundesliga,26.4375
Jeremiah Debrah,17,Mainz,Bundesliga,26.4375
Daniel Gleiber,21,Mainz,Bundesliga,26.4375
Armindo Sieb,23,Mainz,Bundesliga,26.4375
William Bøving,23,Mainz,Bundesliga,26.4375
Benedict Hollerbach,24,Mainz,Bundesliga,26.4375
Kasey Bos,21,Mainz,Bundesliga,26.4375
Phillip Tietz,28,Mainz,Bundesliga,26.4375
Sheraldo Becker,31,Mainz,Bundesliga,26.4375
Silas Katompa-Mvumpa,27,Mainz,Bundesliga,26.4375
Fabio Moreno Fell,25,Mainz,Bundesliga,26.4375
Nelson Weiper,20,Mainz,Bundesliga,26.4375
Lasse Rieß,24,Mainz,Bundesliga,26.4375
Robin Zentner,31,Mainz,Bundesliga,26.4375
Daniel Batz,35,Mainz,Bundesliga,26.4375
Louis Babatz,20,Mainz,Bundesliga,26.4375
Kenny Tete,30,Fulham,Premier League,26.59259259259259
Calvin Bassey,26,Fulham,Premier League,26.59259259259259
Joachim Andersen,29,Fulham,Premier League,26.59259259259259
Jorge Cuenca,26,Fulham,Premier League,26.59259259259259
Timothy Castagne,30,Fulham,Premier League,26.59259259259259
Issa Diop,29,Fulham,Premier League,26.59259259259259
Antonee Robinson,28,Fulham,Premier League,26.59259259259259
Samuel Amissah,18,Fulham,Premier League,26.59259259259259
Harrison Reed,31,Fulham,Premier League,26.59259259259259
Tom Cairney,35,Fulham,Premier League,26.59259259259259
Oscar Bobb,22,Fulham,Premier League,26.59259259259259
Sander Berge,28,Fulham,Premier League,26.59259259259259
Sasa Lukic,29,Fulham,Premier League,26.59259259259259
Josh King,19,Fulham,Premier League,26.59259259259259
Ryan Sessegnon,25,Fulham,Premier League,26.59259259259259
Emile Smith Rowe,25,Fulham,Premier League,26.59259259259259
Seth Ridgeon,17,Fulham,Premier League,26.59259259259259
Raúl Jiménez,34,Fulham,Premier League,26.59259259259259
Harry Wilson,28,Fulham,Premier League,26.59259259259259
Rodrigo Muniz,24,Fulham,Premier League,26.59259259259259
Alex Iwobi,29,Fulham,Premier League,26.59259259259259
Jonah Kusi-Asare,18,Fulham,Premier League,26.59259259259259
Samuel Chukwueze,26,Fulham,Premier League,26.59259259259259
Kevin,23,Fulham,Premier League,26.59259259259259
Bernd Leno,34,Fulham,Premier League,26.59259259259259
Benjamin Lecomte,34,Fulham,Premier League,26.59259259259259
Alfie Mcnally,21,Fulham,Premier League,26.59259259259259
Philipp Lienhart,29,SC Freiburg,Bundesliga,26.77777777777778
Anthony Jung,34,SC Freiburg,Bundesliga,26.77777777777778
Lukas Kübler,33,SC Freiburg,Bundesliga,26.77777777777778
Niklas Beste,27,SC Freiburg,Bundesliga,26.77777777777778
Matthias Ginter,32,SC Freiburg,Bundesliga,26.77777777777778
Philipp Treu,25,SC Freiburg,Bundesliga,26.77777777777778
Christian Günter,33,SC Freiburg,Bundesliga,26.77777777777778
Jordy Makengo,24,SC Freiburg,Bundesliga,26.77777777777778
Max Rosenfelder,23,SC Freiburg,Bundesliga,26.77777777777778
Ifechukwu Ogbus,20,SC Freiburg,Bundesliga,26.77777777777778
Karl Steinmann,20,SC Freiburg,Bundesliga,26.77777777777778
Patrick Osterhage,26,SC Freiburg,Bundesliga,26.77777777777778
Maximilian Eggestein,29,SC Freiburg,Bundesliga,26.77777777777778
Daniel-Kofi Kyereh,29,SC Freiburg,Bundesliga,26.77777777777778
Yuito Suzuki,24,SC Freiburg,Bundesliga,26.77777777777778
Nicolas Höfler,35,SC Freiburg,Bundesliga,26.77777777777778
Vincenzo Grifo,32,SC Freiburg,Bundesliga,26.77777777777778
Johan Manzambi,20,SC Freiburg,Bundesliga,26.77777777777778
Rouven Tarnutzer,18,SC Freiburg,Bundesliga,26.77777777777778
Derry Scherhant,23,SC Freiburg,Bundesliga,26.77777777777778
Lucas Höler,31,SC Freiburg,Bundesliga,26.77777777777778
Cyriaque Irié,20,SC Freiburg,Bundesliga,26.77777777777778
Maximilian Philipp,32,SC Freiburg,Bundesliga,26.77777777777778
Igor Matanovic,22,SC Freiburg,Bundesliga,26.77777777777778
Noah Atubolu,23,SC Freiburg,Bundesliga,26.77777777777778
Florian Müller,28,SC Freiburg,Bundesliga,26.77777777777778
Jannik Huth,31,SC Freiburg,Bundesliga,26.77777777777778
Andrei Ratiu,27,Rayo Vallecano,LALIGA,26.87878787878788
Pep Chavarría,27,Rayo Vallecano,LALIGA,26.87878787878788
Luiz Felipe,28,Rayo Vallecano,LALIGA,26.87878787878788
Abdul Mumin,27,Rayo Vallecano,LALIGA,26.87878787878788
Iván Balliu,34,Rayo Vallecano,LALIGA,26.87878787878788
Pacha Espino,34,Rayo Vallecano,LALIGA,26.87878787878788
Florian Lejeune,34,Rayo Vallecano,LALIGA,26.87878787878788
Marco de las Sias,20,Rayo Vallecano,LALIGA,26.87878787878788
Nobel Mendy,21,Rayo Vallecano,LALIGA,26.87878787878788
Jozhua Vertrouwd,21,Rayo Vallecano,LALIGA,26.87878787878788
Pedro Díaz,27,Rayo Vallecano,LALIGA,26.87878787878788
Pathé Ciss,31,Rayo Vallecano,LALIGA,26.87878787878788
Isi Palazón,31,Rayo Vallecano,LALIGA,26.87878787878788
Óscar Trejo,37,Rayo Vallecano,LALIGA,26.87878787878788
Randy Nteka,28,Rayo Vallecano,LALIGA,26.87878787878788
Gerard Gumbau,31,Rayo Vallecano,LALIGA,26.87878787878788
Unai López,30,Rayo Vallecano,LALIGA,26.87878787878788
Álvaro García,33,Rayo Vallecano,LALIGA,26.87878787878788
Fran Pérez,23,Rayo Vallecano,LALIGA,26.87878787878788
Óscar Valentín,31,Rayo Vallecano,LALIGA,26.87878787878788
Sergio Lozano,26,Rayo Vallecano,LALIGA,26.87878787878788
Samu Becerra,19,Rayo Vallecano,LALIGA,26.87878787878788
Diego Méndez,22,Rayo Vallecano,LALIGA,26.87878787878788
Marco Román,19,Rayo Vallecano,LALIGA,26.87878787878788
Alemão,27,Rayo Vallecano,LALIGA,26.87878787878788
Sergio Camello,25,Rayo Vallecano,LALIGA,26.87878787878788
Ilias Akhomach,21,Rayo Vallecano,LALIGA,26.87878787878788
Carlos Martín,23,Rayo Vallecano,LALIGA,26.87878787878788
Jorge de Frutos,29,Rayo Vallecano,LALIGA,26.87878787878788
Daniel Cárdenas,28,Rayo Vallecano,LALIGA,26.87878787878788
Augusto Batalla,29,Rayo Vallecano,LALIGA,26.87878787878788
Juanpe,24,Rayo Vallecano,LALIGA,26.87878787878788
Adrián Molina,20,Rayo Vallecano,LALIGA,26.87878787878788
Giuseppe Pezzella,28,Cremonese,Serie A,26.966666666666665
Tommaso Barbieri,23,Cremonese,Serie A,26.966666666666665
Sebastiano Luperto,29,Cremonese,Serie A,26.966666666666665
Federico Baschirotto,29,Cremonese,Serie A,26.966666666666665
Matteo Bianchetti,32,Cremonese,Serie A,26.966666666666665
Romano Floriani,23,Cremonese,Serie A,26.966666666666665
Federico Ceccherini,33,Cremonese,Serie A,26.966666666666665
Filippo Terracciano,23,Cremonese,Serie A,26.966666666666665
Davide Pavesi,18,Cremonese,Serie A,26.966666666666665
Mikayil Faye,21,Cremonese,Serie A,26.966666666666665
Francesco Folino,24,Cremonese,Serie A,26.966666666666665
Morten Thorsby,29,Cremonese,Serie A,26.966666666666665
Michele Collocolo,26,Cremonese,Serie A,26.966666666666665
Jari Vandeputte,30,Cremonese,Serie A,26.966666666666665
Youssef Maleh,27,Cremonese,Serie A,26.966666666666665
Martín Payero,27,Cremonese,Serie A,26.966666666666665
Alberto Grassi,30,Cremonese,Serie A,26.966666666666665
Warren Bondo,22,Cremonese,Serie A,26.966666666666665
Alessio Zerbin,27,Cremonese,Serie A,26.966666666666665
Milan Djuric,35,Cremonese,Serie A,26.966666666666665
Jamie Vardy,39,Cremonese,Serie A,26.966666666666665
Faris Moumbagna,25,Cremonese,Serie A,26.966666666666665
David Okereke,28,Cremonese,Serie A,26.966666666666665
Adrian Lickunas,19,Cremonese,Serie A,26.966666666666665
Federico Bonazzoli,28,Cremonese,Serie A,26.966666666666665
Antonio Sanabria,30,Cremonese,Serie A,26.966666666666665
Emil Audero,29,Cremonese,Serie A,26.966666666666665
Adrián Malovec,18,Cremonese,Serie A,26.966666666666665
Marco Silvestri,35,Cremonese,Serie A,26.966666666666665
Lapo Nava,22,Cremonese,Serie A,26.966666666666665
