name_league,played,goals_against,avg_league_goals
LALIGA,25.4,33.7,1.3267716535433072
Premier League,27.7,38.55,1.391696750902527
Serie A,26.4,31.95,1.2102272727272727
Bundesliga,23.555555555555557,37.44444444444444,1.5896226415094339
