name_league,played,points,mean_league_pts_match
Serie A,26.4,35.95,1.3617424242424245
LALIGA,25.4,34.9,1.374015748031496
Bundesliga,23.555555555555557,32.5,1.3797169811320753
Premier League,27.7,37.85,1.3664259927797835
