name_league,played,goals_against,avg_league_goals
Premier League,26.0,36.1,1.3884615384615384
LALIGA,23.7,31.3,1.3206751054852321
Bundesliga,21.88888888888889,34.888888888888886,1.5939086294416243
Serie A,24.8,30.25,1.219758064516129
