name_league,played,points,mean_league_pts_match
LALIGA,23.0,31.55,1.3717391304347826
Serie A,24.1,32.75,1.358921161825726
Bundesliga,21.555555555555557,29.833333333333332,1.3840206185567008
Premier League,26.0,35.55,1.3673076923076921
