name_league,wins,draws,played,win_rate,draw_rate
LALIGA,190,64.0,508,0.37401574803149606,0.12598425196850394
Bundesliga,161,51.0,424,0.37971698113207547,0.12028301886792453
Premier League,203,74.0,554,0.3664259927797834,0.13357400722021662
Serie A,191,73.0,528,0.36174242424242425,0.13825757575757575
