name_league,wins,draws,played,win_rate,draw_rate
Bundesliga,149,45.0,388,0.38402061855670105,0.11597938144329897
Serie A,173,68.0,482,0.35892116182572614,0.14107883817427386
Premier League,191,69.0,520,0.36730769230769234,0.1326923076923077
LALIGA,171,59.0,460,0.3717391304347826,0.1282608695652174
