name_league,wins,draws,played,win_rate,draw_rate
Bundesliga,151,46.0,394,0.383248730964467,0.116751269035533
LALIGA,177,60.0,474,0.37341772151898733,0.12658227848101267
Premier League,191,69.0,520,0.36730769230769234,0.1326923076923077
Serie A,178,70.0,496,0.3588709677419355,0.14112903225806453
